fish_name,tank_volume_m3,fish_count,initial_weight_g,stocking_density_fish_m3,temperature,ph,dissolved_oxygen,ammonia,nitrite,alkalinity,feed_protein_percent,daily_feed_kg,culture_period_days,final_weight_g,final_biomass_kg,survival_rate_percent,fcr
Mrigal,66.4,7308,26.2,110.06,30.0,7.78,6.52,0.06,0.31,128.0,28.2,5.572,170,46.01,300.82,89.47,1.61
Pangasius,11.5,5985,11.5,520.43,27.2,8.03,6.26,0.4,0.85,116.5,32.0,1.845,109,18.85,89.97,79.74,1.69
Silver Carp,64.2,6344,58.1,98.82,29.9,8.09,4.97,1.13,0.48,175.7,30.3,5.824,166,92.56,442.2,75.31,1.91
Common Carp,15.4,2317,38.5,150.45,29.4,7.63,6.92,0.65,0.04,95.9,31.4,2.435,178,65.06,112.88,74.88,1.85
Rohu,78.0,9695,58.1,124.29,24.0,7.16,5.8,0.96,0.82,101.6,30.6,13.124,165,95.01,709.16,76.99,1.81
Pangasius,63.9,8283,22.9,129.62,28.5,7.35,4.61,0.55,0.08,160.9,29.7,4.23,155,45.92,329.78,86.7,1.43
Common Carp,36.0,7573,9.9,210.36,24.1,6.61,5.09,0.75,0.12,94.7,34.8,2.189,134,15.22,83.14,72.15,1.6
Silver Carp,6.3,3660,59.6,580.95,31.9,7.49,4.54,0.96,0.7,135.5,26.3,4.101,119,85.15,213.97,68.66,1.78
Common Carp,16.7,1244,69.2,74.49,31.7,6.54,3.8,1.19,0.4,87.3,30.5,2.298,138,102.76,81.29,63.59,1.75
Gulsha,92.9,3031,15.2,32.63,31.7,6.7,5.09,1.02,0.64,166.9,27.4,0.774,189,25.24,47.97,62.71,1.87
Mrigal,70.3,7437,71.4,105.79,28.3,7.03,5.73,1.03,0.69,91.0,32.6,8.868,108,94.43,474.26,67.53,1.92
Magur,69.9,5033,16.4,72.0,30.7,8.17,6.2,1.13,0.4,135.0,30.3,1.857,159,27.76,102.17,73.13,1.75
Mrigal,13.6,8439,29.7,620.51,24.1,8.13,3.77,0.48,0.23,119.3,25.3,7.269,167,50.21,315.47,74.45,1.92
Magur,93.3,401,27.6,4.3,29.0,8.47,4.33,0.49,0.28,141.5,34.7,0.187,189,55.37,19.04,85.75,1.56
Pabda,50.7,1310,51.6,25.84,29.3,7.97,5.43,0.95,0.11,94.9,27.7,1.649,109,76.31,83.7,83.73,1.57
Thai Koi,88.3,7528,6.3,85.25,25.8,6.74,5.56,0.65,0.32,131.7,34.2,0.811,185,12.7,76.71,80.21,1.48
Mrigal,57.1,564,57.1,9.88,28.7,7.51,6.3,0.96,0.89,102.9,34.4,0.889,114,78.79,34.06,76.65,1.83
Magur,16.1,5972,12.7,370.93,28.7,7.15,6.56,0.48,0.56,127.4,28.1,1.676,215,24.07,108.72,75.64,1.71
Koi,42.9,9350,7.6,217.95,30.3,8.2,6.63,0.14,0.64,173.9,30.5,2.047,197,14.71,106.03,77.08,1.68
Pangasius,20.2,2657,61.4,131.53,31.4,7.05,5.8,1.04,0.51,129.4,29.8,3.687,215,125.13,231.5,69.63,1.72
Pabda,7.6,3490,69.5,459.21,30.1,7.74,5.84,0.69,0.2,128.6,34.5,4.584,218,135.26,360.05,76.27,1.71
Common Carp,93.4,4846,39.9,51.88,25.0,7.0,7.15,0.33,0.19,177.0,33.9,4.292,210,84.58,378.62,92.38,1.6
Koi,93.2,1197,18.7,12.84,25.2,8.3,6.43,1.07,0.04,144.6,31.7,0.546,235,36.94,31.11,70.35,1.79
Rohu,61.2,1256,44.9,20.52,31.4,8.15,5.81,0.67,0.11,171.3,30.3,1.353,200,81.36,88.31,86.42,1.75
Shing,86.9,8826,55.9,101.57,27.3,8.08,6.51,1.07,0.41,89.9,26.3,9.769,207,111.16,730.81,74.49,1.75
Shing,38.0,6116,26.7,160.95,28.0,8.26,4.86,0.47,0.72,138.0,25.4,3.511,127,39.48,169.19,70.07,1.65
Silver Carp,93.3,5703,31.5,61.13,25.0,6.67,4.11,0.34,0.23,155.9,25.6,5.12,211,60.32,294.19,85.52,1.67
Common Carp,99.9,3269,29.6,32.72,26.6,6.64,6.13,0.33,1.0,129.8,27.5,2.187,91,42.72,112.87,80.82,1.64
Common Carp,24.0,1242,35.2,51.75,31.0,6.53,4.24,0.09,0.35,170.7,34.5,0.713,107,53.89,57.6,86.07,1.66
Shing,89.3,8433,58.2,94.43,27.0,6.88,4.02,0.66,0.64,73.2,29.7,12.466,212,109.19,693.76,75.34,1.66
Pangasius,75.6,5717,39.6,75.62,25.1,8.37,7.46,0.38,0.53,133.6,34.5,4.392,123,67.58,313.45,81.13,1.43
Catla,8.3,5471,25.0,659.16,29.1,7.66,7.46,0.35,0.61,114.4,33.3,3.433,95,35.07,142.18,74.11,1.77
Common Carp,23.3,5902,47.7,253.3,30.2,8.29,4.86,0.49,0.73,114.4,27.7,4.448,205,88.4,366.4,70.23,1.81
Pabda,22.0,5127,78.1,233.05,26.7,7.55,4.38,1.15,0.53,175.6,32.7,9.61,120,112.52,346.12,60,1.62
Catla,37.7,6809,41.6,180.61,31.2,7.89,6.28,0.41,0.24,126.8,25.6,6.175,123,63.37,351.85,81.55,1.83
Mrigal,34.1,9528,74.7,279.41,31.2,7.39,4.69,1.05,0.77,70.3,31.4,20.854,129,101.88,584.25,60.19,1.72
Magur,72.0,2818,35.8,39.14,26.9,8.43,6.42,0.11,0.2,141.7,28.9,1.977,195,71.94,171.44,84.57,1.44
Tilapia,55.6,9285,68.5,167.0,27.5,7.78,4.47,0.9,0.48,149.6,29.1,13.356,143,128.43,938.84,78.73,1.36
Rohu,76.5,1519,78.0,19.86,31.4,6.95,6.42,0.48,0.98,71.6,33.3,2.69,224,147.58,193.15,86.16,1.71
Common Carp,88.9,5433,48.6,61.11,24.5,7.71,6.89,1.09,0.37,150.1,25.3,5.809,147,75.4,307.72,75.12,1.89
Koi,94.9,2571,45.9,27.09,31.4,6.98,6.29,0.37,0.79,144.9,30.7,3.233,212,99.89,212.79,82.86,1.41
Tilapia,74.5,2225,27.0,29.87,26.9,7.37,5.0,0.08,0.03,143.1,29.4,0.991,179,58.29,123.45,95.18,1.48
Koi,87.3,7441,32.4,85.23,24.4,6.71,4.37,0.34,0.18,137.7,33.2,4.002,106,51.18,333.84,87.67,1.63
Shing,13.4,1162,10.4,86.72,29.2,8.5,7.2,0.35,0.78,133.6,25.5,0.282,114,15.62,14.68,80.91,1.5
Tilapia,31.1,5357,55.5,172.25,26.1,8.49,7.27,0.33,0.83,159.3,31.1,8.563,199,114.37,445.24,72.67,1.47
Gulsha,52.1,9609,65.9,184.43,24.5,8.09,6.66,1.07,0.27,86.7,33.1,10.575,191,113.93,716.87,65.48,1.83
Catla,69.0,5699,68.8,82.59,32.0,7.21,6.84,0.53,0.64,176.7,34.9,8.587,96,97.71,428.18,76.89,1.88
Pabda,8.9,2018,63.8,226.74,24.9,8.2,3.73,0.54,0.91,95.9,27.0,2.511,115,88.92,107.67,60,1.86
Thai Koi,7.8,6667,51.9,854.74,25.0,8.04,4.99,0.51,0.17,129.4,25.4,7.059,98,77.9,394.08,75.88,1.61
Magur,43.0,8114,53.8,188.7,29.7,7.65,5.49,0.52,0.19,164.7,31.2,11.481,232,112.47,698.59,76.55,1.56
Tilapia,81.8,5841,15.1,71.41,27.9,8.48,4.8,1.02,0.85,177.5,25.7,2.337,222,30.57,117.5,65.8,1.44
Gulsha,14.2,2132,12.6,150.14,30.6,8.19,5.36,0.45,0.45,178.2,34.9,0.768,202,24.06,41.58,81.04,1.61
Magur,35.0,6698,38.9,191.37,24.3,7.97,4.59,0.31,0.71,81.3,30.1,5.602,145,62.76,316.18,75.22,1.84
Rohu,23.9,7585,28.9,317.36,24.8,7.64,7.39,0.83,0.27,160.8,31.8,4.559,137,42.55,246.18,76.27,1.71
Pangasius,67.4,952,22.3,14.12,26.7,8.05,4.56,0.25,0.49,102.6,30.1,0.58,149,44.05,38.56,91.95,1.55
Rohu,23.0,5972,10.6,259.65,25.5,7.01,4.08,1.01,0.22,157.3,30.2,1.5,170,17.3,72.1,69.8,1.74
Pangasius,17.1,1543,63.7,90.23,24.5,6.91,5.35,0.37,0.39,74.4,33.0,2.29,217,161.31,230.08,92.44,1.5
Rohu,82.3,598,68.7,7.27,27.4,6.86,7.09,0.79,0.95,166.9,25.6,0.785,114,100.53,47.39,78.82,1.92
Catla,30.8,1117,14.5,36.27,27.4,7.86,7.2,0.1,0.95,98.6,29.9,0.385,195,25.34,23.35,82.48,1.56
Common Carp,91.1,6154,11.5,67.55,24.2,8.22,6.51,0.64,0.32,126.4,25.1,1.267,130,17.81,88.37,80.65,1.66
Mrigal,90.3,8197,61.0,90.78,27.9,7.44,6.18,0.1,0.06,78.5,32.0,7.5,171,111.75,819.44,89.46,1.77
Catla,34.6,1128,37.5,32.6,27.0,7.16,4.27,0.17,0.67,154.4,29.2,1.083,238,76.41,69.68,80.84,1.64
Rohu,39.6,4089,65.0,103.26,31.7,7.29,5.77,1.11,0.8,154.2,29.2,5.794,102,83.72,229.41,67.01,1.84
Silver Carp,88.9,9750,38.0,109.67,31.4,6.95,5.01,0.34,0.72,129.5,30.4,10.078,165,66.56,526.87,81.18,1.83
Thai Koi,73.9,7049,66.6,95.39,29.0,7.67,4.44,1.02,0.1,179.3,32.9,9.061,100,101.8,554.43,77.26,1.74
Pabda,14.6,6552,52.6,448.77,25.5,6.59,6.64,0.27,0.66,157.8,30.9,6.927,183,90.71,416.34,70.05,1.61
Pangasius,78.3,8838,16.5,112.87,31.4,6.8,4.66,1.11,0.57,101.8,25.1,3.966,138,27.32,168.76,69.9,1.72
Rohu,93.1,646,48.4,6.94,25.3,8.36,5.33,1.14,0.72,122.1,25.1,0.782,135,70.93,29.76,64.95,1.87
Rohu,38.3,8418,53.1,219.79,28.8,7.25,4.29,0.36,0.82,111.4,28.0,11.935,155,86.74,562.51,77.04,1.81
Thai Koi,51.9,2928,38.2,56.42,24.4,8.1,6.18,0.26,0.97,94.1,32.6,1.879,149,71.43,178.9,85.54,1.64
Common Carp,41.8,7604,51.8,181.91,24.4,8.24,4.14,0.59,0.16,144.6,32.2,6.066,150,79.52,444.74,73.55,1.71
Catla,7.3,2179,65.7,298.49,29.2,6.52,6.29,0.45,0.38,146.2,32.2,2.233,93,88.26,154.4,80.28,1.84
Gulsha,81.3,9422,27.7,115.89,24.4,7.42,4.2,0.24,0.45,145.2,32.4,4.802,236,59.54,505.17,90.05,1.67
Rohu,78.5,7698,62.0,98.06,25.0,8.18,3.9,0.49,0.81,171.8,32.1,12.266,208,116.9,684.89,76.11,1.82
Pabda,24.8,1593,66.6,64.23,27.4,6.79,6.17,0.66,0.43,109.3,27.7,2.122,93,95.79,116.87,76.59,1.49
Catla,69.0,8310,21.3,120.43,25.3,6.91,7.09,0.83,0.62,162.9,29.4,2.921,104,29.44,181.85,74.33,1.76
Gulsha,14.0,3400,60.1,242.86,29.9,7.86,4.55,0.65,0.94,177.8,34.9,5.66,103,86.3,197.59,67.34,1.67
Gulsha,42.7,3602,41.2,84.36,31.1,8.18,5.31,0.2,0.9,102.3,34.0,2.434,200,80.13,237.87,82.41,1.63
Common Carp,18.1,7696,37.3,425.19,30.2,6.62,5.32,1.19,0.78,102.6,27.3,7.55,196,60.67,280.15,60,1.75
Pabda,92.4,1232,53.3,13.33,32.0,8.26,3.7,0.65,0.84,112.0,26.1,1.583,131,80.66,62.11,62.5,1.74
Common Carp,66.1,5711,65.8,86.4,26.2,8.09,4.27,0.73,0.11,158.3,29.5,6.013,162,112.88,528.31,81.95,1.73
Pangasius,24.8,4623,74.5,186.41,30.1,8.22,5.96,0.44,0.43,136.7,26.7,5.821,211,160.7,613.59,82.59,1.37
Rohu,40.0,9661,16.9,241.53,30.9,7.81,4.89,0.46,0.73,170.2,34.6,4.882,206,28.88,217.48,77.95,1.66
Pabda,62.8,2877,78.6,45.81,26.4,7.56,4.76,0.96,0.48,133.6,25.9,6.219,141,129.45,314.63,84.48,1.53
Thai Koi,26.4,7246,49.8,274.47,27.8,6.72,4.35,0.05,0.3,131.8,34.8,7.145,191,100.52,590.59,81.08,1.54
Pangasius,17.3,7690,7.1,444.51,25.2,7.66,6.06,1.09,0.99,146.0,25.6,0.879,140,11.03,51.33,60.54,1.49
Pangasius,70.5,8937,78.0,126.77,29.5,7.83,5.85,0.99,0.43,75.8,34.6,16.312,187,170.64,1326.02,86.95,1.54
Tilapia,92.4,1372,29.6,14.85,27.9,7.82,3.83,1.1,0.35,168.6,25.1,0.914,209,60.17,58.91,71.37,1.58
Thai Koi,43.7,3584,23.2,82.01,29.2,7.85,5.09,0.56,0.71,104.8,30.6,1.696,94,33.65,93.29,77.36,1.55
Thai Koi,84.3,4281,68.7,50.78,29.4,7.64,4.81,0.7,0.8,84.4,32.3,6.059,206,134.18,450.7,78.46,1.64
Tilapia,74.8,7078,7.2,94.63,26.0,6.81,6.47,0.8,0.39,149.4,28.0,1.325,175,15.36,95.16,87.5,1.31
Gulsha,81.9,5373,24.1,65.6,25.0,8.22,7.11,0.29,0.2,102.7,29.0,3.406,218,48.91,228.47,86.94,1.72
Pangasius,74.7,5844,60.7,78.23,24.8,7.61,6.3,0.14,0.25,132.0,30.4,8.975,166,127.36,698.09,93.79,1.33
Pabda,6.7,9583,27.0,1430.3,26.2,6.82,5.36,0.59,0.96,134.2,26.5,5.485,113,37.74,250.05,69.13,1.84
Catla,34.3,7412,21.8,216.09,26.3,8.46,4.93,0.66,0.94,173.5,32.7,2.925,102,29.33,138.77,63.84,1.82
Pangasius,46.3,8106,68.5,175.08,24.5,7.64,4.86,0.59,0.49,107.5,29.9,8.829,168,136.93,878.33,79.13,1.52
Pabda,12.7,2953,64.9,232.52,24.9,8.0,4.68,0.23,0.97,99.8,29.5,4.293,190,120.19,265.38,74.77,1.89
Mrigal,23.2,8121,50.9,350.04,26.6,7.8,6.06,0.24,0.64,168.5,32.9,9.053,116,73.93,461.25,76.83,1.73
Catla,79.2,1547,51.4,19.53,26.8,7.91,4.77,1.07,0.4,137.2,26.0,1.431,179,83.4,94.34,73.12,1.86
Shing,54.9,5520,49.7,100.55,26.8,8.45,4.99,0.97,0.27,137.1,27.6,5.432,195,90.98,397.01,79.05,1.45
Magur,6.4,9334,71.1,1458.44,25.9,7.53,5.99,0.74,0.74,110.2,30.2,15.994,122,108.52,713.49,70.44,1.83
Pabda,72.8,4986,52.4,68.49,28.1,8.37,6.8,0.85,0.7,157.8,32.9,7.76,138,81.04,288.48,71.39,1.65
Mrigal,94.1,7853,41.4,83.45,29.8,7.55,6.11,0.08,0.22,117.2,31.6,9.136,227,81.85,593.18,92.28,1.55
Pabda,84.4,5210,69.0,61.73,27.8,6.91,5.95,0.81,0.66,93.3,34.8,7.226,197,121.43,480.54,75.96,1.86
Pangasius,99.3,3013,78.1,30.34,28.7,7.15,4.26,1.01,0.98,145.9,29.1,6.871,234,168.43,344.52,67.89,1.65
Mrigal,19.7,9227,77.6,468.38,25.5,7.02,6.74,0.41,0.85,98.4,26.5,17.757,154,124.97,888.57,77.06,1.71
Gulsha,33.1,7479,43.2,225.95,30.0,7.1,4.57,0.5,0.2,94.0,34.7,7.463,111,63.69,394.7,82.86,1.65
Tilapia,32.0,7301,12.8,228.16,24.3,8.39,7.33,1.12,0.94,172.9,32.2,2.607,104,17.94,78.59,60,1.59
Koi,38.0,3744,20.2,98.53,27.1,8.37,5.81,1.12,0.78,170.2,31.6,2.239,208,38.48,93.34,64.78,1.67
Silver Carp,26.8,7380,51.3,275.37,30.1,7.67,7.36,0.89,0.33,138.0,26.8,11.055,129,77.7,426.68,74.41,1.79
Catla,72.3,8811,10.0,121.87,24.5,6.99,5.43,0.13,0.83,104.6,26.6,2.449,233,20.22,148.31,83.24,1.81
Mrigal,14.6,2173,39.5,148.84,27.3,6.63,4.47,1.04,0.2,84.2,30.5,1.974,131,56.26,87.28,71.39,1.92
Magur,28.1,8888,13.8,316.3,25.1,6.52,4.96,0.27,0.49,83.4,25.0,3.226,204,27.45,190.93,78.27,1.46
Pabda,74.4,9681,50.2,130.12,28.0,8.44,3.88,1.11,0.8,173.2,33.2,10.206,138,71.33,414.32,60,1.84
Common Carp,43.3,6043,48.2,139.56,31.5,8.12,7.0,1.16,0.12,147.7,34.6,4.427,162,78.85,351.7,73.81,1.66
Silver Carp,38.5,5593,77.1,145.27,25.0,7.23,6.4,0.43,0.58,169.2,27.8,9.616,161,128.41,582.44,81.1,1.78
Thai Koi,38.5,1142,5.3,29.66,27.4,8.34,5.7,0.22,0.42,121.8,27.9,0.099,180,10.48,10.37,86.6,1.46
Tilapia,55.4,2715,32.1,49.01,30.0,8.36,7.15,0.96,0.32,91.1,34.4,2.501,200,69.16,155.39,82.76,1.38
Thai Koi,97.8,8447,74.9,86.37,29.9,7.51,4.52,0.98,0.29,90.0,26.7,9.933,129,130.56,916.65,83.12,1.48
Rohu,66.7,5365,68.5,80.43,28.3,7.09,7.47,0.44,0.13,106.3,28.9,8.306,95,95.77,478.25,93.08,1.53
Mrigal,15.5,5939,41.2,383.16,30.5,7.93,5.02,1.15,0.75,132.3,33.3,7.023,123,53.93,192.17,60,1.72
Thai Koi,85.5,7591,31.9,88.78,29.6,7.18,7.48,0.51,0.74,125.0,29.5,6.562,146,52.48,300.64,75.47,1.51
Tilapia,32.1,9141,8.7,284.77,26.8,7.54,6.44,0.38,0.47,165.4,31.3,1.925,234,21.77,170.51,85.69,1.32
Gulsha,89.9,1482,20.6,16.48,30.1,8.41,6.53,0.96,0.49,113.2,32.9,0.751,150,35.1,39.82,76.56,1.47
Catla,6.3,6797,5.6,1078.89,25.9,7.84,6.0,0.74,0.54,84.2,30.5,1.108,193,9.41,43.53,68.04,1.74
Common Carp,32.8,1304,53.5,39.76,25.0,7.58,4.43,0.43,0.57,106.3,26.3,1.235,114,82.53,88.42,82.16,1.63
Mrigal,88.2,7211,70.3,81.76,30.6,7.78,7.29,0.5,0.63,175.0,32.3,14.448,144,112.31,662.62,81.82,1.55
Shing,7.1,664,53.2,93.52,27.3,7.2,5.5,0.48,0.73,103.4,31.1,0.579,127,86.0,47.94,83.96,1.68
Pangasius,43.0,1990,48.0,46.28,25.6,7.27,4.37,0.75,0.48,88.4,26.0,2.789,232,121.07,204.91,85.05,1.36
Thai Koi,66.9,9109,67.7,136.16,30.5,7.47,3.9,0.85,0.5,78.6,33.1,11.1,219,144.7,1012.67,76.83,1.68
Tilapia,74.2,7800,28.8,105.12,27.2,7.29,7.1,1.19,0.27,153.4,27.4,6.223,135,51.23,314.31,78.66,1.61
Mrigal,6.8,9610,40.4,1413.24,32.0,6.63,3.87,0.92,0.56,146.9,30.9,10.327,117,53.18,306.66,60,1.95
Thai Koi,59.0,2298,26.2,38.95,24.9,7.23,4.39,0.19,0.05,129.7,31.8,1.565,190,56.73,120.43,92.38,1.57
Catla,56.5,7560,53.3,133.81,28.0,8.16,6.49,0.36,0.92,127.5,30.9,7.656,230,101.0,642.4,84.13,1.59
Common Carp,27.8,2045,19.7,73.56,28.5,8.2,4.13,1.11,0.24,170.9,28.8,1.064,211,34.91,53.81,75.39,1.65
Common Carp,62.8,6512,69.8,103.69,27.8,7.28,5.11,0.33,0.89,156.9,34.4,10.045,211,137.14,764.07,85.56,1.67
Tilapia,23.4,1039,10.0,44.4,26.4,6.66,4.92,0.82,0.51,120.0,27.3,0.205,219,21.25,15.99,72.4,1.41
Catla,28.8,4070,50.1,141.32,27.4,8.27,5.6,0.84,0.4,112.9,30.5,3.446,234,95.39,297.05,76.51,1.74
Thai Koi,31.3,3068,77.1,98.02,24.7,6.94,3.58,0.69,0.44,76.5,30.8,4.187,160,134.11,318.54,77.42,1.73
Gulsha,38.8,7512,39.8,193.61,29.5,6.66,4.73,0.49,0.76,91.6,34.9,7.175,178,70.7,368.73,69.43,1.75
Pabda,30.2,1324,9.0,43.84,31.3,7.67,4.43,0.07,0.62,106.8,31.8,0.301,219,17.65,19.27,82.44,1.55
Pangasius,73.7,3943,64.3,53.5,31.7,7.48,5.16,0.53,0.19,122.4,29.7,6.744,236,155.96,529.58,86.12,1.41
Magur,56.5,7416,42.1,131.26,30.6,8.48,4.96,0.82,0.87,170.2,32.8,4.683,92,56.44,302.47,72.26,1.7
Silver Carp,19.2,6374,40.9,331.98,29.4,7.76,6.99,0.48,0.69,175.5,26.1,5.24,125,59.43,284.34,75.06,1.89
Catla,43.0,5704,21.5,132.65,25.6,6.72,5.59,0.89,0.43,87.8,33.4,2.772,206,38.57,168.4,76.54,1.76
Shing,34.4,7699,65.6,223.81,25.0,7.11,5.1,0.37,0.1,102.8,28.1,9.849,176,127.45,813.91,82.95,1.44
Mrigal,78.2,7761,15.8,99.25,26.1,8.17,4.78,0.46,0.73,113.5,26.6,2.906,183,28.3,187.42,85.33,1.58
Silver Carp,55.9,9794,57.2,175.21,26.1,6.83,4.91,0.79,0.62,155.1,27.0,11.148,237,103.69,707.02,69.62,1.83
Common Carp,75.8,3312,20.2,43.69,26.4,7.19,6.9,0.52,0.41,166.8,25.8,1.96,120,32.13,87.35,82.07,1.6
Rohu,76.9,2813,69.1,36.58,24.4,8.46,5.73,0.09,0.86,168.9,27.0,4.548,209,127.83,293.16,81.53,1.58
Catla,12.9,2169,10.5,168.14,29.1,7.73,3.52,0.1,0.31,84.7,34.8,0.572,96,14.8,24.5,76.32,1.8
Koi,92.7,999,40.6,10.78,29.7,6.97,5.68,0.64,0.14,84.4,25.8,1.002,156,72.35,61.99,85.77,1.58
Thai Koi,29.0,1433,54.3,49.41,27.1,6.93,4.71,0.72,0.57,123.5,32.9,1.657,202,113.34,125.34,77.17,1.59
Catla,47.2,6536,69.8,138.47,29.5,7.31,7.42,0.78,0.86,123.9,29.6,7.254,138,103.89,518.38,76.34,1.93
Thai Koi,41.4,6302,30.9,152.22,27.2,7.0,7.38,0.69,0.51,112.8,29.8,4.089,122,46.18,197.83,67.97,1.58
Rohu,51.6,9877,41.6,191.41,29.7,8.37,5.82,0.97,0.72,75.5,25.2,10.067,111,57.36,369.01,65.13,1.93
Rohu,83.4,4935,41.7,59.17,25.9,7.23,5.75,0.7,0.42,114.1,33.2,5.742,173,70.32,296.42,85.42,1.78
Rohu,82.7,8439,40.7,102.04,29.8,8.35,6.8,0.79,0.19,148.1,30.3,8.724,160,69.53,477.94,81.45,1.61
Catla,37.5,3434,25.0,91.57,25.6,7.15,7.36,1.15,0.16,104.7,33.1,1.811,120,35.11,88.01,72.99,1.95
Pabda,58.0,8848,66.7,152.55,26.7,6.67,6.23,0.55,0.17,126.9,26.1,11.98,126,102.99,651.66,71.51,1.62
Mrigal,27.1,2953,15.2,108.97,28.3,6.61,7.04,0.71,0.61,129.7,33.8,0.916,145,22.9,48.96,72.39,1.95
Silver Carp,70.4,7388,30.3,104.94,30.8,8.48,4.71,0.94,0.32,165.4,34.0,6.313,175,52.52,297.17,76.58,1.68
Pangasius,18.0,888,62.8,49.33,30.9,6.72,4.38,0.27,0.42,133.4,33.2,1.021,226,151.16,121.17,90.27,1.46
Thai Koi,61.8,8803,40.2,142.44,27.0,6.72,3.86,0.96,0.87,166.1,27.2,8.953,212,76.78,446.23,66.02,1.7
Tilapia,12.7,9185,26.6,723.23,26.7,6.54,4.13,0.9,0.13,164.4,30.8,4.74,170,50.87,355.36,76.06,1.47
Pangasius,50.3,4286,16.7,85.21,31.0,6.75,4.63,0.55,0.99,76.0,32.5,2.04,200,35.46,112.36,73.94,1.75
Common Carp,59.1,3913,79.4,66.21,24.6,8.31,3.87,0.56,0.35,165.6,31.2,7.705,221,147.82,419.76,72.57,1.66
Catla,85.0,8421,38.9,99.07,25.9,7.13,4.26,1.17,0.39,179.5,25.7,5.995,141,60.88,377.39,73.61,1.76
Silver Carp,5.7,5863,63.2,1028.6,31.4,7.02,4.94,0.49,0.45,131.5,31.9,8.819,224,124.37,610.32,83.7,1.62
Thai Koi,18.8,7828,65.4,416.38,24.5,8.12,4.85,0.2,0.41,110.7,29.7,8.447,151,117.81,777.31,84.29,1.39
Common Carp,90.2,7617,71.5,84.45,26.0,7.74,7.02,0.73,0.21,101.8,30.0,15.14,209,140.8,918.9,85.68,1.66
Tilapia,80.1,4671,45.5,58.31,24.5,7.88,6.93,1.14,0.7,156.0,28.0,6.142,171,85.85,281.59,70.22,1.48
Magur,88.0,2110,33.2,23.98,28.0,6.54,5.14,0.59,0.37,136.4,33.3,1.793,181,64.1,107.97,79.83,1.42
Rohu,7.5,5118,78.0,682.4,25.5,8.19,6.74,1.14,0.41,158.7,29.2,6.188,162,121.34,431.98,69.56,1.88
Pangasius,13.4,1052,38.4,78.51,30.3,8.15,7.14,0.12,0.99,144.6,33.1,1.119,180,81.44,74.04,86.42,1.32
Gulsha,22.6,6338,72.1,280.44,25.8,7.72,3.96,1.13,0.08,117.7,29.8,11.927,138,103.47,393.46,60,1.82
Thai Koi,93.3,3913,45.5,41.94,30.7,7.37,4.94,0.59,0.83,174.6,32.1,5.217,131,71.64,215.3,76.8,1.52
Tilapia,27.9,2544,10.2,91.18,25.4,8.2,4.49,1.06,0.33,136.8,29.6,0.597,195,21.84,42.95,77.3,1.38
Catla,69.9,5538,37.8,79.23,29.3,8.36,5.93,0.77,0.4,70.8,26.4,5.694,224,69.06,297.5,77.79,1.56
Shing,37.5,7840,21.4,209.07,26.3,7.47,6.4,0.9,0.34,103.1,26.6,4.933,236,46.55,281.91,77.24,1.61
Catla,25.5,7250,61.1,284.31,31.3,6.69,6.89,0.46,0.57,131.5,25.5,12.448,195,103.41,519.76,69.33,1.88
Pabda,12.9,1580,73.1,122.48,29.1,7.74,6.32,0.05,0.59,150.9,27.6,1.975,135,120.75,161.0,84.39,1.62
Thai Koi,64.3,5296,15.7,82.36,26.6,7.68,7.13,0.21,0.31,147.3,27.6,1.946,238,37.38,180.98,91.41,1.36
Pangasius,26.5,2149,55.2,81.09,29.8,8.44,5.76,1.03,0.93,72.9,32.1,3.476,125,88.94,123.32,64.52,1.49
Thai Koi,66.9,765,29.0,11.43,26.0,7.3,4.58,0.96,0.28,78.9,32.7,0.437,102,44.16,29.02,85.91,1.48
Shing,45.9,2669,17.0,58.15,26.5,7.89,6.37,0.35,0.92,91.5,25.0,1.329,199,34.3,76.96,84.07,1.56
Pangasius,89.8,8425,77.8,93.82,25.0,6.58,4.51,0.87,0.12,161.6,28.2,11.733,188,157.75,1093.43,82.27,1.35
Koi,63.2,605,76.0,9.57,31.0,6.93,6.96,0.32,0.07,141.3,31.6,1.058,217,169.28,93.99,91.78,1.44
Catla,13.7,2713,25.3,198.03,27.9,7.26,6.7,1.08,0.95,154.5,26.8,1.332,233,41.62,67.75,60,1.79
Rohu,92.9,8896,19.1,95.76,29.0,7.26,5.4,0.62,0.52,148.4,25.6,3.415,165,32.39,221.43,76.85,1.89
Pangasius,79.9,4302,72.5,53.84,24.3,6.75,7.3,0.14,0.38,148.3,29.9,5.801,230,179.53,678.28,87.82,1.53
Silver Carp,96.9,3895,38.3,40.2,28.8,6.63,6.04,0.59,0.74,81.6,34.6,2.73,90,53.07,144.42,69.87,1.76
Thai Koi,81.1,8590,31.5,105.92,26.5,8.29,7.14,0.37,0.41,126.6,29.4,4.059,102,50.88,377.95,86.47,1.45
Silver Carp,67.8,3835,19.1,56.56,27.9,7.69,5.37,0.66,0.31,153.5,29.4,1.194,105,27.25,86.68,82.93,1.59
Silver Carp,57.2,1222,33.8,21.36,28.4,8.18,4.79,1.12,0.6,75.2,29.3,0.884,165,54.51,44.17,66.31,1.75
Pangasius,46.0,3590,16.1,78.04,26.2,7.76,4.72,0.65,0.96,106.4,33.0,1.641,115,26.47,74.03,77.91,1.6
Tilapia,62.9,562,71.5,8.93,30.8,7.71,5.45,0.39,0.48,131.0,32.6,0.796,183,169.76,90.63,94.99,1.36
Koi,74.7,6267,12.2,83.9,25.3,6.74,5.18,0.98,0.85,79.5,32.9,1.499,149,19.92,91.2,73.06,1.58
Catla,96.1,1428,32.3,14.86,29.8,7.61,4.68,1.15,0.48,122.7,30.1,1.361,206,59.31,63.36,74.81,1.81
Tilapia,69.9,499,24.8,7.14,31.8,6.8,7.35,0.06,0.22,85.5,28.2,0.328,174,54.87,26.22,95.78,1.27
Catla,34.6,6162,17.2,178.09,27.0,8.19,5.28,0.78,0.29,175.6,32.7,3.074,151,26.3,123.84,76.41,1.94
Silver Carp,86.6,927,38.7,10.7,29.8,8.38,3.96,1.09,0.81,152.3,34.5,0.707,121,50.03,27.83,60,1.8
Catla,73.9,2069,6.2,28.0,26.1,8.13,5.45,0.89,0.61,174.6,26.7,0.377,137,9.28,14.81,77.11,1.73
Gulsha,47.8,2651,12.8,55.46,30.8,6.85,4.61,0.13,0.03,98.2,26.9,0.543,233,27.02,64.29,89.75,1.6
Common Carp,93.6,5898,37.7,63.01,31.5,7.55,5.03,1.13,0.3,119.2,31.9,5.114,91,53.78,242.39,76.41,1.7
Silver Carp,24.9,6970,30.2,279.92,24.6,6.73,4.09,0.66,0.71,150.0,28.8,4.505,209,49.32,224.47,65.3,1.77
Thai Koi,27.8,9724,51.3,349.78,29.0,8.25,7.01,0.14,0.79,146.4,34.0,14.566,143,84.43,601.35,73.25,1.54
Shing,85.4,2990,44.4,35.01,29.7,7.71,4.25,0.8,0.06,153.1,29.1,2.721,109,66.12,163.83,82.87,1.68
Rohu,61.4,8940,54.8,145.6,26.6,7.37,5.47,0.76,0.8,167.1,33.7,10.876,150,83.42,561.65,75.31,1.89
Thai Koi,75.0,2603,68.0,34.71,25.6,7.55,5.16,0.59,0.35,104.8,33.8,3.08,240,157.45,340.21,83.01,1.62
Pabda,39.4,1259,43.3,31.95,26.1,7.75,3.55,0.17,0.51,135.1,34.0,0.916,144,67.06,62.66,74.22,1.81
Pangasius,57.2,5259,66.5,91.94,25.2,7.52,3.77,0.63,0.77,117.7,27.6,5.77,108,106.39,388.96,69.52,1.47
Catla,94.2,413,60.6,4.38,25.7,6.71,5.02,1.14,0.63,92.0,25.8,0.623,144,90.23,23.68,63.56,1.86
Gulsha,71.6,2868,35.8,40.06,25.7,7.26,4.51,0.42,0.78,160.1,31.5,1.92,148,60.83,140.99,80.81,1.51
Gulsha,40.5,2743,24.2,67.73,29.2,7.88,5.82,0.26,0.43,176.5,27.9,1.102,177,46.76,115.57,90.11,1.51
Shing,55.4,5334,6.9,96.28,25.3,7.37,4.01,1.11,0.88,126.0,32.3,0.891,126,10.57,37.26,66.08,1.59
Gulsha,15.9,6734,49.9,423.52,29.3,7.63,3.82,0.63,0.51,89.3,26.2,5.544,111,68.94,290.19,62.51,1.8
Rohu,34.6,6309,40.8,182.34,30.5,8.32,5.11,0.83,0.42,115.3,33.4,4.041,137,58.54,263.35,71.31,1.94
Tilapia,66.6,3427,45.3,51.46,30.6,6.8,7.45,0.45,0.5,137.2,26.4,2.717,113,78.38,247.25,92.05,1.42
Mrigal,27.0,8148,40.6,301.78,30.4,6.61,3.93,1.11,0.49,117.8,28.6,5.227,186,62.64,306.23,60,1.69
Thai Koi,86.6,861,70.1,9.94,28.5,8.35,6.91,0.29,0.79,156.1,28.2,0.917,93,108.14,75.46,81.05,1.51
Rohu,51.7,9019,71.6,174.45,25.7,7.9,6.86,1.05,0.16,140.5,27.1,12.269,209,126.15,761.59,66.94,1.93
Pangasius,71.7,7661,8.3,106.85,31.3,7.86,4.99,0.18,0.98,113.3,29.9,1.723,177,16.81,112.09,87.05,1.46
Pabda,72.4,5671,38.0,78.33,24.8,7.12,5.9,0.36,0.48,179.8,27.3,4.159,143,62.89,317.59,89.05,1.58
Koi,43.3,4579,16.7,105.75,28.7,7.98,5.34,1.09,0.91,153.7,33.8,2.065,124,24.9,75.91,66.59,1.56
Pabda,92.2,8588,61.0,93.15,26.4,8.16,6.44,0.22,0.76,106.6,28.2,11.263,145,100.47,698.62,80.97,1.7
Koi,28.1,6741,20.7,239.89,30.5,7.45,5.8,1.09,0.3,178.6,30.6,3.07,96,30.13,136.56,67.24,1.62
Catla,25.9,1285,74.0,49.61,25.6,6.75,5.5,0.76,0.91,159.1,32.0,2.663,99,96.61,85.94,69.23,1.99
Shing,16.2,8890,71.9,548.77,29.5,7.48,6.92,0.24,0.3,93.3,32.3,10.738,134,120.51,892.54,83.31,1.47
Pangasius,37.7,5724,13.4,151.83,31.4,8.11,6.24,1.01,0.12,106.7,34.3,1.365,214,28.51,110.86,67.93,1.54
Catla,89.5,6624,57.4,74.01,27.4,7.09,7.04,0.27,0.53,177.9,29.2,6.996,206,106.08,576.19,82.0,1.83
Magur,52.1,4269,5.1,81.94,27.6,7.47,4.28,0.81,0.99,144.5,25.9,0.636,136,7.86,25.62,76.37,1.61
Thai Koi,22.9,1208,6.4,52.75,27.7,7.58,6.99,0.17,0.83,155.3,34.2,0.199,205,13.56,13.88,84.73,1.37
Common Carp,50.1,6104,76.3,121.84,29.6,7.24,6.85,0.4,0.11,91.3,32.8,12.389,96,111.0,615.23,90.8,1.73
Mrigal,34.6,6850,70.3,197.98,24.6,6.72,7.0,0.27,0.77,72.5,28.3,9.101,157,111.48,539.49,70.65,1.93
Silver Carp,47.6,8736,31.6,183.53,24.0,7.69,6.61,0.7,0.18,102.9,26.9,4.417,103,43.29,280.89,74.27,1.71
Thai Koi,42.8,7723,34.1,180.44,31.0,8.04,4.3,0.81,0.77,150.8,33.3,4.108,182,61.61,336.09,70.63,1.74
Gulsha,32.9,9357,31.7,284.41,29.2,7.77,7.34,0.56,0.63,147.3,35.0,7.267,184,52.9,341.56,69.01,1.73
Thai Koi,58.4,3252,74.6,55.68,25.5,7.49,4.91,1.06,0.11,116.5,27.5,6.113,195,148.8,358.22,74.03,1.79
Shing,60.8,595,29.0,9.79,29.0,7.05,3.82,0.08,0.17,76.6,25.8,0.366,209,58.79,29.47,84.25,1.52
Koi,9.5,2765,51.1,291.05,27.5,8.04,6.0,0.58,0.74,128.2,33.5,2.798,126,81.72,157.1,69.53,1.77
Tilapia,80.7,2984,31.7,36.98,31.6,6.96,6.66,0.34,0.33,82.8,25.5,2.355,192,77.73,215.34,92.84,1.25
Magur,54.4,9400,73.5,172.79,28.5,7.33,3.73,0.29,0.21,171.6,34.0,19.069,117,114.32,808.3,75.22,1.7
Thai Koi,64.4,2495,73.7,38.74,27.3,8.35,5.1,0.35,0.27,122.1,25.6,2.905,154,136.87,292.11,85.54,1.38
Pangasius,44.1,8687,79.0,196.98,30.3,7.76,4.81,1.13,0.55,142.3,29.9,17.706,110,115.13,602.56,60.25,1.74
Catla,54.3,8221,57.7,151.4,26.3,8.1,7.34,0.5,0.06,103.9,29.1,12.333,171,96.72,667.69,83.97,1.68
Mrigal,70.1,7374,25.9,105.19,26.9,7.13,4.82,0.29,0.9,107.0,25.9,5.386,90,37.41,231.58,83.95,1.57
Mrigal,71.3,9045,25.0,126.86,24.1,6.69,6.93,0.5,0.97,71.7,27.9,4.387,180,41.35,303.36,81.1,1.78
Common Carp,68.2,4136,60.2,60.65,29.4,8.22,5.43,0.37,0.68,150.3,33.3,6.499,139,92.74,299.75,78.15,1.62
Common Carp,27.4,7344,33.4,268.03,25.2,7.06,4.25,0.57,0.7,71.8,32.7,5.396,222,60.9,303.81,67.93,1.6
Shing,12.2,5492,12.4,450.16,31.8,7.2,5.47,0.59,0.73,128.1,25.9,1.818,98,17.14,66.12,70.23,1.83
Rohu,75.5,2830,29.1,37.48,28.4,7.09,4.23,0.2,0.51,96.1,31.9,1.96,152,46.84,114.83,86.62,1.66
Silver Carp,73.9,7816,24.4,105.76,31.6,7.84,3.59,0.11,0.81,119.1,32.6,3.986,133,37.89,220.19,74.35,1.79
Gulsha,90.8,7740,18.1,85.24,26.4,6.59,6.99,0.05,0.67,115.2,27.8,2.171,138,30.12,178.02,76.35,1.6
Silver Carp,26.4,1895,69.9,71.78,31.2,6.72,7.17,0.35,0.08,89.6,30.0,3.894,107,99.6,163.63,86.7,1.85
Gulsha,78.8,9855,45.8,125.06,27.3,7.3,6.7,0.51,0.87,121.9,29.5,11.555,95,66.38,505.88,77.33,1.75
Catla,92.0,7557,21.7,82.14,26.2,7.37,6.38,0.9,0.89,152.5,28.2,4.608,143,34.99,199.78,75.55,1.9
Mrigal,71.6,9730,77.8,135.89,27.3,7.76,3.91,0.96,0.99,94.4,25.8,20.666,100,104.59,694.42,68.24,1.88
Magur,88.1,5992,18.2,68.01,27.1,8.46,6.53,0.54,0.88,94.2,26.2,2.923,181,33.62,146.82,72.88,1.7
Magur,11.6,1313,67.0,113.19,25.9,6.89,5.37,0.56,0.88,161.5,29.2,2.322,109,96.92,98.66,77.53,1.82
Gulsha,23.8,2504,78.2,105.21,31.6,7.84,7.39,0.94,0.18,162.4,31.0,3.583,121,123.67,254.9,82.31,1.48
Gulsha,45.4,7244,9.7,159.56,24.2,7.26,6.41,0.54,0.23,108.0,32.3,1.483,235,19.49,108.15,76.62,1.8
Thai Koi,31.5,8903,21.1,282.63,31.2,7.64,5.94,0.6,0.2,120.4,32.0,4.415,215,41.77,291.51,78.39,1.58
Catla,10.4,3885,51.2,373.56,24.1,7.32,7.17,1.16,0.37,162.5,28.2,4.416,194,82.6,209.6,65.32,1.71
Catla,18.7,8006,34.3,428.13,29.1,6.84,7.24,0.88,0.77,85.1,33.5,7.167,214,57.17,311.99,68.16,1.97
Gulsha,49.4,3754,15.4,75.99,31.0,6.61,5.57,0.28,0.77,147.4,28.4,1.098,123,23.57,70.73,79.94,1.69
Tilapia,53.4,9603,37.5,179.83,28.2,7.99,6.79,0.99,0.09,146.9,28.9,10.515,175,74.79,581.0,80.9,1.37
Magur,64.9,5431,46.9,83.68,29.2,6.71,4.19,0.34,0.11,152.9,33.1,6.775,144,80.59,375.85,85.87,1.66
Tilapia,19.5,9107,74.1,467.03,24.3,7.65,3.78,0.33,0.99,78.1,26.9,19.3,97,118.32,759.24,70.46,1.55
Magur,94.9,7786,17.6,82.04,25.1,7.67,7.2,0.73,0.83,137.0,30.1,3.645,237,36.62,221.46,77.68,1.82
Shing,29.5,6469,16.7,219.29,31.8,8.38,4.38,0.07,0.36,78.6,25.2,2.787,213,32.39,165.77,79.11,1.62
Koi,51.2,4961,79.1,96.89,27.1,8.14,3.65,0.46,0.67,131.5,32.9,10.242,139,135.37,521.0,77.58,1.69
Thai Koi,78.8,4197,74.1,53.26,25.6,7.69,4.54,0.41,0.88,125.6,34.2,4.789,206,160.08,572.01,85.14,1.6
Silver Carp,98.9,2652,49.9,26.81,27.7,7.15,6.79,0.97,0.9,169.5,34.7,2.17,183,85.23,169.63,75.05,1.89
Pabda,88.5,3738,25.2,42.24,28.9,7.17,4.25,1.06,0.48,162.9,32.8,1.724,226,47.82,130.73,73.13,1.65
Silver Carp,79.6,3088,39.3,38.79,30.4,6.94,6.12,0.77,0.89,114.7,29.8,3.568,100,51.87,118.42,73.93,1.73
Thai Koi,33.7,8564,32.5,254.12,27.8,7.48,4.17,0.12,0.03,116.1,31.0,6.151,145,60.22,446.29,86.54,1.58
Pangasius,73.5,8401,46.0,114.3,31.6,7.28,4.34,1.16,0.13,129.2,27.8,11.284,153,88.11,563.8,76.17,1.59
Mrigal,35.0,1317,72.2,37.63,24.1,6.81,6.4,1.16,0.82,108.8,33.5,2.624,203,123.74,110.69,67.92,1.69
Mrigal,19.2,5294,15.7,275.73,27.1,7.8,4.37,0.27,0.03,162.5,28.8,2.302,201,28.05,125.42,84.46,1.73
Rohu,86.1,8432,57.4,97.93,30.5,6.78,7.36,1.0,0.26,128.8,34.1,10.164,167,91.8,626.2,80.9,1.68
Gulsha,10.2,8833,27.4,865.98,25.1,7.46,6.47,1.01,0.51,120.2,26.6,4.477,138,38.08,205.2,61.0,1.83
Rohu,13.7,3358,10.2,245.11,25.1,6.64,7.48,1.09,0.32,124.1,27.9,0.637,240,18.55,39.28,63.05,1.76
Thai Koi,27.3,5819,73.7,213.15,28.9,6.81,5.53,0.82,0.64,90.0,25.1,10.979,163,123.66,513.05,71.3,1.59
Common Carp,87.6,926,27.9,10.57,31.6,7.51,6.36,1.16,0.33,146.8,32.0,0.39,140,42.07,28.92,74.24,1.64
Common Carp,72.0,442,38.6,6.14,27.7,8.24,7.48,0.56,0.94,116.7,25.9,0.324,228,71.82,22.68,71.44,1.75
Shing,5.1,6292,47.3,1233.73,31.5,7.69,4.45,0.41,0.12,89.4,30.7,7.024,227,98.19,518.63,83.95,1.67
Pangasius,15.8,9810,43.1,620.89,24.9,6.76,3.55,0.11,0.09,90.4,33.1,9.302,111,68.3,499.61,74.57,1.68
Pabda,48.7,6424,21.2,131.91,27.0,7.66,6.48,0.63,0.62,108.5,28.8,3.323,159,35.07,173.63,77.06,1.77
Mrigal,55.3,2789,55.9,50.43,30.3,6.6,4.41,0.47,0.3,89.0,29.2,4.49,155,91.47,215.96,84.65,1.61
Pabda,46.8,5521,52.5,117.97,29.9,7.11,6.4,0.21,0.5,80.4,27.8,8.406,185,104.2,526.14,91.46,1.65
Mrigal,66.5,6831,40.0,102.72,24.8,6.8,4.68,1.15,0.12,80.8,27.2,7.459,190,68.84,349.57,74.34,1.92
Common Carp,75.6,9480,52.5,125.4,24.5,8.27,7.35,0.25,0.55,171.4,25.0,9.954,107,73.24,560.48,80.72,1.66
Shing,5.3,7393,74.9,1394.91,25.5,7.34,5.44,0.19,0.14,161.6,33.8,16.446,125,118.15,731.21,83.71,1.7
Thai Koi,90.5,7642,55.0,84.44,30.1,7.77,6.79,0.55,0.75,71.0,25.5,12.147,169,97.93,569.08,76.04,1.77
Silver Carp,64.8,8874,78.0,136.94,24.8,8.09,6.43,0.67,0.7,173.0,28.7,16.82,201,144.31,983.38,76.79,1.84
Shing,29.0,9080,63.8,313.1,31.9,8.12,4.11,0.25,0.2,158.3,32.9,15.583,107,97.43,741.6,83.83,1.68
Rohu,80.0,9679,42.9,120.99,25.8,7.15,5.1,0.79,0.25,72.6,31.2,7.267,90,62.02,512.24,85.33,1.56
Magur,52.8,5164,34.9,97.8,27.9,8.11,7.27,0.4,0.8,95.0,26.9,3.064,158,62.75,273.25,84.32,1.56
Magur,98.3,7450,42.3,75.79,29.7,7.67,4.92,0.64,0.74,82.1,32.4,9.391,193,81.27,460.47,76.05,1.63
Catla,17.1,5275,38.9,308.48,30.0,6.97,6.13,1.15,0.54,121.9,33.9,3.222,126,54.0,174.74,61.35,1.79
Gulsha,46.6,4772,78.5,102.4,25.1,8.42,4.85,1.13,0.8,94.9,26.9,7.567,104,108.27,319.85,61.91,1.72
Catla,75.4,5544,41.1,73.53,26.6,6.88,3.94,0.81,0.18,161.9,31.5,6.152,104,57.56,239.38,75.02,1.93
Silver Carp,74.7,2515,38.5,33.67,26.2,8.32,5.36,1.01,0.63,95.0,32.6,2.488,116,52.26,83.52,63.55,1.94
Shing,37.9,4504,64.1,118.84,28.8,6.84,6.38,0.4,0.18,163.7,32.2,4.331,116,104.27,425.07,90.51,1.44
Gulsha,90.5,8299,71.8,91.7,28.2,7.8,3.64,0.21,0.17,72.7,29.4,15.612,179,125.03,860.6,82.94,1.58
Rohu,97.3,2064,16.8,21.21,29.9,8.0,6.99,0.38,0.41,177.0,34.9,0.773,135,27.58,51.83,91.07,1.65
Mrigal,28.2,9258,16.6,328.3,24.5,7.04,6.83,0.58,0.79,179.9,27.0,4.042,118,23.73,151.11,68.79,1.77
Catla,53.6,1514,63.7,28.25,26.8,6.96,5.85,0.13,0.33,71.1,33.3,1.717,232,126.7,175.02,91.24,1.62
Shing,16.5,9757,8.0,591.33,31.4,8.19,4.66,1.02,0.47,105.5,27.4,1.787,117,12.08,81.16,68.85,1.55
Magur,68.5,8943,6.6,130.55,30.0,7.63,5.51,0.93,0.19,162.8,33.1,1.428,159,11.24,82.2,81.79,1.58
Shing,18.9,9220,8.6,487.83,31.5,7.65,3.93,1.15,0.74,71.2,27.2,1.491,98,10.87,60.16,60,1.78
Magur,18.8,1585,40.2,84.31,26.5,7.18,4.68,0.07,0.85,71.1,29.6,1.223,107,63.42,82.72,82.29,1.54
Common Carp,20.0,4664,5.5,233.2,25.1,6.57,6.55,0.68,0.44,99.1,35.0,0.667,131,8.22,27.91,72.78,1.85
Thai Koi,7.8,8453,66.7,1083.72,26.6,7.9,6.92,0.53,0.87,179.0,28.5,14.377,161,111.11,658.09,70.07,1.55
Silver Carp,86.6,734,74.5,8.48,31.1,7.3,3.9,0.23,0.21,176.3,33.0,0.864,166,128.67,78.11,82.7,1.56
Catla,29.9,3941,10.1,131.81,27.9,8.36,3.52,0.89,0.04,158.6,27.7,1.162,239,19.22,54.7,72.23,1.86
Thai Koi,25.2,537,65.7,21.31,26.3,7.52,3.59,0.72,0.46,107.7,27.6,0.737,184,120.56,49.42,76.33,1.55
Gulsha,30.9,2731,29.0,88.38,29.1,6.75,6.06,0.79,0.33,84.3,34.1,1.576,117,43.85,93.53,78.11,1.65
Catla,8.9,8600,10.3,966.29,29.1,7.67,6.39,0.24,0.04,102.3,29.5,2.516,171,17.14,124.5,84.45,1.75
Magur,16.3,7428,66.6,455.71,24.1,8.28,4.56,0.21,0.31,96.6,32.6,7.767,181,125.14,741.74,79.8,1.52
Common Carp,16.4,9086,13.5,554.02,30.0,7.78,4.6,0.29,0.35,158.6,27.7,2.416,95,19.83,149.32,82.89,1.66
Silver Carp,76.4,6206,54.7,81.23,28.8,7.57,4.86,0.25,0.17,71.9,27.2,7.299,124,82.79,456.74,88.9,1.74
Thai Koi,95.5,3865,31.9,40.47,25.8,6.51,5.71,0.31,0.73,165.1,25.6,2.565,189,60.0,187.02,80.65,1.48
Gulsha,15.9,1123,15.9,70.63,25.1,6.95,3.97,0.68,0.88,177.9,25.4,0.477,141,25.2,19.16,67.7,1.82
Pabda,57.6,6529,45.1,113.35,30.6,6.68,4.4,0.37,0.11,114.0,33.7,6.095,177,81.61,460.61,86.45,1.66
Magur,38.7,2354,22.6,60.83,25.8,7.45,5.71,0.73,0.42,122.5,30.1,0.894,213,47.43,95.63,85.66,1.54
Common Carp,90.6,6736,69.0,74.35,27.2,8.29,5.9,0.77,0.84,133.5,26.4,12.363,184,113.19,541.35,71.0,1.7
Catla,15.5,3565,68.7,230.0,28.6,8.45,5.8,1.15,0.23,98.6,26.9,3.992,173,101.82,230.94,63.62,1.8
Pabda,64.2,1084,77.1,16.88,31.0,7.51,6.78,1.04,0.96,159.8,30.6,1.789,209,139.32,98.35,65.12,1.63
Mrigal,82.4,2212,16.3,26.84,30.0,6.83,6.51,0.12,0.27,101.0,28.2,0.754,225,33.71,67.56,90.62,1.59
Magur,75.1,4892,34.3,65.14,31.8,7.7,6.27,0.76,0.96,91.0,35.0,4.749,110,52.08,196.3,77.04,1.83
Tilapia,73.3,8749,68.4,119.36,24.6,8.48,6.73,0.06,0.33,120.4,26.1,17.055,177,147.62,1152.05,89.2,1.25
Pangasius,63.6,8013,13.1,125.99,26.0,7.77,6.06,0.69,0.21,160.1,27.2,1.858,99,21.22,147.2,86.56,1.58
Catla,62.0,6730,47.0,108.55,29.0,6.67,7.09,0.75,0.1,166.6,34.4,7.908,126,67.15,361.51,79.99,1.64
Magur,96.4,9405,77.5,97.56,27.0,8.38,3.63,0.6,0.45,149.3,28.9,16.91,215,145.97,980.65,71.43,1.64
Rohu,69.1,8645,37.3,125.11,31.6,7.45,6.27,0.55,0.95,169.1,26.8,5.869,184,65.89,450.91,79.16,1.86
Rohu,6.6,7798,34.2,1181.52,26.6,8.5,4.49,0.69,0.88,176.6,30.7,7.387,129,47.97,243.13,64.99,1.9
Mrigal,39.8,2972,72.6,74.67,31.1,7.66,4.62,0.49,0.03,158.6,34.6,6.063,99,101.95,272.1,89.8,1.62
Common Carp,43.2,8466,69.4,195.97,28.9,7.81,6.41,0.07,0.62,125.2,30.2,10.106,107,99.58,644.35,76.43,1.67
Magur,66.5,5801,39.7,87.23,31.4,7.89,6.05,1.11,0.94,114.8,26.1,3.961,148,65.53,255.41,67.19,1.57
Gulsha,79.2,4931,67.1,62.26,29.9,8.39,3.57,0.34,0.19,86.6,34.6,6.75,176,120.13,467.2,78.87,1.69
Tilapia,52.5,8224,79.2,156.65,29.2,7.9,3.54,0.12,0.08,101.8,25.3,9.966,162,161.76,1031.28,77.52,1.64
Pangasius,44.3,4518,60.8,101.99,29.1,7.3,6.83,0.27,0.1,109.5,31.5,6.455,157,120.58,509.8,93.58,1.51
Silver Carp,62.0,9315,23.5,150.24,25.2,6.62,5.03,1.16,0.3,163.3,28.4,4.225,152,33.16,193.43,62.62,1.96
Thai Koi,61.0,6622,33.3,108.56,29.1,8.36,7.02,1.07,0.93,89.7,32.5,6.108,92,44.58,188.91,63.99,1.73
Pangasius,97.6,542,78.7,5.55,29.0,7.28,3.84,0.2,0.1,151.4,27.9,0.798,179,167.74,79.08,86.98,1.36
Tilapia,80.5,622,56.5,7.73,27.5,8.36,6.18,0.18,0.67,105.0,28.0,0.752,133,99.31,49.32,79.84,1.44
Silver Carp,11.6,1661,47.5,143.19,27.0,6.63,4.76,0.84,0.64,169.1,31.0,2.264,111,67.86,81.15,72.0,1.8
Koi,9.4,9701,64.5,1032.02,29.0,8.03,3.69,0.61,0.52,146.0,33.2,16.644,132,94.34,584.18,63.83,1.62
Tilapia,29.7,6817,58.4,229.53,27.3,7.5,5.24,0.38,0.07,75.8,27.3,8.997,236,140.95,833.56,86.75,1.27
Pabda,97.3,9740,69.4,100.1,27.5,8.33,4.81,0.06,0.37,107.9,28.2,11.897,196,139.37,1146.26,84.44,1.55
Catla,47.3,7476,43.1,158.05,31.6,7.44,6.97,0.69,0.47,119.5,32.1,8.474,196,77.51,434.85,75.04,1.84
Common Carp,63.5,1951,22.3,30.72,24.7,7.95,7.35,0.47,0.92,99.9,29.3,1.192,164,40.3,67.02,85.25,1.56
Pabda,68.4,7277,18.4,106.39,29.1,7.65,4.84,0.84,0.87,115.4,34.6,2.731,209,34.28,190.48,76.37,1.81
Catla,41.7,5426,33.3,130.12,30.8,8.02,6.25,0.19,0.92,90.4,29.1,4.933,154,55.42,244.53,81.32,1.57
Gulsha,77.0,3587,75.3,46.58,26.2,7.17,3.97,1.19,0.5,172.7,26.4,6.455,114,109.95,261.45,66.29,1.64
Tilapia,59.8,3202,6.7,53.55,26.8,7.29,3.9,0.98,0.59,95.0,25.9,0.601,224,14.93,33.45,69.99,1.5
Shing,35.8,7352,53.7,205.36,28.8,6.83,3.93,0.39,0.67,107.5,26.0,9.791,186,98.99,509.66,70.03,1.62
Catla,67.8,8905,8.8,131.34,26.2,8.42,4.68,1.03,0.91,78.2,29.7,1.395,95,11.05,60.69,61.65,1.98
Magur,23.6,1400,34.8,59.32,29.9,7.91,4.07,0.92,0.09,164.1,32.8,0.799,205,67.61,80.08,84.61,1.68
Thai Koi,76.3,7251,29.5,95.03,31.5,6.73,4.51,0.41,0.22,90.4,30.0,4.791,103,48.42,311.83,88.81,1.37
Koi,15.0,6110,74.1,407.33,25.0,7.75,6.11,0.97,0.78,178.8,29.1,11.59,118,118.39,495.52,68.5,1.79
Koi,17.2,8787,58.2,510.87,25.4,6.59,4.45,0.5,0.51,79.6,26.3,12.734,221,119.47,753.75,71.8,1.59
Gulsha,97.0,9095,55.0,93.76,27.4,7.94,3.61,0.29,0.37,99.7,26.9,8.654,174,97.83,727.14,81.72,1.5
Gulsha,16.5,5277,76.6,319.82,29.3,8.32,4.0,0.82,0.41,119.0,33.9,8.772,223,137.3,508.92,70.24,1.76
Koi,87.8,2655,35.9,30.24,29.1,7.17,4.75,0.57,0.75,116.4,30.5,1.925,225,73.74,154.01,78.66,1.76
Rohu,19.0,8338,40.4,438.84,27.8,7.88,6.24,1.11,0.34,120.6,29.3,7.68,191,68.77,379.64,66.21,1.9
Gulsha,80.1,9795,9.0,122.28,24.7,7.06,3.64,1.06,0.74,152.4,32.2,2.504,207,14.72,87.86,60.92,1.73
Shing,10.8,9954,28.2,921.67,24.9,7.48,6.47,0.89,0.67,175.9,30.7,4.519,119,42.39,292.09,69.22,1.62
Silver Carp,53.4,5513,68.3,103.24,25.1,8.36,7.22,0.97,0.76,118.9,30.3,9.112,177,112.52,444.15,71.6,1.77
Thai Koi,65.5,7176,62.7,109.56,30.6,7.84,3.99,1.01,0.43,133.0,30.9,7.469,94,90.08,438.47,67.83,1.72
Tilapia,83.7,4881,29.8,58.32,28.5,7.4,4.13,1.2,0.17,158.7,33.0,4.131,92,45.86,170.98,76.38,1.36
Silver Carp,47.0,2683,62.1,57.09,31.3,7.53,6.36,0.95,0.46,151.9,26.0,4.749,123,95.53,216.87,84.61,1.73
Tilapia,56.9,2518,70.1,44.25,28.1,8.32,3.55,0.94,0.28,86.4,27.2,4.254,154,128.03,236.24,73.28,1.47
Pangasius,19.3,6487,23.1,336.11,30.0,6.77,6.8,0.9,0.81,146.5,29.2,3.162,211,46.91,200.02,65.73,1.54
Pabda,91.3,4630,20.9,50.71,26.5,8.06,6.42,0.54,0.98,135.9,27.8,2.516,197,39.3,137.18,75.39,1.73
Silver Carp,18.5,600,9.6,32.43,29.5,7.47,5.15,0.3,0.83,166.9,28.5,0.143,156,15.8,8.02,84.56,1.56
Silver Carp,21.5,1794,14.7,83.44,30.9,8.42,5.58,1.07,0.62,102.6,34.2,0.599,192,23.91,26.48,61.73,1.77
Silver Carp,22.0,1765,49.4,80.23,24.5,7.83,6.67,1.2,0.65,151.8,32.5,2.502,108,68.58,82.3,68.0,1.85
Shing,16.6,9584,8.3,577.35,26.8,7.26,7.09,1.08,0.76,141.4,27.5,2.307,93,11.34,65.19,60,1.62
Tilapia,80.8,1998,54.7,24.73,25.1,6.74,5.94,0.31,0.65,177.2,28.9,2.098,158,112.28,184.85,82.4,1.26
Thai Koi,81.9,6703,63.7,81.84,28.5,8.44,5.93,0.49,0.08,128.7,32.9,6.576,143,114.75,686.18,89.21,1.53
Shing,10.2,4098,61.0,401.76,24.0,6.58,6.57,0.59,0.21,88.0,33.9,3.9,97,84.85,249.77,71.83,1.84
Rohu,22.7,3162,47.4,139.3,27.1,7.99,6.64,0.92,0.99,144.2,25.1,2.788,187,77.61,193.92,79.02,1.92
Silver Carp,84.6,8496,60.1,100.43,24.5,7.26,4.42,0.58,0.87,132.2,25.7,10.621,169,101.49,662.62,76.85,1.79
Rohu,26.1,1068,48.7,40.92,29.4,7.38,6.39,0.33,0.33,110.1,30.1,0.967,233,104.53,100.98,90.45,1.56
Koi,14.5,870,48.0,60.0,31.8,7.09,6.9,0.74,0.18,129.5,29.8,0.844,170,90.78,66.23,83.85,1.65
Pabda,83.4,8273,14.3,99.2,29.9,6.54,7.43,0.34,0.43,137.4,31.5,3.49,219,29.82,208.49,84.52,1.67
Rohu,11.7,7739,16.2,661.45,31.3,7.99,5.75,0.97,0.94,125.1,26.6,3.51,111,22.26,120.27,69.81,1.65
Pangasius,65.1,8485,39.3,130.34,24.0,6.8,5.15,0.27,0.17,83.2,27.0,7.87,174,88.2,701.29,93.71,1.35
Tilapia,50.0,5869,42.2,117.38,29.9,7.88,7.49,0.75,0.96,138.6,33.3,5.597,163,83.13,393.42,80.64,1.35
Silver Carp,9.2,7797,53.6,847.5,28.8,8.34,6.58,0.15,0.1,104.5,34.7,10.239,112,80.72,495.68,78.76,1.77
Tilapia,16.3,1403,75.9,86.07,31.7,8.41,4.95,0.17,0.55,153.3,34.2,2.343,102,121.14,136.41,80.26,1.5
Koi,97.4,4053,14.4,41.61,26.4,7.23,4.03,0.33,0.99,105.0,25.2,0.981,151,26.51,90.54,84.26,1.64
Magur,14.9,3345,65.8,224.5,27.1,7.94,6.27,1.15,0.35,107.7,32.4,6.515,231,128.37,290.8,67.72,1.61
Magur,39.0,9559,72.5,245.1,27.9,7.28,5.65,0.69,0.97,78.2,25.7,13.791,133,116.35,788.85,70.93,1.74
Koi,23.6,3470,71.7,147.03,25.5,8.16,3.95,1.12,0.19,139.0,32.4,6.419,228,144.54,336.9,67.17,1.66
Common Carp,33.9,8051,15.2,237.49,26.3,7.59,6.19,0.41,0.2,146.7,31.4,1.848,108,22.8,150.81,82.17,1.68
Shing,67.0,2357,36.1,35.18,29.7,8.03,5.32,1.03,0.25,159.8,30.1,2.442,237,71.06,122.91,73.38,1.83
Mrigal,46.6,8497,28.9,182.34,28.3,6.65,5.01,0.27,0.68,105.2,28.1,6.63,232,53.23,316.65,70.01,1.77
Gulsha,24.2,8582,8.5,354.63,30.8,7.21,4.75,0.75,0.13,133.6,31.1,1.109,153,13.75,90.63,76.79,1.61
Silver Carp,50.3,1177,26.9,23.4,30.9,7.22,4.22,0.53,0.67,170.0,32.1,0.807,199,47.6,42.44,75.74,1.9
Silver Carp,48.8,9649,28.5,197.73,28.8,7.22,5.15,0.13,0.42,156.4,29.5,7.507,233,54.86,429.42,81.12,1.85
Koi,33.9,8177,74.2,241.21,30.4,7.7,6.05,0.34,0.06,94.4,28.6,15.896,101,119.34,826.53,84.7,1.35
Silver Carp,9.5,2530,61.3,266.32,25.2,6.96,7.0,0.95,0.24,111.2,32.1,2.807,111,83.38,156.64,74.25,1.86
Gulsha,58.3,980,21.9,16.81,29.5,7.23,6.25,1.14,0.45,78.0,33.7,0.498,175,37.09,27.18,74.78,1.66
Magur,72.6,1753,31.3,24.15,31.7,8.12,4.66,0.4,0.97,162.4,31.3,1.383,185,62.56,92.07,83.95,1.4
Pabda,53.5,7810,56.7,145.98,30.3,8.14,3.57,0.9,0.28,144.5,29.0,7.661,189,105.68,631.21,76.48,1.88
Silver Carp,50.5,5339,63.0,105.72,26.3,7.5,5.64,0.73,0.56,117.2,27.9,9.149,216,117.93,485.38,77.09,1.94
Silver Carp,72.4,9941,26.0,137.31,28.0,7.75,4.22,0.12,0.59,131.2,28.3,4.342,150,43.97,354.04,80.99,1.67
Tilapia,22.5,9429,14.5,419.07,29.0,7.98,6.57,0.75,0.17,149.1,31.3,2.406,120,25.05,188.36,79.74,1.58
Pabda,37.7,8060,57.8,213.79,27.7,8.26,5.84,1.08,0.13,164.9,27.8,11.181,110,83.48,407.83,60.61,1.83
Mrigal,56.8,1344,33.1,23.66,28.9,8.34,3.79,0.69,0.64,100.5,31.9,0.707,118,43.89,37.94,64.32,1.87
Pabda,70.0,4594,34.2,65.63,31.8,8.33,6.06,1.04,0.59,81.0,34.7,2.891,117,47.33,138.95,63.9,1.82
Magur,29.6,1766,57.7,59.66,28.4,7.22,4.2,1.13,0.55,163.6,34.7,2.018,141,88.23,103.78,66.6,1.59
Pangasius,96.4,7095,22.6,73.6,29.5,7.78,3.86,0.34,0.64,106.6,31.2,2.71,178,44.09,245.65,78.53,1.53
Common Carp,60.9,9016,16.3,148.05,30.7,6.65,6.1,0.59,0.65,127.4,28.9,2.381,143,26.22,165.77,70.12,1.68
Shing,94.3,5615,47.6,59.54,28.9,6.8,6.34,0.38,0.03,83.9,34.4,4.624,116,75.49,379.81,89.6,1.63
Mrigal,98.4,512,53.7,5.2,31.2,7.31,6.32,0.09,0.84,173.6,26.0,0.646,171,88.08,38.45,85.26,1.52
Pabda,90.4,898,14.0,9.93,30.3,8.11,7.02,0.65,0.23,170.5,30.3,0.348,219,28.5,20.86,81.52,1.52
Catla,41.1,3157,62.9,76.81,28.6,7.75,5.43,0.44,0.48,162.3,31.3,5.322,149,101.2,285.81,89.46,1.74
Koi,13.8,5707,66.7,413.55,27.1,8.37,4.9,1.01,0.54,137.1,27.6,9.25,95,85.77,293.68,60,1.62
Mrigal,38.9,9754,20.8,250.75,30.0,8.26,5.97,0.26,0.72,167.2,30.5,4.321,195,35.66,256.65,73.78,1.89
Thai Koi,8.0,989,30.3,123.62,31.4,6.51,4.89,1.06,0.69,114.2,31.8,0.719,202,53.89,34.72,65.14,1.53
Rohu,88.7,6838,35.7,77.09,25.9,6.98,4.89,0.35,0.23,130.9,32.7,6.054,178,66.12,410.09,90.7,1.76
Magur,80.7,5408,5.3,67.01,28.3,6.65,4.65,0.95,0.87,96.4,25.2,0.834,213,9.88,37.64,70.46,1.57
Shing,85.4,3273,77.0,38.33,28.8,7.11,5.26,0.38,0.78,135.6,29.0,6.301,236,168.9,453.57,82.05,1.62
Gulsha,92.9,3068,46.2,33.02,25.7,7.6,6.81,0.48,0.69,126.8,27.6,3.6,93,67.61,169.1,81.52,1.74
Pabda,59.1,4589,70.7,77.65,28.4,7.91,5.59,0.08,0.65,149.2,33.1,9.084,180,126.91,489.63,84.07,1.61
Tilapia,51.7,4387,40.6,84.85,26.0,7.02,4.59,0.91,0.15,73.7,30.6,4.043,145,78.49,298.57,86.71,1.26
Thai Koi,64.9,7647,68.5,117.83,25.9,7.3,3.57,0.15,0.21,177.2,32.4,12.572,215,150.19,989.92,86.19,1.44
Catla,17.5,5553,17.2,317.31,31.6,6.98,4.26,0.12,0.33,168.8,31.8,1.757,168,28.74,129.17,80.94,1.74
Silver Carp,9.3,9430,41.6,1013.98,25.3,7.81,7.05,1.05,0.32,110.4,25.1,6.473,197,69.46,424.54,64.81,1.96
Gulsha,30.0,521,54.0,17.37,25.1,6.94,6.31,1.16,0.88,173.9,29.1,0.639,127,75.8,26.01,65.86,1.7
Catla,78.2,8198,27.8,104.83,27.2,8.23,6.19,1.04,0.35,74.0,34.5,4.672,197,45.15,254.39,68.73,1.73
Mrigal,97.3,7098,38.3,72.95,31.2,6.95,5.35,0.55,0.23,93.7,26.4,7.095,217,69.9,416.41,83.93,1.68
Mrigal,69.7,6352,27.4,91.13,26.9,6.87,5.27,0.05,0.88,132.3,33.8,3.916,176,45.92,240.99,82.62,1.65
Koi,27.1,1532,79.6,56.53,24.7,7.88,4.4,0.36,0.78,84.6,29.7,2.866,139,137.87,179.62,85.04,1.39
Shing,8.6,4921,71.6,572.21,27.5,7.12,6.04,0.27,0.55,96.2,25.9,10.288,145,117.53,431.81,74.66,1.8
Thai Koi,79.8,1900,59.9,23.81,29.5,7.83,3.86,0.76,0.43,90.0,26.6,1.741,220,122.73,181.21,77.71,1.67
Shing,27.5,2088,9.6,75.93,26.0,6.52,4.14,0.72,0.94,150.1,33.4,0.305,229,18.7,28.46,72.88,1.73
Pangasius,69.5,9912,25.2,142.62,30.3,7.63,3.93,0.24,0.56,93.1,32.0,6.819,93,39.24,305.51,78.54,1.71
Magur,72.2,3390,70.1,46.95,26.1,7.16,6.91,0.69,0.38,165.2,32.5,5.109,91,105.25,299.82,84.03,1.55
Thai Koi,20.7,9424,19.0,455.27,25.1,8.15,6.98,1.19,0.83,175.1,30.4,3.527,142,30.59,172.98,60,1.56
Thai Koi,21.7,1977,68.7,91.11,27.6,7.71,6.78,1.11,0.44,78.3,31.1,2.227,212,132.0,199.74,76.54,1.7
Common Carp,81.6,3961,64.5,48.54,30.0,7.86,6.66,1.11,0.65,94.3,26.0,6.362,141,93.44,250.45,67.67,1.78
Rohu,32.3,5775,22.8,178.79,24.6,6.8,5.21,0.22,0.13,149.4,30.8,3.41,210,44.79,219.58,84.88,1.67
Mrigal,34.4,961,38.7,27.94,30.4,7.23,4.96,0.77,0.1,104.9,33.0,0.867,203,74.34,58.98,82.56,1.63
Tilapia,48.3,8380,77.2,173.5,31.8,8.11,4.76,0.68,0.9,167.6,32.9,14.75,117,126.33,747.6,70.62,1.39
Catla,33.8,1948,18.4,57.63,25.9,8.22,4.81,0.6,0.26,124.9,25.7,0.545,190,31.95,48.8,78.41,1.64
Magur,32.1,5654,27.5,176.14,25.0,8.29,3.52,0.56,0.28,79.0,25.2,3.996,131,39.66,142.48,63.54,1.81
Catla,22.6,9552,22.3,422.65,30.3,7.75,3.6,0.76,0.83,84.2,31.0,4.388,231,37.36,224.85,63.01,1.72
Pabda,40.7,9718,9.8,238.77,30.3,8.28,4.79,1.07,0.24,93.3,29.3,2.695,163,15.72,93.49,61.18,1.73
Pabda,34.5,5908,66.4,171.25,25.0,6.99,4.99,0.62,0.33,92.5,33.1,9.062,122,103.24,467.5,76.65,1.74
Shing,18.2,3202,52.5,175.93,30.7,8.12,5.43,0.27,0.63,144.6,33.2,3.648,215,100.12,240.92,75.15,1.59
Koi,97.5,8055,44.6,82.62,30.4,6.72,4.58,0.26,0.08,177.2,30.9,9.628,154,81.92,564.57,85.56,1.65
Magur,30.7,6543,22.1,213.13,25.3,7.94,5.45,1.18,0.56,79.4,32.7,2.588,207,37.88,153.63,61.99,1.76
Mrigal,68.0,9106,77.8,133.91,25.4,7.76,6.37,0.6,0.05,135.8,30.0,11.335,197,143.57,1068.6,81.74,1.77
Silver Carp,63.2,3310,61.1,52.37,29.0,6.71,6.69,1.12,0.37,136.2,32.6,5.784,178,102.86,241.5,70.93,1.73
Silver Carp,6.3,2932,64.4,465.4,30.2,8.07,4.24,0.84,0.14,149.6,31.8,5.457,204,116.82,255.96,74.73,1.71
Silver Carp,80.5,4725,36.0,58.7,25.0,7.79,3.62,0.17,0.68,70.8,25.7,4.78,178,61.4,223.85,77.16,1.71
Catla,34.6,669,31.1,19.34,27.4,7.38,5.89,0.15,0.57,116.7,33.4,0.589,128,46.83,25.88,82.6,1.62
Pabda,61.8,9080,7.7,146.93,29.8,7.37,6.51,1.13,1.0,103.1,29.3,1.133,234,14.63,90.41,68.08,1.63
Shing,41.1,2847,6.3,69.27,26.7,6.64,5.66,0.86,0.87,87.7,34.7,0.314,140,10.23,21.45,73.68,1.58
Shing,51.4,4893,77.0,95.19,29.0,7.37,3.9,0.81,0.47,144.4,28.8,9.494,212,156.42,595.83,77.85,1.71
Gulsha,89.6,1378,58.8,15.38,31.5,8.04,6.49,0.46,0.42,150.4,31.7,1.556,188,114.3,141.72,89.98,1.72
Catla,39.3,3319,36.9,84.45,28.7,7.97,6.3,0.2,0.24,162.1,27.9,3.025,192,69.86,205.68,88.71,1.6
Thai Koi,14.2,5160,15.5,363.38,30.4,8.48,4.59,0.6,0.79,122.8,33.8,2.359,237,31.08,106.66,66.5,1.78
Pabda,13.7,8164,20.7,595.91,27.2,7.5,5.64,0.72,0.71,102.0,30.7,2.839,125,31.91,173.51,66.61,1.69
Thai Koi,99.9,9133,73.4,91.42,25.5,7.93,6.96,1.13,0.36,154.5,28.1,15.083,184,140.62,961.57,74.87,1.59
Common Carp,57.3,8258,34.2,144.12,25.1,8.17,7.16,0.84,0.07,159.8,27.8,7.964,103,50.96,358.24,85.13,1.69
Shing,66.3,6290,11.8,94.87,30.0,6.73,7.5,0.46,0.58,171.2,26.7,1.804,232,25.0,122.45,77.88,1.47
Koi,27.0,3993,69.5,147.89,24.4,6.6,5.65,0.48,0.19,106.3,32.1,4.468,187,144.49,500.98,86.83,1.36
Tilapia,10.8,4146,9.6,383.89,28.0,8.29,6.05,1.11,0.64,97.8,35.0,0.832,168,16.01,39.81,60,1.63
Catla,30.5,9747,15.5,319.57,27.1,7.43,4.97,0.67,0.86,87.7,28.8,4.276,113,21.0,142.11,69.44,1.75
Catla,41.5,2988,75.2,72.0,25.2,8.07,5.6,1.03,0.45,133.8,32.4,3.483,226,140.33,314.43,74.99,1.93
Shing,71.8,7653,64.1,106.59,25.8,7.42,7.06,0.52,0.04,99.6,33.6,12.215,201,133.31,852.5,83.56,1.7
Magur,70.0,8008,79.6,114.4,26.9,7.45,3.89,0.7,0.4,172.5,34.1,17.211,112,122.45,754.34,76.93,1.77
Tilapia,51.0,9388,44.0,184.08,27.0,6.61,4.82,0.35,0.82,140.1,28.5,11.607,174,90.14,619.12,73.16,1.6
Catla,60.9,465,9.7,7.64,24.4,7.7,5.49,0.18,0.27,93.8,31.5,0.128,193,18.46,7.78,90.62,1.72
Tilapia,80.3,3046,45.7,37.93,30.6,8.04,6.49,1.04,0.43,174.8,25.2,3.926,236,111.59,266.46,78.39,1.57
Tilapia,23.1,1951,35.9,84.46,25.3,7.23,7.29,0.45,0.05,100.7,26.4,1.268,198,87.63,162.11,94.82,1.26
Common Carp,43.5,4713,21.6,108.34,29.7,8.18,6.07,1.15,0.35,157.4,29.0,2.372,234,40.55,143.89,75.3,1.9
Tilapia,53.9,5416,9.2,100.48,31.0,7.07,5.55,0.18,0.11,103.5,32.9,0.822,133,17.6,89.07,93.45,1.22
Gulsha,25.7,7035,34.5,273.74,29.0,8.35,4.36,0.9,0.87,137.7,32.6,4.369,119,47.9,209.99,62.32,1.73
Pangasius,55.1,7362,10.5,133.61,30.5,8.25,7.45,1.19,0.75,82.2,28.7,2.219,224,21.53,101.74,64.18,1.68
Rohu,46.2,8281,33.4,179.24,28.1,6.55,4.99,0.1,0.52,115.4,26.4,6.638,152,51.94,307.48,71.49,1.94
Common Carp,70.7,8515,55.7,120.44,26.0,7.28,5.21,0.26,0.74,148.9,27.3,10.007,140,95.23,693.9,85.57,1.67
Pabda,96.5,4496,45.1,46.59,24.1,6.76,3.56,1.16,0.5,151.9,28.5,5.718,170,72.62,202.28,61.95,1.62
Catla,18.1,2659,75.1,146.91,25.7,6.71,5.83,0.88,1.0,163.5,27.4,4.094,120,111.39,209.77,70.82,1.78
Catla,16.7,2122,61.9,127.07,30.7,6.55,5.26,0.88,0.25,174.5,31.4,2.312,167,99.72,162.72,76.9,1.71
Catla,25.2,8915,22.9,353.77,28.6,7.69,6.99,0.28,0.99,127.9,27.5,5.43,232,43.66,295.45,75.91,1.71
Pabda,77.9,8920,51.0,114.51,26.0,7.51,5.89,0.06,0.75,78.7,25.1,9.235,118,81.28,607.41,83.78,1.68
Common Carp,49.8,4825,78.6,96.89,28.4,7.5,4.64,1.16,0.58,82.8,31.7,9.785,178,130.89,433.17,68.59,1.77
Thai Koi,21.6,1052,12.1,48.7,29.1,8.07,4.39,0.17,0.39,75.0,33.9,0.279,90,18.54,17.76,91.06,1.55
Common Carp,5.3,7809,28.7,1473.4,27.9,7.83,6.97,0.75,0.85,92.0,27.0,3.989,125,42.97,228.3,68.04,1.8
Koi,92.8,3445,73.8,37.12,24.1,8.42,4.32,0.64,0.6,145.7,32.4,7.322,182,130.0,323.21,72.17,1.6
Rohu,5.4,2357,10.3,436.48,30.8,6.94,5.71,0.95,0.78,158.5,32.8,0.597,228,18.78,31.33,70.79,1.8
Magur,61.5,5159,9.1,83.89,29.8,7.33,4.37,0.81,0.32,99.5,32.1,1.0,237,18.95,83.1,84.98,1.54
Rohu,41.9,5931,9.4,141.55,28.7,7.34,5.15,0.92,0.72,144.1,26.1,1.059,127,13.91,63.87,77.41,1.91
Magur,81.2,2032,58.7,25.02,24.5,7.6,6.96,0.41,0.54,84.3,27.1,2.338,210,119.65,201.89,83.04,1.64
Pabda,79.6,6847,54.4,86.02,26.1,7.59,4.73,0.74,0.63,129.7,31.1,7.859,158,91.59,477.53,76.15,1.89
Common Carp,88.8,2966,43.5,33.4,29.4,7.45,3.58,1.02,0.11,76.1,32.3,2.064,145,66.97,136.56,68.75,1.77
Pabda,6.8,1556,25.1,228.82,31.2,7.05,5.93,0.22,0.41,132.7,32.2,1.031,135,39.79,50.15,80.99,1.74
Tilapia,88.6,8991,40.3,101.48,26.9,8.43,3.74,0.39,0.18,103.0,33.7,9.529,236,94.06,694.68,82.14,1.31
Gulsha,15.7,4265,16.7,271.66,27.5,6.5,6.68,1.06,0.41,86.4,28.7,1.517,218,28.12,75.34,62.82,1.86
Koi,43.0,9166,29.5,213.16,26.2,7.56,5.72,0.17,0.82,95.0,34.9,8.085,133,51.11,360.23,76.89,1.65
Silver Carp,53.3,5020,8.4,94.18,25.8,7.21,4.5,0.95,0.69,140.9,29.0,0.767,180,14.56,55.19,75.49,1.97
Pangasius,91.4,837,15.1,9.16,29.6,7.08,5.72,0.41,0.72,103.5,27.7,0.196,140,28.77,20.39,84.69,1.49
Shing,6.8,9212,59.1,1354.71,28.4,7.43,4.29,0.25,0.45,113.4,34.5,8.221,233,129.13,999.19,84.0,1.47
Silver Carp,95.3,1729,54.2,18.14,31.0,8.16,6.15,1.14,0.57,161.7,27.2,2.221,150,78.5,88.08,64.89,1.82
Common Carp,49.0,8834,6.2,180.29,24.2,7.34,6.06,0.56,0.69,71.9,29.9,1.44,165,10.48,64.94,70.14,1.62
Pangasius,17.4,1463,69.5,84.08,26.2,7.15,4.3,1.14,0.23,169.2,25.7,2.867,239,159.5,176.06,75.45,1.57
Magur,12.9,4424,77.2,342.95,30.7,8.22,6.47,0.51,0.49,86.3,29.2,6.455,190,140.25,435.43,70.18,1.65
Magur,68.3,2629,7.3,38.49,30.6,7.46,3.55,0.94,0.37,135.5,30.3,0.443,192,14.11,27.9,75.18,1.68
Silver Carp,5.4,6415,14.1,1187.96,27.9,6.96,5.65,1.15,0.47,71.0,34.0,2.108,203,24.95,107.1,66.91,1.89
Mrigal,31.3,6474,75.0,206.84,24.8,6.95,6.45,0.1,0.53,77.1,25.3,12.382,124,106.37,539.36,78.32,1.79
Catla,85.3,5186,15.5,60.8,30.1,6.78,6.85,0.21,0.36,102.9,28.2,2.283,198,29.35,131.14,86.15,1.8
Tilapia,55.0,2217,48.0,40.31,28.3,8.18,6.36,0.95,0.23,179.4,33.7,2.277,226,120.24,229.3,86.02,1.2
Catla,77.1,3014,62.1,39.09,25.1,8.47,5.63,0.06,0.92,72.2,29.8,3.275,191,113.33,264.9,77.55,1.66
Tilapia,65.7,4730,59.4,71.99,24.1,7.45,6.27,0.17,0.26,150.0,34.0,7.249,149,118.8,532.18,94.71,1.24
Magur,41.9,7184,46.2,171.46,24.1,8.22,5.31,1.1,0.03,169.0,26.7,7.999,113,64.33,295.78,64.0,1.84
Pabda,66.5,6624,31.3,99.61,31.5,6.98,3.69,0.41,0.46,91.2,29.2,4.644,222,62.19,333.21,80.89,1.67
Gulsha,58.8,8087,45.6,137.53,28.0,7.56,4.94,0.44,0.94,153.1,34.7,10.657,186,81.82,543.19,82.09,1.61
Catla,71.8,8639,24.8,120.32,31.1,6.79,6.39,0.84,0.5,178.5,32.6,3.664,114,37.19,253.99,79.05,1.61
Common Carp,49.2,5970,30.0,121.34,29.5,8.19,6.64,0.56,0.69,152.7,27.5,3.886,218,58.96,269.6,76.59,1.89
Silver Carp,10.0,6818,27.6,681.8,24.4,7.61,6.92,1.08,0.49,85.9,33.9,2.917,187,44.34,199.76,66.08,1.73
Shing,7.9,2445,16.0,309.49,25.0,6.85,5.86,0.97,0.14,117.5,29.3,0.872,209,32.5,62.0,78.04,1.58
Magur,25.6,5603,39.8,218.87,27.3,7.96,6.52,0.92,0.54,166.0,33.6,4.884,235,79.95,308.37,68.84,1.6
Shing,49.3,2936,74.2,59.55,28.2,6.8,4.84,0.25,0.63,116.2,30.9,6.209,205,157.35,386.87,83.74,1.66
Mrigal,69.2,8672,9.1,125.32,28.3,7.3,4.78,0.07,0.11,101.0,32.0,1.523,203,18.02,142.28,91.03,1.79
Rohu,22.0,9168,20.8,416.73,26.5,7.97,6.05,0.13,0.97,131.3,31.1,3.413,198,35.78,258.79,78.9,1.88
Common Carp,70.7,8803,76.7,124.51,26.4,7.57,3.52,1.09,0.78,179.8,25.7,14.382,136,114.12,609.31,60.65,1.7
Magur,53.7,3721,76.4,69.29,31.6,6.83,4.74,1.12,0.91,114.6,29.9,4.662,203,139.67,345.83,66.54,1.75
Common Carp,66.3,1987,58.2,29.97,28.0,7.14,5.8,0.59,0.26,138.2,31.8,1.989,134,95.49,162.05,85.41,1.65
Pangasius,91.7,2346,9.0,25.58,28.0,7.05,5.21,0.43,0.28,96.7,26.8,0.388,192,20.48,45.26,94.21,1.56
Rohu,37.9,992,55.4,26.17,27.1,8.49,4.62,0.7,0.57,153.9,33.8,1.643,129,82.41,57.97,70.91,1.92
Rohu,90.8,9133,22.5,100.58,25.4,7.48,5.04,0.19,0.8,169.5,27.1,5.815,128,34.71,273.57,86.29,1.72
Thai Koi,13.9,6641,62.4,477.77,30.9,6.73,6.72,0.85,0.7,80.1,30.1,7.998,143,101.34,443.93,65.96,1.54
Common Carp,36.7,6582,18.8,179.35,27.7,7.98,6.16,0.94,0.81,80.7,33.7,2.772,155,28.89,131.75,69.29,1.87
Magur,63.5,7834,68.2,123.37,24.4,6.89,6.17,1.06,0.53,106.3,31.9,10.953,126,103.16,535.88,66.31,1.62
Thai Koi,18.6,3267,56.0,175.65,25.9,6.86,6.08,0.17,0.75,102.6,28.0,3.549,210,113.51,290.48,78.33,1.74
Common Carp,72.6,1143,77.8,15.74,30.8,7.53,5.46,0.26,0.21,121.5,29.2,2.392,160,142.14,148.95,91.68,1.59
Mrigal,7.8,8388,70.2,1075.38,29.1,6.66,7.19,0.87,0.71,137.6,32.0,10.893,105,94.85,521.97,65.61,1.82
Mrigal,83.5,2127,72.5,25.47,25.5,7.11,3.88,1.13,0.08,99.7,27.3,2.39,123,105.52,147.14,65.56,1.75
Silver Carp,95.6,9044,68.1,94.6,25.0,7.45,7.43,0.93,0.74,136.7,34.0,10.532,94,92.75,644.27,76.81,1.72
Silver Carp,99.1,639,50.2,6.45,25.5,7.3,6.52,0.19,0.74,79.0,31.4,0.876,124,72.78,38.08,81.89,1.59
Shing,42.4,2594,55.8,61.18,30.6,6.67,4.42,0.28,0.93,76.9,25.3,4.284,138,91.81,187.57,78.76,1.55
Shing,37.9,1778,78.8,46.91,27.6,6.93,5.36,0.9,0.59,166.5,34.6,2.228,184,146.8,203.22,77.86,1.66
Common Carp,24.0,4320,24.4,180.0,29.9,7.59,5.79,0.57,0.87,95.8,29.5,2.477,104,35.1,104.97,69.23,1.81
Koi,14.8,6103,45.2,412.36,29.5,8.46,6.32,0.5,0.29,122.9,34.3,5.848,150,79.21,383.21,79.27,1.44
Rohu,38.0,1153,57.5,30.34,29.1,6.84,5.03,1.01,0.25,157.9,33.7,1.008,189,96.18,81.6,73.58,1.77
Common Carp,20.1,2730,48.3,135.82,24.1,8.28,4.13,1.16,0.74,85.6,25.9,3.296,176,75.38,131.9,64.1,1.61
Pangasius,8.5,928,60.6,109.18,25.0,6.65,5.4,0.2,0.59,141.7,26.2,0.889,100,94.31,71.72,81.95,1.32
Koi,52.4,1048,24.5,20.0,27.6,7.6,7.25,0.75,0.67,103.4,34.4,0.691,236,52.94,42.6,76.79,1.56
Mrigal,20.1,3595,40.8,178.86,30.4,7.91,6.86,0.6,0.36,75.0,34.4,3.667,158,66.34,185.19,77.65,1.71
Silver Carp,63.3,9988,30.1,157.79,26.2,8.14,4.95,0.37,0.36,160.2,34.2,7.877,221,57.74,480.02,83.23,1.8
Koi,54.1,3527,25.3,65.19,27.7,6.84,5.35,0.11,0.93,136.5,29.1,2.472,148,47.03,140.66,84.8,1.52
Pabda,82.1,3559,71.3,43.35,30.1,8.08,5.2,0.14,0.27,165.0,30.2,5.836,190,141.4,443.55,88.14,1.58
Pangasius,88.2,2343,18.8,26.56,30.2,6.76,4.82,1.02,0.38,172.0,31.6,1.145,107,28.08,45.82,69.65,1.59
Mrigal,45.5,9791,53.4,215.19,31.8,8.12,4.44,0.63,0.91,73.5,34.5,7.895,177,88.48,592.05,68.34,1.88
Mrigal,92.9,2959,36.8,31.85,25.5,7.08,5.0,0.27,0.34,162.2,27.6,1.84,183,68.48,187.21,92.39,1.79
Shing,36.4,8716,67.6,239.45,26.4,6.7,3.72,0.51,0.22,82.6,26.2,13.787,183,118.52,651.09,63.03,1.73
Magur,44.0,692,64.7,15.73,24.0,8.5,6.9,0.32,0.17,77.9,34.9,1.151,135,113.81,67.61,85.85,1.65
Common Carp,40.1,8718,25.2,217.41,28.5,7.57,7.23,0.73,0.82,160.7,34.4,3.867,133,36.95,224.33,69.64,1.61
Pabda,12.9,3972,79.2,307.91,24.7,8.01,7.44,0.75,0.73,95.3,31.1,8.242,122,121.02,330.28,68.71,1.72
Mrigal,29.7,7958,64.7,267.95,29.7,7.65,5.73,0.47,0.3,79.8,34.5,7.981,165,105.77,712.4,84.64,1.76
Thai Koi,41.5,4623,35.5,111.4,26.3,7.31,4.0,0.15,0.81,130.7,26.9,2.495,130,61.59,239.73,84.19,1.64
Catla,80.9,3774,11.7,46.65,27.9,6.64,4.27,0.14,0.18,163.4,28.3,1.011,237,24.46,78.31,84.82,1.85
Pabda,16.6,1359,69.5,81.87,28.7,7.97,6.1,1.18,0.99,167.9,30.7,1.974,185,111.69,100.22,66.03,1.72
Mrigal,35.3,6151,28.6,174.25,25.0,6.54,6.31,0.94,0.16,126.0,29.0,2.885,182,46.31,202.32,71.03,1.79
Mrigal,58.2,4250,74.3,73.02,26.5,7.28,6.01,0.88,0.05,82.6,30.3,8.273,97,100.82,361.03,84.26,1.75
Rohu,82.3,3514,33.5,42.7,25.3,7.8,4.17,0.93,0.96,116.9,34.0,1.931,95,43.56,119.26,77.92,1.91
Pangasius,60.1,475,19.2,7.9,28.1,7.12,5.31,0.1,0.21,179.8,30.7,0.146,122,34.26,15.27,93.83,1.48
Koi,9.2,5560,64.8,604.35,31.8,6.52,6.53,0.14,0.29,122.7,26.7,6.99,142,113.51,512.19,81.16,1.63
Silver Carp,78.5,8062,74.9,102.7,29.1,7.69,6.2,0.38,0.92,110.7,34.3,17.028,160,124.05,814.69,81.46,1.84
Pangasius,19.6,1826,60.5,93.16,30.2,7.68,5.88,0.85,0.18,135.1,32.5,2.861,224,142.18,220.63,84.98,1.49
Koi,64.7,9495,19.1,146.75,31.0,8.23,4.48,0.92,0.53,113.3,32.7,4.915,236,39.79,281.07,74.39,1.61
Gulsha,17.6,6106,47.6,346.93,26.9,8.07,6.11,1.19,0.66,147.0,29.9,5.348,158,72.93,267.17,60,1.74
Silver Carp,90.8,2713,48.4,29.88,27.6,6.99,4.01,0.96,0.94,82.8,28.3,1.996,205,85.65,174.83,75.24,1.89
Silver Carp,53.2,7821,18.0,147.01,25.4,7.56,4.33,0.16,0.52,84.8,33.3,3.618,179,32.41,208.62,82.31,1.77
Catla,36.5,6705,23.5,183.7,24.7,7.73,4.4,1.14,0.88,154.1,25.6,3.073,228,41.18,165.66,60,1.98
Silver Carp,86.0,2541,34.4,29.55,25.7,7.04,5.79,0.44,0.48,85.0,34.0,1.643,163,58.54,131.28,88.26,1.59
Common Carp,95.0,4697,6.0,49.44,27.7,6.52,4.21,0.2,0.19,129.0,31.8,0.465,151,10.79,44.48,87.78,1.69
Pangasius,78.7,8466,59.5,107.57,30.3,6.71,5.61,0.94,0.45,155.1,32.1,10.478,132,108.31,743.01,81.03,1.57
Magur,77.4,6981,54.6,90.19,29.4,7.03,5.45,0.76,0.44,96.3,29.8,5.87,135,89.14,520.85,83.7,1.52
Magur,41.6,5603,27.2,134.69,24.7,7.61,7.45,0.53,0.5,113.3,28.2,3.978,124,45.2,211.98,83.71,1.45
Common Carp,52.9,9242,31.4,174.71,30.8,7.99,5.1,0.12,0.79,84.3,26.4,6.588,172,55.44,386.61,75.46,1.8
Shing,17.5,901,5.6,51.49,26.6,8.0,3.59,0.07,0.67,94.4,26.8,0.148,183,10.76,7.29,75.25,1.85
Pabda,32.8,2844,40.7,86.71,24.2,6.77,5.05,0.97,0.45,127.3,27.5,2.419,183,70.25,158.53,79.35,1.53
Gulsha,38.8,7020,28.9,180.93,26.1,8.29,7.39,0.7,0.54,139.1,33.3,3.145,165,47.89,210.93,62.74,1.83
Shing,82.4,6188,34.4,75.1,30.9,6.54,4.56,0.55,0.45,71.6,25.5,6.173,128,55.37,266.4,77.75,1.67
Mrigal,91.5,7267,38.2,79.42,27.0,8.32,4.32,0.95,0.37,162.8,31.0,5.524,133,60.97,344.55,77.76,1.66
Gulsha,29.6,6115,9.8,206.59,26.2,7.68,7.24,0.71,0.58,147.8,34.5,1.708,139,15.41,64.01,67.92,1.86
Thai Koi,47.8,4078,35.7,85.31,25.2,8.37,5.76,0.6,0.54,162.2,30.6,4.309,163,60.64,176.89,71.53,1.72
Pabda,55.1,2090,74.7,37.93,24.2,7.12,6.33,0.25,0.73,98.7,31.9,4.106,156,132.92,232.31,83.62,1.55
Shing,89.8,8815,15.3,98.16,27.3,7.05,7.13,0.94,0.43,165.4,31.3,3.79,205,31.89,232.47,82.7,1.46
Thai Koi,8.2,7319,32.5,892.56,26.6,6.56,5.56,1.13,0.33,141.6,34.5,6.113,101,46.4,212.89,62.69,1.77
Gulsha,17.7,2671,15.0,150.9,32.0,7.14,4.1,0.24,0.75,154.4,29.2,0.881,184,25.95,51.1,73.72,1.63
Thai Koi,77.7,6949,67.7,89.43,24.9,8.38,7.44,0.2,0.96,112.5,34.2,10.35,213,134.54,741.4,79.3,1.42
Koi,43.5,1544,60.6,35.49,26.1,7.0,5.34,0.48,0.06,85.9,33.2,1.553,169,125.4,180.77,93.37,1.46
Silver Carp,49.5,5376,39.4,108.61,25.3,7.92,4.04,0.96,0.42,111.4,34.8,4.173,141,60.75,270.33,82.77,1.84
Tilapia,32.1,8938,74.8,278.44,30.7,6.63,6.62,0.16,0.04,83.7,27.2,14.842,109,120.04,889.9,82.94,1.24
Shing,58.6,2617,54.7,44.66,30.8,6.92,6.15,0.09,0.6,98.2,33.7,3.393,155,96.08,213.04,84.73,1.41
Pabda,72.0,9316,48.8,129.39,26.3,6.93,6.69,1.13,0.88,79.7,28.0,10.274,144,75.4,459.31,65.39,1.81
Shing,75.2,1617,13.2,21.5,30.5,7.91,3.5,0.91,0.99,126.2,26.4,0.363,121,19.12,20.93,67.7,1.67
Thai Koi,57.9,2759,25.1,47.65,31.3,7.87,5.75,0.39,0.16,80.4,27.2,1.489,199,54.83,137.14,90.65,1.46
Common Carp,59.7,721,36.1,12.08,29.3,7.85,6.93,0.19,0.57,104.0,26.2,0.757,133,59.7,36.28,84.28,1.67
Silver Carp,85.2,4764,57.8,55.92,28.1,7.86,5.15,0.57,0.38,86.9,31.4,7.325,236,110.13,431.06,82.16,1.84
Shing,61.7,2044,51.2,33.13,28.4,6.63,6.1,1.04,0.44,179.4,32.2,2.47,173,86.65,123.28,69.61,1.73
Mrigal,52.0,5023,7.6,96.6,26.5,7.94,4.81,0.25,0.26,172.1,27.0,0.756,212,14.95,67.05,89.26,1.56
Common Carp,19.3,2321,56.5,120.26,25.8,8.28,6.84,0.6,0.63,115.2,29.5,2.033,124,80.13,130.58,70.21,1.72
Shing,96.8,2445,62.0,25.26,28.2,8.11,4.83,0.22,0.8,104.2,34.1,2.911,218,132.46,266.96,82.43,1.44
Mrigal,41.6,8572,31.5,206.06,27.8,7.26,5.39,1.06,0.84,75.6,30.0,6.939,110,43.7,224.88,60.03,1.92
Tilapia,53.9,8328,28.4,154.51,28.8,7.26,7.1,0.95,0.59,79.9,26.0,3.571,114,43.86,267.99,73.37,1.36
Thai Koi,31.1,7039,65.6,226.33,26.5,7.71,7.14,1.08,0.86,108.0,31.9,12.652,227,122.44,517.11,60,1.58
Catla,6.5,7820,57.5,1203.08,31.8,6.76,7.45,1.08,0.58,100.8,28.8,9.847,173,85.06,399.08,60,1.71
Magur,49.7,6191,32.3,124.57,24.7,8.48,6.84,1.06,0.23,178.5,34.3,5.859,212,63.54,271.89,69.12,1.76
Pabda,83.5,8753,34.1,104.83,29.6,7.73,7.04,0.1,0.51,150.3,32.4,7.014,225,71.27,524.18,84.03,1.71
Shing,73.6,3779,46.0,51.35,28.0,8.32,4.54,0.07,0.35,146.1,29.5,5.163,229,96.9,316.27,86.37,1.7
Rohu,53.8,6717,63.9,124.85,25.8,8.39,6.99,0.42,0.64,97.8,27.1,7.125,215,121.77,645.34,78.9,1.59
Gulsha,15.5,9413,19.9,607.29,31.9,6.83,5.14,0.6,0.63,132.6,33.9,4.983,239,36.76,237.6,68.67,1.79
Mrigal,10.4,9358,8.5,899.81,30.4,8.15,4.73,0.88,0.41,165.9,31.1,1.989,117,12.9,92.16,76.37,1.77
Tilapia,84.5,5924,39.7,70.11,26.6,6.69,7.24,0.53,0.83,118.3,30.3,7.032,169,75.0,333.69,75.1,1.36
Tilapia,67.0,954,45.9,14.24,28.9,8.09,6.1,0.6,0.34,168.7,34.3,0.968,234,116.59,95.97,86.28,1.38
Tilapia,56.7,8657,33.8,152.68,31.0,6.8,4.25,0.44,0.75,176.6,34.7,4.799,181,71.75,478.06,76.97,1.55
Catla,79.9,8276,40.3,103.58,32.0,6.99,5.16,0.89,0.4,94.7,30.9,6.07,209,72.18,495.31,82.92,1.76
Catla,6.9,3888,5.3,563.48,26.7,7.65,5.57,1.16,0.95,169.0,30.7,0.457,181,8.24,19.23,60,1.84
Magur,74.8,2068,13.5,27.65,29.1,7.76,5.01,0.6,0.96,80.1,28.8,0.561,108,20.42,32.75,77.57,1.75
Rohu,50.0,2343,30.3,46.86,29.3,6.6,5.92,0.58,0.15,133.8,29.9,1.505,206,56.46,105.24,79.56,1.7
Catla,67.9,9810,5.2,144.48,25.2,7.48,6.51,0.33,0.38,141.4,27.4,0.969,129,8.61,74.61,88.3,1.56
Pangasius,91.8,399,74.2,4.35,31.3,8.05,6.8,0.07,0.13,154.8,31.5,0.557,236,191.51,72.16,94.43,1.53
Silver Carp,68.4,6909,13.5,101.01,29.9,6.91,6.26,0.22,0.54,113.2,31.3,2.089,195,24.11,139.35,83.66,1.55
Common Carp,35.1,2064,54.6,58.8,31.7,7.93,4.78,0.45,0.63,108.0,33.7,1.905,168,93.89,161.93,83.56,1.53
Catla,44.0,4497,68.0,102.2,25.5,7.9,5.86,0.71,0.93,117.8,26.8,5.718,127,98.31,326.76,73.91,1.74
Silver Carp,71.4,1960,16.4,27.45,30.2,8.2,7.2,0.12,0.9,142.4,33.6,0.563,179,27.97,46.34,84.52,1.72
Pangasius,33.1,9179,45.4,277.31,26.7,7.79,6.18,0.25,0.12,91.8,28.1,7.793,117,78.13,626.48,87.35,1.44
Thai Koi,94.7,9186,45.6,97.0,27.3,7.12,4.22,0.87,0.59,166.2,26.3,6.493,206,88.42,612.35,75.39,1.51
Shing,91.1,6955,67.3,76.34,29.0,7.52,5.67,0.65,0.39,121.5,32.2,8.94,216,144.21,836.31,83.38,1.49
Pangasius,87.0,2893,55.5,33.25,26.0,6.58,4.94,0.49,0.03,113.4,30.2,3.982,103,89.69,232.56,89.63,1.46
Pangasius,27.8,8638,39.0,310.72,25.3,7.94,4.57,0.74,0.04,150.6,31.6,7.277,149,69.97,479.33,79.31,1.51
Gulsha,25.3,556,76.3,21.98,30.5,6.94,4.3,1.13,0.42,125.7,28.3,1.128,139,122.18,49.35,72.65,1.62
Thai Koi,67.7,4844,46.6,71.55,29.1,7.09,5.97,0.65,0.75,170.7,25.6,6.298,238,105.49,395.24,77.35,1.8
Pangasius,68.6,9733,24.9,141.88,28.6,7.81,4.85,0.88,0.78,156.2,25.5,5.211,206,55.72,419.4,77.34,1.7
Rohu,47.8,7604,55.6,159.08,31.9,7.74,4.36,0.34,0.77,103.0,26.8,7.483,126,83.15,487.23,77.06,1.88
Koi,9.9,3425,73.4,345.96,31.9,8.36,3.95,0.76,0.97,85.8,31.8,7.089,218,130.88,268.96,60,1.65
Magur,69.0,5028,76.9,72.87,26.5,6.75,5.14,1.09,0.39,89.2,30.3,6.921,151,122.7,421.8,68.37,1.84
Shing,21.1,7782,79.9,368.82,30.7,8.09,5.26,1.18,0.16,71.4,29.3,15.109,232,154.97,820.92,68.07,1.78
Catla,70.9,4279,69.9,60.35,25.0,7.92,5.81,0.87,0.68,76.5,31.4,8.106,108,98.47,315.76,74.94,1.81
Pangasius,15.6,6073,27.4,389.29,30.8,7.26,4.33,0.81,0.91,148.3,29.9,2.513,91,40.55,170.35,69.17,1.52
Shing,93.8,7201,66.7,76.77,30.3,7.36,3.54,0.67,0.15,170.1,30.4,11.191,211,127.07,692.61,75.69,1.71
Thai Koi,87.0,599,63.6,6.89,29.6,6.94,3.9,0.49,0.39,178.1,29.9,0.705,109,101.51,52.6,86.5,1.6
Common Carp,54.4,1638,55.2,30.11,31.1,8.31,5.62,0.54,0.59,82.7,33.3,2.523,109,82.76,98.6,72.74,1.7
Catla,8.6,3886,37.6,451.86,30.9,7.8,6.6,0.22,0.68,73.7,27.4,3.302,213,65.35,196.14,77.23,1.71
Thai Koi,35.9,8598,22.1,239.5,28.4,7.22,5.71,0.66,0.83,122.3,33.0,2.869,190,40.02,241.5,70.18,1.78
Rohu,22.3,1516,30.4,67.98,29.9,7.19,7.36,0.91,0.85,150.1,34.3,0.719,223,58.25,68.24,77.27,1.88
Gulsha,23.2,9489,10.8,409.01,28.8,6.54,3.67,0.57,0.49,123.8,27.4,2.716,240,20.86,127.13,64.22,1.78
Pabda,25.2,2095,65.4,83.13,27.1,7.05,5.19,0.71,0.37,112.1,26.8,3.042,156,117.5,208.23,84.59,1.46
Pabda,61.2,8277,10.2,135.25,31.8,8.22,5.55,0.37,0.85,171.1,33.5,2.381,108,14.45,94.96,79.38,1.47
Pangasius,99.1,5100,17.9,51.46,25.2,7.49,6.2,0.28,0.75,72.9,34.9,2.584,163,34.54,150.43,85.39,1.32
Silver Carp,78.2,8626,49.3,110.31,27.2,6.67,6.56,0.68,0.55,87.3,27.1,12.673,218,89.1,543.06,70.66,1.91
Tilapia,43.8,8213,65.6,187.51,25.4,6.52,6.66,0.21,0.22,100.1,31.2,14.601,190,146.11,980.05,81.67,1.35
Catla,40.9,5829,67.9,142.52,29.6,7.24,6.94,0.07,1.0,106.6,33.0,11.715,154,107.29,514.88,82.33,1.73
Thai Koi,23.5,2448,43.1,104.17,27.4,7.97,7.0,0.3,0.52,154.2,33.2,2.247,191,83.96,170.17,82.79,1.38
Rohu,50.8,4150,27.8,81.69,31.7,8.41,5.84,1.07,0.3,123.7,32.8,3.23,115,39.32,116.6,71.46,1.75
Catla,16.8,1094,39.5,65.12,27.8,8.44,5.82,0.89,0.98,174.6,26.7,1.193,130,56.18,43.13,70.18,1.8
Pabda,45.5,6985,31.4,153.52,26.6,6.69,4.99,0.27,0.96,86.2,25.1,5.483,115,46.03,230.68,71.75,1.69
Pabda,85.0,8660,24.0,101.88,28.2,7.94,5.62,0.39,0.95,95.6,28.3,4.967,183,43.45,316.57,84.13,1.64
Gulsha,74.1,9299,14.3,125.49,31.8,7.39,3.83,0.52,0.9,116.8,28.3,2.407,107,20.72,130.97,67.98,1.74
Tilapia,77.3,7577,7.0,98.02,31.1,6.99,6.6,0.55,0.81,155.1,25.1,1.252,212,15.39,92.05,78.96,1.4
Pabda,15.0,6433,33.3,428.87,32.0,7.04,4.31,0.66,0.81,122.7,28.3,3.299,159,52.03,228.64,68.31,1.71
Tilapia,38.7,5076,44.1,131.16,31.4,7.13,6.82,1.16,0.52,161.0,33.2,4.477,181,86.03,301.43,69.03,1.38
Silver Carp,22.5,5248,22.0,233.24,24.3,8.31,6.83,1.18,0.61,108.5,30.3,2.378,149,30.63,96.46,60,1.87
Koi,23.1,2822,50.9,122.16,29.6,6.65,5.52,0.32,0.48,132.0,34.4,2.528,92,78.08,190.6,86.5,1.46
Koi,88.9,3626,69.4,40.79,30.1,8.35,4.68,0.33,0.7,114.1,34.6,4.781,234,149.39,442.55,81.7,1.59
Silver Carp,29.6,4923,51.8,166.32,24.3,6.68,5.0,0.31,0.42,86.6,28.3,6.809,126,76.42,293.62,78.04,1.62
Silver Carp,30.2,5050,8.7,167.22,29.0,7.06,5.11,0.84,0.31,163.5,27.5,0.8,237,15.99,59.48,73.66,1.85
Catla,38.7,7388,22.3,190.9,27.2,7.89,4.65,0.24,0.09,83.0,34.3,2.966,216,43.29,269.95,84.4,1.78
Catla,5.8,1922,15.4,331.38,27.6,7.19,6.8,1.09,0.74,98.5,26.2,0.805,187,23.77,27.85,60.96,1.79
Pabda,59.4,9312,73.8,156.77,30.9,7.57,5.35,1.07,0.66,132.1,27.0,20.204,115,100.59,561.99,60,1.82
Pabda,94.4,2572,18.4,27.25,25.8,7.38,6.4,0.85,0.81,128.5,34.4,0.937,226,34.75,66.07,73.92,1.7
Tilapia,75.8,6409,35.1,84.55,24.5,6.51,5.86,1.05,0.59,128.0,27.2,6.029,120,56.63,233.49,64.33,1.64
Pabda,6.9,6972,56.1,1010.43,24.0,7.62,6.36,0.86,0.82,82.2,29.5,10.717,162,89.82,421.32,67.28,1.83
Catla,76.9,9927,52.6,129.09,26.6,8.4,4.53,0.71,0.27,108.6,26.7,12.897,177,87.93,677.62,77.63,1.7
Thai Koi,62.5,2918,45.5,46.69,25.4,8.35,5.32,0.57,0.69,86.7,29.0,2.111,119,70.45,151.74,73.81,1.77
Common Carp,74.9,7243,51.1,96.7,28.7,7.75,6.6,0.76,0.72,86.1,35.0,10.844,173,88.49,482.32,75.25,1.64
Mrigal,72.8,5755,51.1,79.05,29.7,7.06,4.13,0.43,0.93,172.3,31.7,5.882,232,103.92,500.7,83.72,1.77
Shing,63.9,8121,36.9,127.09,30.7,6.71,3.67,0.2,0.12,109.5,34.0,7.761,129,59.33,389.66,80.87,1.4
Pabda,91.0,7780,27.6,85.49,31.9,7.64,6.71,0.15,0.69,74.9,32.4,4.509,214,53.56,352.47,84.58,1.53
Common Carp,92.8,6841,16.1,73.72,25.6,8.09,5.13,0.46,0.8,128.4,27.6,2.654,234,32.36,186.49,84.24,1.75
Silver Carp,64.8,4978,49.1,76.82,26.2,7.2,5.23,1.11,0.76,107.7,27.9,6.33,167,78.76,259.34,66.15,1.99
Mrigal,32.8,6733,13.9,205.27,30.4,6.68,5.36,0.77,0.42,83.8,31.0,2.171,118,19.66,95.97,72.5,1.86
Pabda,58.6,3990,65.3,68.09,29.2,6.9,3.64,0.82,0.84,147.2,33.3,6.045,234,126.08,353.09,70.19,1.79
Thai Koi,95.7,9956,28.7,104.03,29.0,6.7,6.21,0.73,0.85,155.3,32.8,6.029,207,56.19,410.79,73.43,1.78
Rohu,65.2,4454,17.7,68.31,31.2,6.98,5.05,0.6,0.75,106.3,27.2,2.239,168,28.13,98.15,78.34,1.94
Magur,8.2,7212,72.0,879.51,28.8,8.14,7.01,0.97,0.16,139.5,25.8,14.124,219,141.73,795.15,77.79,1.59
Mrigal,73.5,2846,49.8,38.72,25.6,7.66,6.21,1.02,0.48,171.0,31.4,2.324,127,75.56,156.91,72.97,1.85
Magur,39.5,4957,66.2,125.49,27.4,7.59,5.46,0.91,0.1,134.6,25.1,9.123,232,146.88,620.6,85.24,1.64
Pabda,8.6,6994,47.7,813.26,26.2,7.59,4.05,0.78,0.23,113.5,32.9,6.706,105,66.19,358.51,77.44,1.77
Gulsha,42.5,4707,35.8,110.75,25.6,7.41,6.82,0.37,0.36,75.7,34.0,3.202,217,72.7,308.6,90.18,1.46
Rohu,52.2,5850,45.3,112.07,28.3,6.88,6.4,0.48,0.34,122.5,26.5,4.002,229,90.15,481.99,91.39,1.61
Common Carp,95.4,7721,65.6,80.93,24.3,7.2,4.46,0.07,0.48,115.2,30.5,13.979,209,136.97,978.01,92.48,1.52
Tilapia,23.0,1486,59.0,64.61,29.1,8.19,3.92,0.58,0.89,160.6,25.6,1.701,209,130.77,139.98,72.03,1.62
Tilapia,6.4,5862,25.7,915.94,28.6,8.47,7.21,0.08,0.81,91.7,29.1,3.525,108,42.55,189.8,76.09,1.56
Thai Koi,92.8,9382,29.9,101.1,25.4,8.29,4.15,0.43,0.62,176.1,26.1,8.107,222,62.63,476.03,81.01,1.44
Gulsha,54.9,3163,16.1,57.61,25.4,7.8,6.33,0.57,0.96,173.5,33.9,0.891,117,24.3,58.14,75.64,1.69
Koi,9.7,4491,56.7,462.99,28.6,8.08,6.87,0.81,0.13,170.7,31.1,4.94,208,118.38,408.73,76.88,1.55
Gulsha,76.0,5398,16.1,71.03,29.5,8.16,3.78,0.77,0.97,152.6,29.7,2.329,120,24.0,88.1,67.99,1.83
Silver Carp,95.1,7649,26.9,80.43,25.2,7.88,4.78,0.63,0.7,78.0,31.3,4.012,239,49.43,282.14,74.62,1.75
Mrigal,22.7,9830,58.6,433.04,26.0,6.71,6.35,0.12,0.76,128.6,30.6,12.212,101,83.63,602.02,73.23,1.68
Catla,95.3,1805,50.3,18.94,24.6,6.71,6.08,0.53,0.81,92.2,32.1,1.643,158,81.84,102.98,69.71,1.87
Tilapia,62.5,1924,65.2,30.78,24.7,7.2,5.93,0.92,0.9,93.8,30.3,2.358,206,142.79,215.39,78.4,1.65
Pabda,10.0,8566,48.5,856.6,27.1,6.7,6.87,0.31,0.35,146.1,28.0,12.339,160,84.15,570.95,79.21,1.68
Pangasius,32.2,8746,53.3,271.61,29.2,6.64,4.95,0.52,0.78,136.1,26.6,7.086,129,86.88,503.53,66.27,1.59
Magur,63.6,6474,25.0,101.79,29.4,8.22,6.78,0.86,0.03,164.7,31.7,3.35,168,45.42,235.97,80.25,1.64
Thai Koi,52.8,5430,67.5,102.84,25.4,7.24,3.79,0.06,0.86,117.5,31.1,7.587,114,100.58,413.75,75.76,1.5
Thai Koi,78.3,8074,72.4,103.12,28.8,7.12,3.65,0.31,0.87,163.7,25.8,16.601,172,134.62,852.58,78.44,1.74
Magur,57.6,9509,66.0,165.09,30.0,7.78,5.89,0.09,0.32,132.9,32.1,13.117,227,134.05,1079.52,84.69,1.49
Tilapia,94.9,5152,20.9,54.29,31.8,7.99,4.81,0.41,0.04,90.6,31.8,2.552,143,40.81,195.44,92.96,1.25
Pabda,90.4,9282,9.9,102.68,26.2,6.7,6.14,0.67,0.33,89.7,26.6,2.178,220,19.12,141.66,79.81,1.74
Pangasius,19.0,9060,54.6,476.84,28.8,7.69,4.96,0.15,0.42,80.5,30.1,12.268,184,116.1,882.42,83.89,1.31
Thai Koi,17.6,9795,6.0,556.53,27.5,8.36,4.17,0.93,0.88,144.6,28.9,1.199,171,10.14,65.01,65.48,1.53
Thai Koi,77.4,9114,5.7,117.75,25.0,7.33,6.0,0.73,0.93,102.8,29.0,1.418,232,11.89,83.58,77.14,1.57
Tilapia,80.7,5694,58.9,70.56,29.7,7.08,6.41,1.03,0.28,156.8,32.8,8.686,212,136.42,595.25,76.63,1.58
Gulsha,57.4,7136,10.0,124.32,27.0,6.71,4.77,0.12,0.41,120.6,31.6,1.284,160,17.76,108.22,85.4,1.71
Mrigal,13.6,633,71.4,46.54,27.5,7.31,6.13,1.02,0.07,101.2,25.1,0.809,117,100.02,47.13,74.44,1.79
Tilapia,64.6,7961,30.6,123.24,27.1,8.23,4.02,1.16,0.9,89.6,29.7,5.871,133,51.15,258.2,63.41,1.37
Common Carp,52.6,6019,24.7,114.43,24.6,6.67,5.92,1.12,0.32,75.5,32.1,3.642,106,33.67,138.97,68.58,1.88
Koi,51.8,9034,67.2,174.4,26.0,7.06,5.07,1.19,0.32,101.8,30.7,9.349,154,109.63,683.7,69.03,1.52
Gulsha,95.2,9550,30.5,100.32,26.0,8.45,6.55,0.42,0.97,101.2,27.7,7.107,100,43.24,317.11,76.79,1.58
Pangasius,37.3,5726,18.3,153.51,28.1,8.43,4.03,1.2,0.1,155.9,28.1,1.656,206,36.67,132.74,63.21,1.61
Thai Koi,93.3,5028,14.4,53.89,26.4,6.99,5.34,0.08,0.79,149.1,27.3,1.549,203,28.7,119.6,82.87,1.55
Silver Carp,21.9,2310,44.3,105.48,31.4,6.79,5.27,0.72,0.42,97.0,31.6,2.62,131,66.02,121.48,79.65,1.73
Tilapia,59.8,6416,23.8,107.29,26.5,7.7,6.31,0.3,0.71,173.2,28.0,3.894,127,42.67,240.13,87.71,1.48
Pabda,29.8,324,73.4,10.87,30.5,6.98,5.48,1.06,0.67,134.8,27.7,0.573,212,132.02,28.5,66.63,1.64
Tilapia,93.1,1924,20.3,20.67,27.3,7.8,5.69,0.13,0.28,137.3,34.4,1.074,233,54.5,100.5,95.84,1.23
Mrigal,64.6,5474,63.2,84.74,30.5,7.63,4.6,0.17,0.56,162.0,25.6,7.957,160,106.58,479.8,82.24,1.64
Pangasius,61.3,4675,22.0,76.26,29.1,8.42,4.31,0.14,0.58,97.3,30.6,2.047,232,50.83,192.14,80.86,1.57
Shing,39.2,7213,68.5,184.01,30.0,7.93,4.92,1.03,0.51,71.1,27.2,14.674,197,116.98,519.58,61.58,1.68
Pabda,50.7,1658,72.0,32.7,30.5,6.75,6.88,0.83,0.8,71.3,26.4,2.161,95,99.71,117.54,71.1,1.6
Pabda,44.7,6916,19.4,154.72,27.7,7.49,4.38,0.82,0.87,87.1,32.6,3.77,235,36.5,173.04,68.54,1.82
Pabda,37.7,5255,18.2,139.39,29.3,7.46,6.26,0.11,0.31,133.9,26.4,2.439,154,30.8,148.42,91.71,1.47
Silver Carp,27.0,3062,29.1,113.41,29.4,8.19,3.91,0.63,0.17,157.5,31.8,1.417,94,37.81,86.31,74.55,1.89
Rohu,28.7,3743,46.7,130.42,29.1,7.91,7.32,0.97,0.07,136.3,30.9,4.073,104,64.29,203.29,84.48,1.78
Pabda,79.5,7660,63.7,96.35,30.3,7.48,6.84,0.64,0.46,146.0,30.0,13.272,124,97.93,630.22,84.01,1.6
Common Carp,63.4,1309,33.7,20.65,31.5,6.95,4.94,1.16,0.82,136.2,32.1,1.112,225,61.01,54.81,68.63,1.89
Silver Carp,25.9,6639,66.1,256.33,24.9,8.4,5.15,0.87,0.9,97.9,28.5,8.382,240,113.25,493.0,65.57,1.81
Rohu,95.1,424,79.7,4.46,25.2,8.36,6.04,0.43,0.53,98.4,31.7,0.987,175,138.83,46.99,79.83,1.69
Shing,49.2,3800,76.1,77.24,29.7,7.4,5.2,0.86,0.59,73.3,31.4,5.755,184,143.45,413.13,75.79,1.82
Rohu,79.2,530,10.3,6.69,31.9,7.59,4.2,0.36,0.46,91.2,30.8,0.146,192,19.91,9.56,90.66,1.5
Shing,60.8,3000,37.0,49.34,24.6,8.49,3.68,0.28,0.6,113.6,27.5,1.865,168,66.02,143.84,72.63,1.69
Pangasius,77.6,9590,62.0,123.58,31.8,7.62,3.99,0.39,0.75,110.1,28.8,17.005,116,105.45,801.8,79.29,1.68
Koi,66.5,5665,56.3,85.19,24.2,7.48,3.56,0.09,0.14,137.1,29.5,6.347,225,126.4,594.73,83.06,1.43
Gulsha,58.6,3422,12.0,58.4,24.4,7.41,6.37,0.98,0.24,119.5,28.3,0.731,230,23.76,66.32,81.58,1.59
Silver Carp,74.1,8602,72.1,116.09,25.6,6.51,3.94,1.12,0.71,137.9,31.1,16.746,118,95.6,493.4,60,1.82
Tilapia,8.6,7914,10.2,920.23,28.8,8.28,5.54,0.71,0.41,113.0,32.0,1.776,149,19.42,116.38,75.74,1.51
Koi,31.5,2293,45.2,72.79,24.5,7.72,4.3,0.21,0.91,106.5,26.5,2.809,119,75.33,145.14,84.03,1.57
Magur,52.9,2464,67.9,46.58,30.8,8.02,4.35,0.38,0.27,167.2,30.2,4.132,147,126.36,277.47,89.12,1.55
Tilapia,21.6,2506,25.0,116.02,29.3,7.29,4.24,0.07,0.3,135.9,27.5,1.635,148,50.59,117.76,92.88,1.38
Silver Carp,70.7,2643,57.3,37.38,31.9,7.54,4.97,0.42,0.76,137.0,34.7,2.378,110,82.54,176.98,81.13,1.71
Common Carp,8.3,9030,37.2,1087.95,29.1,7.17,4.39,0.7,0.04,166.0,31.1,9.137,176,62.69,426.4,75.32,1.72
Pabda,95.1,8776,23.2,92.28,30.1,8.07,5.55,0.11,0.55,96.5,29.8,5.151,224,48.8,355.73,83.06,1.48
Mrigal,77.1,2292,30.0,29.73,26.0,8.37,6.61,0.48,0.99,166.3,27.0,1.967,173,52.62,94.11,78.03,1.72
Common Carp,65.4,8303,15.9,126.96,28.9,7.28,6.91,0.92,0.41,96.6,25.0,3.947,198,29.83,210.93,85.15,1.63
Shing,5.3,3890,52.9,733.96,29.6,8.12,5.84,0.67,0.5,148.9,28.0,3.272,159,88.34,267.68,77.89,1.55
Tilapia,40.2,6642,50.1,165.22,30.0,7.5,4.8,0.06,0.85,163.0,25.4,7.188,214,119.47,615.31,77.54,1.36
Thai Koi,11.7,1450,14.9,123.93,30.1,8.06,4.62,0.4,0.23,144.5,29.1,0.413,186,29.98,39.14,90.04,1.57
Common Carp,20.3,4468,13.3,220.1,28.2,7.98,4.02,0.12,0.59,97.9,32.0,1.111,219,24.46,81.62,74.68,1.9
Pabda,92.8,4757,25.6,51.26,25.6,7.61,3.72,0.3,0.88,143.0,29.2,3.069,195,44.33,156.69,74.3,1.71
Gulsha,62.3,3667,66.0,58.86,29.1,7.25,7.24,0.34,0.4,150.4,33.4,7.14,148,117.14,390.92,91.01,1.61
Gulsha,37.3,7324,60.4,196.35,24.7,7.63,7.48,0.54,0.4,113.4,33.2,11.988,129,90.89,493.4,74.12,1.72
Pangasius,79.5,7453,14.0,93.75,24.5,7.68,5.73,0.5,0.52,119.6,30.2,1.784,125,24.16,157.5,87.45,1.31
Rohu,29.0,8344,45.6,287.72,25.7,8.39,4.81,0.26,0.63,77.7,33.1,5.859,98,62.03,383.41,74.08,1.81
Catla,87.4,7076,17.9,80.96,25.5,6.68,5.33,0.7,0.97,138.6,29.0,2.419,145,28.64,140.38,69.28,1.99
Gulsha,20.5,2807,42.7,136.93,29.9,7.69,4.7,0.49,0.42,119.4,27.1,2.733,194,88.24,221.49,89.42,1.56
Silver Carp,97.6,2525,72.0,25.87,25.9,6.88,6.86,0.07,0.11,82.8,27.8,4.49,110,104.83,237.97,89.9,1.74
Koi,46.4,3617,47.4,77.95,27.4,7.18,6.47,0.38,0.81,103.4,28.6,4.492,229,101.64,316.86,86.19,1.63
Pangasius,25.3,522,71.8,20.63,28.7,7.71,5.17,0.91,0.11,132.4,28.5,0.915,233,165.69,74.31,85.92,1.34
Catla,7.3,2638,36.2,361.37,24.3,8.02,5.22,1.04,0.06,167.3,34.2,2.053,180,57.37,102.32,67.61,1.87
Gulsha,76.4,1822,60.9,23.85,28.0,7.57,5.18,0.76,0.73,170.9,31.5,2.885,207,118.4,160.33,74.32,1.74
Magur,71.5,6748,41.8,94.38,24.8,7.36,5.5,1.1,0.48,143.3,25.0,7.785,130,66.53,333.43,74.27,1.58
Thai Koi,65.4,2530,64.9,38.69,27.3,8.07,4.43,0.68,0.17,71.4,30.9,4.286,188,130.77,285.79,86.38,1.54
Mrigal,66.8,3994,78.1,59.79,29.0,6.75,6.89,0.89,0.59,78.0,26.8,7.424,162,119.57,339.61,71.11,1.76
Gulsha,25.8,2539,10.7,98.41,27.6,8.03,7.11,0.13,0.79,93.6,31.0,0.769,132,17.37,36.99,83.88,1.62
Shing,24.7,4199,39.8,170.0,30.8,7.77,3.8,0.28,0.43,122.5,32.2,4.562,110,59.42,193.2,77.43,1.7
Magur,80.8,2461,43.0,30.46,26.1,7.54,5.11,0.08,0.23,140.5,29.7,1.799,148,79.72,180.71,92.11,1.5
Shing,47.9,1266,13.8,26.43,26.1,6.84,6.4,1.03,0.56,146.5,31.4,0.283,128,20.96,17.47,65.84,1.63
Shing,88.7,6100,64.0,68.77,28.0,7.62,4.65,0.86,0.14,173.8,29.6,8.784,174,113.64,586.72,84.64,1.46
Tilapia,35.9,9490,64.7,264.35,24.6,7.03,5.45,1.18,0.95,162.6,34.1,12.403,105,98.49,588.81,63.0,1.61
Catla,26.9,5489,12.7,204.05,26.9,6.57,7.15,0.28,0.8,138.6,28.3,1.318,131,19.38,73.83,69.41,1.83
Thai Koi,99.0,5926,64.4,59.86,29.9,6.95,7.14,0.92,0.52,83.1,33.4,7.48,126,103.22,466.79,76.31,1.69
Shing,41.8,6592,49.5,157.7,29.7,8.02,4.16,0.18,0.12,84.8,33.0,9.43,169,94.56,530.16,85.05,1.62
Pabda,34.7,8184,58.0,235.85,24.3,7.45,5.41,0.79,0.98,110.2,29.7,11.962,122,84.12,471.13,68.43,1.81
Catla,94.1,6150,76.1,65.36,29.6,7.98,4.12,0.13,0.33,91.2,26.7,13.666,145,131.11,737.7,91.49,1.72
Tilapia,41.3,3402,33.2,82.37,26.5,7.39,6.95,1.19,0.94,139.9,25.2,3.23,228,75.65,174.05,67.63,1.55
Koi,87.8,7983,44.4,90.92,28.5,6.81,5.1,0.3,0.23,176.8,25.9,5.955,207,94.48,682.16,90.44,1.45
Mrigal,53.9,7795,31.8,144.62,29.6,8.34,3.65,0.94,0.28,119.6,26.9,6.073,101,43.13,235.82,70.15,1.9
Koi,77.7,5995,51.0,77.16,25.3,7.82,5.93,0.52,0.69,110.2,34.4,5.412,230,108.8,509.49,78.11,1.58
Gulsha,6.4,9395,47.4,1467.97,30.7,8.18,6.63,1.14,0.51,163.8,31.6,9.886,198,79.08,449.91,60.56,1.81
Mrigal,40.9,8715,77.3,213.08,29.2,8.26,7.42,0.6,0.59,115.8,27.0,13.81,166,120.96,677.52,64.27,1.87
Gulsha,38.0,6104,15.7,160.63,28.2,8.1,4.41,0.77,0.54,123.5,34.4,2.731,147,24.49,101.19,67.68,1.89
Catla,54.2,3739,51.5,68.99,25.4,7.2,5.3,0.23,0.35,81.3,34.8,5.661,221,107.5,361.15,89.85,1.67
Common Carp,43.4,5525,26.6,127.3,28.8,8.36,5.62,0.15,0.13,151.0,33.9,3.615,125,42.35,202.38,86.49,1.7
Common Carp,28.3,2666,72.7,94.2,29.7,6.88,6.79,0.22,0.99,121.9,27.3,4.012,204,134.86,297.59,82.77,1.71
Shing,70.8,2673,67.4,37.75,24.2,7.23,3.65,0.23,0.44,87.9,27.6,4.216,135,115.9,257.44,83.1,1.63
Mrigal,27.5,9803,46.0,356.47,25.3,6.98,4.79,1.13,0.52,164.3,27.3,12.762,165,68.82,404.8,60,1.66
Koi,53.4,5914,28.5,110.75,29.6,8.46,6.2,0.69,0.37,116.1,28.2,2.663,103,44.92,211.23,79.52,1.41
Pangasius,90.3,2453,65.5,27.17,25.1,6.54,6.45,1.09,0.24,163.6,28.1,3.519,92,99.23,177.67,72.99,1.48
Mrigal,58.0,2476,16.0,42.69,25.6,6.86,7.32,0.19,0.37,135.7,27.4,1.113,192,31.13,71.42,92.65,1.51
Tilapia,20.7,1092,33.3,52.75,27.0,6.91,5.48,0.09,0.9,176.5,27.7,0.716,167,66.97,62.97,86.11,1.3
Pangasius,27.3,9925,77.9,363.55,28.4,7.22,5.07,0.07,0.56,112.9,30.0,12.68,140,139.67,1090.39,78.66,1.49
Magur,9.9,7693,25.1,777.07,24.3,6.73,4.06,0.95,0.07,108.1,26.1,5.078,171,44.6,245.37,71.52,1.75
Magur,89.2,1127,76.0,12.63,24.6,8.07,4.62,0.5,0.56,98.3,25.7,2.278,195,143.56,134.93,83.4,1.62
Rohu,15.4,7045,77.8,457.47,24.4,7.56,6.33,0.3,0.15,138.5,28.6,9.921,109,112.76,677.32,85.26,1.57
Silver Carp,95.0,4316,75.4,45.43,29.8,8.47,4.55,0.54,0.54,92.4,34.4,8.624,116,105.57,330.43,72.52,1.85
Pangasius,100.0,8392,70.2,83.92,27.3,8.16,3.7,0.41,0.29,144.3,34.4,17.026,232,174.51,1253.62,85.6,1.37
Pangasius,78.0,7616,65.9,97.64,30.7,6.73,4.11,0.07,0.07,149.5,32.5,14.806,109,107.94,741.59,90.21,1.6
Rohu,6.2,1736,57.4,280.0,28.8,7.83,5.49,1.17,0.44,113.6,28.3,2.491,212,99.66,120.67,69.75,1.84
Tilapia,21.1,2184,33.5,103.51,25.9,7.03,5.44,0.71,0.24,74.8,33.2,1.727,189,73.34,141.69,88.46,1.37
Rohu,9.1,3182,10.8,349.67,30.9,7.05,7.15,0.88,0.41,151.6,31.9,0.942,122,15.71,39.18,78.36,1.94
Catla,53.7,2496,18.3,46.48,25.5,7.06,4.91,0.36,0.88,165.6,33.6,1.297,216,36.16,74.03,82.03,1.57
Silver Carp,86.0,7767,18.3,90.31,24.9,8.12,7.12,0.18,0.98,151.3,30.5,3.866,163,31.46,205.23,83.98,1.68
Shing,22.3,412,73.4,18.48,31.9,7.14,3.68,0.12,0.08,123.7,32.2,0.514,221,146.52,50.21,83.17,1.59
Thai Koi,56.8,7947,59.2,139.91,24.3,8.39,5.03,0.19,0.11,100.1,33.0,12.185,133,100.88,687.77,85.79,1.56
Mrigal,82.4,4315,22.8,52.37,31.1,6.85,6.71,1.15,0.04,155.0,33.4,2.351,229,42.47,136.7,74.6,1.71
Common Carp,80.9,491,58.8,6.07,30.5,7.43,4.06,1.19,0.71,170.1,27.1,0.843,205,101.75,33.84,67.73,1.64
Tilapia,39.8,5811,25.1,146.01,28.8,7.64,4.28,0.67,0.67,164.9,32.3,3.953,211,54.01,252.95,80.6,1.43
Common Carp,98.0,6630,36.4,67.65,29.8,7.62,6.09,0.6,0.72,93.4,25.3,4.803,186,61.85,308.59,75.25,1.7
Gulsha,70.5,9603,44.1,136.21,26.3,6.9,5.85,0.76,0.68,102.0,30.4,8.936,230,86.87,614.59,73.67,1.78
Common Carp,71.5,3458,15.7,48.36,31.0,6.77,6.92,1.0,0.73,90.0,31.1,1.01,117,22.08,54.24,71.03,1.64
Rohu,55.7,8599,11.4,154.38,27.4,6.74,7.4,0.35,0.03,83.6,33.0,2.686,143,18.65,127.56,79.53,1.75
Thai Koi,47.9,5732,19.8,119.67,26.0,6.98,6.41,0.57,0.27,127.5,27.4,3.11,105,29.69,144.19,84.73,1.56
Silver Carp,13.7,7469,26.4,545.18,27.1,6.58,5.56,0.24,0.05,125.7,28.0,3.53,158,43.03,251.83,78.35,1.67
Shing,35.3,5246,29.0,148.61,31.2,6.99,6.43,0.81,0.97,108.9,33.6,2.814,90,42.88,176.04,78.26,1.7
Silver Carp,61.1,2452,29.8,40.13,30.9,8.14,3.84,1.15,0.44,179.3,31.2,1.447,214,52.56,87.24,67.69,1.94
Tilapia,65.4,6986,32.9,106.82,25.6,6.72,4.62,0.18,0.88,157.0,26.2,4.574,206,76.38,432.33,81.02,1.22
Pabda,68.3,9416,63.7,137.86,28.6,7.05,5.65,1.14,0.23,122.8,31.4,11.036,139,103.5,709.98,72.85,1.86
Koi,55.2,1252,15.4,22.68,31.1,8.25,6.56,0.55,0.14,77.9,34.7,0.301,173,29.93,30.08,80.27,1.48
Common Carp,38.9,9209,50.8,236.74,27.0,8.42,4.92,0.24,0.27,92.7,32.8,10.619,128,79.88,570.37,77.54,1.58
Pabda,38.8,8153,32.0,210.13,31.1,6.96,4.26,0.84,0.76,137.5,34.8,7.409,109,47.16,270.54,70.37,1.63
Silver Carp,26.4,3517,16.6,133.22,26.9,7.76,3.88,0.11,0.26,116.4,33.1,0.934,133,26.84,79.36,84.06,1.7
Tilapia,47.2,8071,67.8,171.0,29.5,7.84,5.35,0.79,0.47,172.4,30.9,13.461,234,161.87,1032.77,79.05,1.49
Pangasius,17.5,7581,45.0,433.2,26.3,8.07,4.7,1.2,0.84,96.9,26.2,7.71,114,64.67,305.32,62.28,1.71
Rohu,28.4,9512,46.0,334.93,30.4,8.14,4.2,0.61,0.95,142.2,30.2,11.989,184,79.03,539.67,71.79,1.76
Common Carp,25.1,2868,42.9,114.26,24.0,7.31,6.52,0.38,0.82,109.2,27.2,2.092,100,63.7,155.34,85.03,1.72
Mrigal,12.2,3243,22.8,265.82,25.0,8.05,6.29,0.22,0.53,115.1,25.4,1.952,142,34.21,86.69,78.15,1.69
Catla,63.7,8026,28.2,126.0,26.2,6.56,5.02,0.96,0.3,178.5,31.6,3.983,171,46.57,298.9,79.96,1.67
Koi,40.6,9080,49.5,223.65,30.9,6.8,6.62,0.21,0.5,173.0,29.9,7.281,178,92.62,723.95,86.08,1.41
Pangasius,18.0,1714,19.7,95.22,26.4,7.97,5.88,0.49,0.84,117.0,28.4,0.75,148,38.11,55.62,85.16,1.57
Pabda,66.1,4824,27.6,72.98,30.3,7.0,4.68,0.83,0.63,85.9,28.7,3.235,122,39.74,147.26,76.82,1.75
Catla,98.3,7297,56.4,74.23,26.7,8.14,6.71,0.72,0.04,135.5,28.8,10.083,178,101.5,623.45,84.18,1.8
Pabda,94.7,5934,24.2,62.66,28.3,8.04,3.71,0.42,0.47,124.8,25.4,3.432,160,42.05,206.6,82.79,1.56
Rohu,54.8,2462,8.1,44.93,28.3,8.25,7.19,1.19,0.46,110.4,30.4,0.349,136,11.81,21.03,72.34,1.73
Magur,80.8,7905,39.0,97.83,28.5,7.48,5.5,1.04,0.99,169.6,25.9,7.862,168,63.04,333.05,66.83,1.63
Pabda,80.6,4324,56.8,53.65,31.3,7.09,4.64,0.86,0.17,164.4,34.3,6.705,104,80.87,295.61,84.54,1.64
Koi,13.3,3068,16.8,230.68,28.9,7.08,6.79,0.18,0.48,166.9,28.9,1.417,92,25.07,64.58,83.96,1.41
Catla,47.9,1717,10.1,35.85,28.6,8.02,7.09,0.68,0.47,116.4,28.1,0.456,168,17.46,24.66,82.25,1.82
Magur,57.0,6482,55.3,113.72,28.4,7.62,7.25,1.19,0.21,109.2,25.9,8.46,237,110.68,527.86,73.58,1.7
Silver Carp,100.0,5176,16.9,51.76,30.4,8.36,3.83,0.11,0.72,93.3,29.5,2.152,236,30.34,111.9,71.26,1.95
Shing,33.2,4132,25.5,124.46,25.2,7.12,7.17,0.93,0.83,128.2,25.8,2.961,194,46.04,145.17,76.31,1.61
Tilapia,81.2,9452,21.0,116.4,25.7,7.57,7.18,0.43,0.53,142.3,31.3,5.856,212,51.91,419.19,85.43,1.36
Koi,24.9,2609,49.7,104.78,31.5,7.24,6.93,1.0,0.95,154.3,32.9,2.671,174,87.47,176.43,77.31,1.78
Koi,80.7,7731,26.9,95.8,25.4,7.43,7.19,0.65,0.54,100.7,33.6,5.116,207,55.65,328.29,76.31,1.64
Catla,7.0,8508,16.1,1215.43,27.3,8.43,7.36,0.76,0.58,78.2,29.6,3.644,223,26.45,144.38,64.16,1.86
Rohu,93.9,6893,45.3,73.41,31.2,7.21,4.37,0.3,0.34,126.9,28.9,8.868,229,93.59,600.02,93.01,1.69
Thai Koi,76.1,4540,28.4,59.66,31.3,8.23,3.82,0.97,0.03,119.5,26.5,2.347,205,52.85,172.8,72.01,1.64
Common Carp,90.8,3638,46.3,40.07,27.7,6.89,4.62,1.06,0.15,96.6,25.9,3.84,142,76.11,202.83,73.25,1.9
Common Carp,97.3,3094,76.8,31.8,32.0,7.85,5.12,0.3,0.94,96.9,32.9,4.942,222,157.56,402.56,82.58,1.55
Rohu,12.2,3143,51.6,257.62,29.9,7.55,5.42,0.9,0.93,82.6,30.4,3.519,173,79.72,177.54,70.86,1.71
Catla,80.4,6697,46.8,83.3,31.2,7.88,7.11,0.55,0.16,99.9,32.4,6.895,155,76.15,420.42,82.44,1.79
Gulsha,49.5,6641,32.2,134.16,30.0,7.38,7.05,0.61,0.18,137.7,32.6,4.512,202,62.06,345.73,83.89,1.72
Common Carp,16.9,6006,54.5,355.38,30.4,7.58,6.67,1.02,0.86,96.1,28.1,7.201,212,93.92,340.61,60.38,1.65
Silver Carp,36.5,7380,41.5,202.19,27.4,7.72,4.51,0.28,0.4,163.1,25.2,8.821,143,65.73,410.06,84.54,1.79
Thai Koi,76.9,5558,33.1,72.28,31.0,7.46,4.81,0.7,0.39,176.2,32.8,3.256,198,69.23,322.28,83.76,1.63
Rohu,39.1,5049,34.1,129.13,24.8,7.55,4.78,0.63,0.23,83.7,34.1,5.096,135,54.05,230.2,84.36,1.63
Common Carp,62.5,2212,42.0,35.39,24.2,8.21,6.94,0.92,0.3,156.8,29.8,2.35,230,86.88,152.09,79.14,1.61
Magur,81.2,7342,70.5,90.42,29.1,7.59,6.53,0.28,0.98,154.6,27.5,11.025,101,104.08,634.0,82.97,1.46
Shing,80.6,3024,41.4,37.52,28.7,7.55,5.07,0.56,0.49,108.2,28.2,3.756,98,59.83,148.89,82.29,1.5
Pangasius,92.5,915,66.9,9.89,29.9,8.25,5.72,0.37,0.91,85.5,31.1,1.573,223,160.95,118.67,80.58,1.52
Catla,5.3,5156,12.6,972.83,24.0,7.52,4.67,0.82,0.04,112.2,27.4,1.429,203,22.72,86.39,73.76,1.72
Common Carp,67.2,4964,56.3,73.87,28.5,8.18,6.86,0.25,0.55,113.3,27.1,6.819,164,96.6,395.08,82.39,1.66
Catla,81.3,9915,6.7,121.96,25.4,7.27,6.04,0.38,0.48,120.6,26.7,1.986,99,9.76,87.18,90.09,1.81
Koi,76.1,3549,46.7,46.64,26.5,8.15,4.3,0.33,0.19,134.3,25.1,3.597,134,80.62,259.15,90.57,1.5
Thai Koi,71.0,4747,56.8,66.86,29.1,7.43,6.16,0.15,0.61,90.6,33.7,5.5,160,107.37,421.35,82.67,1.57
Tilapia,28.0,1388,19.2,49.57,28.3,7.13,6.61,0.05,0.06,115.3,34.1,0.45,207,47.68,62.27,94.09,1.44
Mrigal,28.0,9603,18.3,342.96,24.8,7.06,4.6,0.2,0.96,124.8,32.1,3.005,96,24.16,174.09,75.03,1.92
Magur,81.4,5110,25.4,62.78,25.2,8.32,7.23,1.17,0.4,144.9,25.3,3.232,131,40.97,148.44,70.91,1.64
Tilapia,62.8,1783,56.3,28.39,27.7,7.35,6.91,0.82,0.58,87.0,25.1,1.737,127,95.48,132.42,77.78,1.58
Shing,62.1,440,30.7,7.09,30.5,7.64,5.19,0.44,0.94,140.6,32.4,0.272,100,45.35,16.5,82.66,1.58
Catla,63.2,4618,9.8,73.07,25.0,7.44,4.82,0.23,0.56,73.6,33.6,0.742,145,15.86,61.91,84.56,1.78
Magur,68.1,2642,41.0,38.8,29.4,7.66,4.4,0.59,1.0,121.1,34.6,3.076,187,76.04,150.89,75.11,1.62
Pabda,70.2,2871,72.5,40.9,26.1,7.15,7.34,0.27,0.28,91.4,28.4,5.474,188,144.87,373.41,89.78,1.65
Shing,21.2,9823,44.5,463.35,29.4,7.13,6.62,0.99,0.57,150.5,33.9,8.087,114,67.41,470.94,71.12,1.79
Gulsha,99.8,9951,11.4,99.71,29.1,7.13,4.43,1.02,0.17,106.4,26.9,2.292,214,20.87,155.49,74.88,1.64
Rohu,15.5,6206,37.8,400.39,29.8,7.88,7.03,0.45,0.36,146.6,33.9,6.287,139,58.76,305.28,83.72,1.64
Koi,76.2,3401,79.5,44.63,27.3,6.82,6.22,1.1,0.69,132.5,30.9,6.787,209,144.42,326.77,66.53,1.7
Pabda,92.3,5707,70.9,61.83,25.2,6.78,5.7,0.87,0.59,126.3,28.6,11.127,143,114.5,451.99,69.17,1.88
Catla,61.4,3639,32.8,59.27,25.5,8.15,5.4,0.53,0.84,96.1,33.5,3.115,115,47.42,130.48,75.62,1.87
Magur,45.5,5947,66.4,130.7,24.0,7.84,6.12,0.65,0.51,131.0,33.1,9.833,106,101.28,471.85,78.34,1.55
Pabda,12.4,3561,79.3,287.18,25.4,7.3,3.54,0.22,0.61,80.3,32.6,7.455,152,123.98,308.73,69.93,1.7
Silver Carp,34.5,7670,56.0,222.32,30.9,7.32,4.35,1.14,0.82,92.8,34.6,7.044,98,72.6,340.4,61.13,1.83
Mrigal,67.5,4093,40.0,60.64,27.4,7.15,4.68,0.46,0.42,95.3,31.3,3.962,146,68.04,251.57,90.34,1.56
Mrigal,45.3,5790,20.1,127.81,28.8,7.53,6.59,0.62,0.68,168.1,29.2,3.363,193,35.74,155.25,75.03,1.91
Magur,61.4,4377,77.8,71.29,25.0,8.16,3.72,0.3,0.8,82.4,29.5,6.198,119,117.05,394.38,76.98,1.75
Pabda,77.8,5725,8.2,73.59,24.6,7.74,4.7,0.47,0.93,80.7,34.0,0.765,211,15.56,74.28,83.38,1.74
Tilapia,21.6,344,27.2,15.93,31.3,7.68,5.36,0.32,0.62,157.6,32.1,0.24,155,54.73,16.28,86.47,1.37
Common Carp,26.8,9626,33.7,359.18,30.0,7.56,7.17,1.15,0.84,139.5,34.8,5.904,155,50.89,301.15,61.48,1.62
Tilapia,49.5,6180,12.3,124.85,26.6,8.22,4.37,0.76,0.36,78.6,26.1,1.764,203,27.47,141.53,83.38,1.47
Thai Koi,85.6,3959,49.0,46.25,30.2,6.61,5.18,0.59,0.82,129.3,25.1,4.869,212,97.26,280.08,72.74,1.61
Magur,5.1,6110,69.2,1198.04,25.7,6.92,5.64,1.1,0.23,176.2,25.6,8.583,157,110.49,459.55,68.07,1.58
Silver Carp,21.4,1360,20.9,63.55,30.5,7.71,5.13,0.53,0.74,155.5,32.2,0.821,115,30.58,31.06,74.7,1.97
Pangasius,98.3,3755,51.7,38.2,24.2,8.47,3.85,1.17,0.79,94.1,26.4,4.174,159,84.11,189.49,60,1.71
Koi,73.1,5761,60.2,78.81,24.8,7.09,6.8,0.22,0.73,137.3,33.6,8.67,100,92.32,456.56,85.84,1.46
Koi,31.7,9762,24.5,307.95,25.3,8.33,4.46,0.61,0.26,118.7,32.2,4.831,101,34.65,240.0,70.96,1.51
Pangasius,21.3,6523,68.7,306.24,30.4,8.48,5.58,0.96,0.32,109.3,25.7,10.531,136,118.26,579.49,75.12,1.56
Catla,96.0,7643,56.6,79.61,27.9,7.79,5.98,0.92,0.73,145.4,25.1,8.479,192,101.69,578.93,74.49,1.79
Magur,60.8,363,79.0,5.97,26.8,7.53,7.43,1.08,0.75,142.4,28.9,0.685,104,112.83,27.13,66.24,1.79
Gulsha,53.5,6325,43.7,118.22,25.0,8.19,5.79,0.73,0.42,117.3,28.1,7.214,147,74.13,383.95,81.89,1.71
Shing,79.0,6233,15.4,78.9,31.3,8.46,7.33,0.41,0.78,73.4,31.2,2.515,209,31.03,150.44,77.79,1.45
Catla,32.8,7932,31.0,241.83,31.8,7.49,3.6,0.1,0.6,121.6,31.5,6.147,219,55.96,311.16,70.1,1.71
Pangasius,71.9,9683,50.1,134.67,29.1,8.09,3.77,0.23,0.64,159.6,32.7,10.09,175,103.76,777.45,77.38,1.57
Mrigal,95.2,4764,43.1,50.04,29.8,7.68,3.73,0.7,0.81,107.3,29.8,3.983,195,75.27,251.01,70.0,1.73
Common Carp,27.2,9581,13.6,352.24,27.8,7.28,6.94,0.77,0.18,106.8,30.0,3.57,156,22.92,168.25,76.63,1.88
Pangasius,12.8,5583,20.7,436.17,28.0,6.98,3.59,0.58,0.25,93.7,33.8,2.277,114,33.11,133.26,72.08,1.6
Shing,61.2,586,73.9,9.58,26.4,8.21,4.25,0.09,0.91,89.6,27.1,0.974,239,164.05,76.09,79.15,1.58
Common Carp,80.9,4648,48.8,57.45,28.3,8.15,5.7,0.22,0.73,174.6,30.2,3.538,136,77.66,303.01,83.94,1.57
Common Carp,63.6,8106,43.6,127.45,29.0,8.37,4.37,0.61,0.28,136.2,27.0,8.129,163,73.77,483.64,80.88,1.54
Pabda,88.0,2127,31.1,24.17,26.5,7.32,7.42,1.11,0.05,74.3,32.1,1.204,107,42.69,67.82,74.7,1.64
Thai Koi,58.1,8255,58.9,142.08,30.5,6.88,4.0,1.16,0.42,150.5,31.7,9.238,239,122.83,769.48,75.89,1.56
Tilapia,85.4,3516,11.8,41.17,30.7,7.73,6.1,0.48,0.3,163.7,35.0,1.083,185,26.2,86.25,93.63,1.48
Silver Carp,15.2,7503,79.8,493.62,26.7,6.76,5.91,0.51,0.31,132.0,26.8,16.884,196,133.02,706.13,70.75,1.97
Magur,69.5,4331,64.3,62.32,31.8,7.68,4.76,0.74,0.32,115.3,31.1,4.289,221,141.33,518.14,84.65,1.53
Magur,14.0,2267,68.0,161.93,30.0,7.9,6.03,0.41,0.76,177.6,31.9,2.759,105,96.17,163.99,75.22,1.77
Pabda,94.2,5990,38.4,63.59,29.6,8.16,7.2,1.15,0.6,77.1,31.0,5.198,237,68.69,280.26,68.12,1.63
Pabda,82.7,8738,20.5,105.66,31.9,7.21,7.18,0.9,0.76,129.1,26.4,4.729,172,36.55,244.51,76.57,1.6
Gulsha,89.5,8967,74.2,100.19,27.6,6.9,6.28,0.47,0.86,167.1,29.6,19.495,120,120.11,870.99,80.87,1.66
Magur,32.2,6116,47.5,189.94,30.6,8.28,4.83,0.37,0.97,179.0,34.2,6.914,207,86.26,369.04,69.95,1.59
Shing,37.2,765,59.5,20.56,31.8,6.91,7.18,1.1,0.63,102.8,29.0,0.929,102,82.65,41.73,65.99,1.76
Silver Carp,30.5,4292,74.3,140.72,27.6,7.14,4.78,0.18,0.77,154.2,25.5,8.068,142,114.51,406.41,82.69,1.85
Gulsha,20.0,6938,78.9,346.9,31.9,7.68,5.36,1.0,0.05,84.3,27.7,15.382,161,135.69,700.61,74.42,1.65
Koi,95.1,2026,53.5,21.3,30.1,7.95,5.41,0.67,0.33,96.1,34.7,1.962,142,96.25,167.23,85.76,1.36
Mrigal,89.4,3632,45.3,40.63,31.4,7.91,7.47,0.51,0.27,85.3,33.5,4.13,117,66.3,204.14,84.78,1.75
Rohu,22.7,1170,23.3,51.54,25.7,7.92,4.38,0.97,0.6,82.3,27.1,0.499,175,37.75,33.85,76.64,1.83
Pabda,24.9,1920,79.8,77.11,24.6,7.87,3.93,1.16,0.88,133.5,32.4,3.202,236,143.65,165.49,60,1.7
Magur,69.1,6592,58.0,95.4,28.8,6.52,4.29,0.59,0.66,144.7,27.1,7.8,134,90.89,435.65,72.71,1.79
Shing,32.2,2889,47.6,89.72,28.2,8.28,7.45,0.97,0.98,129.6,34.1,2.173,98,70.8,143.88,70.34,1.85
Thai Koi,7.0,5256,58.1,750.86,27.9,7.43,4.25,0.85,0.96,114.8,33.6,8.245,99,87.78,327.11,70.9,1.54
Rohu,56.2,9831,23.6,174.93,25.2,6.74,6.25,0.78,0.38,165.7,25.3,6.241,96,30.5,223.35,74.49,1.85
Catla,70.3,3695,66.8,52.56,30.0,8.25,6.99,0.81,0.12,174.6,28.0,4.69,100,97.64,277.98,77.05,1.63
Magur,91.6,2626,20.2,28.67,24.5,7.29,6.69,1.06,0.85,70.8,34.4,1.252,117,30.62,52.91,65.79,1.79
Mrigal,28.8,2677,57.1,92.95,26.6,7.87,4.6,0.92,0.49,115.2,27.1,3.974,101,84.19,186.2,82.62,1.55
Pabda,9.8,4943,21.6,504.39,24.8,6.89,4.86,0.91,0.73,157.1,31.7,3.043,235,42.28,144.12,68.96,1.72
Gulsha,86.9,4602,61.3,52.96,24.1,7.09,7.15,1.08,0.49,82.1,25.7,4.824,119,94.22,325.28,75.02,1.65
Koi,30.0,1968,15.1,65.6,26.1,8.27,4.48,1.07,0.77,114.9,34.3,0.672,92,20.48,25.21,62.53,1.62
Magur,96.9,1708,59.1,17.63,26.5,7.48,4.46,0.94,0.28,107.6,27.4,2.826,131,99.73,140.33,82.38,1.47
Rohu,20.6,7410,14.4,359.71,30.4,6.74,3.67,0.64,0.68,103.9,26.3,2.006,120,19.41,86.29,60,1.74
Shing,19.8,7234,69.0,365.35,31.0,7.67,5.05,0.46,0.48,133.3,25.5,9.634,93,98.76,608.74,85.21,1.49
Shing,32.3,2206,14.6,68.3,30.5,7.43,4.2,0.37,0.14,164.6,31.0,0.702,121,23.78,47.53,90.6,1.43
Thai Koi,69.5,9333,46.4,134.29,28.7,8.33,5.66,0.74,0.07,93.2,34.9,12.558,229,101.43,776.52,82.03,1.6
Mrigal,36.2,319,50.8,8.81,25.9,6.63,5.76,0.47,0.81,117.8,29.6,0.47,170,85.07,21.12,77.82,1.71
Magur,67.8,7099,11.2,104.71,24.3,6.77,5.35,0.67,0.78,130.6,33.1,2.242,186,20.64,106.46,72.67,1.71
Silver Carp,63.4,880,78.2,13.88,28.8,7.16,4.48,0.51,0.13,108.9,33.8,1.163,228,152.61,109.15,81.27,1.68
Tilapia,63.7,4375,40.5,68.68,27.7,7.55,4.61,0.37,0.85,96.0,32.8,3.367,205,95.93,364.5,86.85,1.24
Pangasius,62.9,8428,32.0,133.99,28.7,8.3,4.42,0.16,0.93,160.1,26.0,4.504,225,75.09,517.79,81.82,1.54
Pangasius,49.6,1767,9.6,35.62,26.2,7.05,4.07,0.96,0.16,156.8,25.3,0.485,175,19.88,30.76,87.55,1.35
Mrigal,6.8,4342,36.3,638.53,30.5,7.03,5.09,0.68,0.53,168.0,28.8,4.397,183,59.32,179.53,69.7,1.8
Pangasius,43.8,8930,13.7,203.88,29.9,7.42,3.75,1.17,0.06,154.7,25.6,2.337,229,26.43,148.06,62.73,1.54
Tilapia,23.9,6177,25.8,258.45,30.7,8.42,6.43,0.8,0.35,176.5,29.6,4.064,221,56.96,264.39,75.15,1.44
Thai Koi,57.7,3316,12.0,57.47,24.3,7.51,3.78,0.72,0.79,161.5,32.2,1.007,228,25.14,57.88,69.42,1.61
Silver Carp,88.1,969,37.6,11.0,25.3,7.94,6.31,0.44,0.62,151.2,29.9,0.663,187,67.32,53.33,81.76,1.83
Pangasius,75.7,5798,78.5,76.59,24.3,7.79,5.13,1.07,0.37,132.0,30.6,8.466,98,122.97,535.0,75.04,1.66
Mrigal,36.9,9194,29.3,249.16,27.2,6.78,7.24,1.17,0.87,78.1,33.5,5.064,143,42.74,235.75,60,1.72
Rohu,37.5,1831,8.0,48.83,27.5,7.04,6.14,1.08,0.47,107.0,34.5,0.341,197,13.8,19.34,76.56,1.81
Gulsha,32.2,2826,17.6,87.76,26.6,6.97,4.23,0.56,0.75,149.0,29.3,1.403,179,30.34,64.72,75.49,1.68
Pangasius,10.0,5268,27.1,526.8,29.7,7.38,5.3,1.06,0.54,75.3,25.3,3.797,112,41.75,136.89,62.24,1.6
Mrigal,35.7,1398,12.6,39.16,24.8,6.62,4.13,0.59,0.93,98.4,29.8,0.454,209,22.31,22.47,72.03,1.83
Tilapia,47.7,9582,46.0,200.88,26.3,7.65,6.14,1.04,0.2,116.0,25.6,7.141,129,76.95,506.99,68.76,1.5
Pabda,77.9,1554,9.2,19.95,24.7,7.37,4.84,0.9,0.53,73.0,27.3,0.402,109,13.85,16.54,76.82,1.9
Rohu,61.9,1821,29.3,29.42,27.0,7.78,5.76,1.17,0.45,81.8,32.5,0.928,231,52.6,71.88,75.04,1.76
Koi,13.5,4107,45.3,304.22,24.4,8.14,4.97,0.84,0.04,163.3,30.1,2.921,194,84.21,261.77,75.69,1.57
Catla,94.6,6964,39.4,73.62,30.3,8.0,5.1,0.22,0.27,136.0,33.8,7.765,169,70.97,444.5,89.94,1.67
Common Carp,75.3,1348,67.1,17.9,26.7,7.09,4.9,1.0,0.74,119.1,33.1,2.578,195,121.44,125.27,76.52,1.64
Magur,83.4,8879,8.7,106.46,27.2,8.2,4.16,0.28,0.76,76.8,28.8,2.117,105,13.86,102.08,82.94,1.55
Koi,76.3,4402,41.1,57.69,28.5,8.07,6.14,0.9,0.75,91.7,31.3,4.957,232,87.73,298.89,77.39,1.76
Catla,21.5,9992,17.4,464.74,26.5,8.0,5.05,1.14,0.73,120.8,32.8,3.981,109,23.76,142.46,60,1.95
Rohu,64.4,8453,6.0,131.26,27.0,7.19,4.95,1.06,0.62,76.1,30.5,1.253,167,9.45,54.91,68.71,1.7
Thai Koi,9.3,1785,70.4,191.94,31.1,7.04,4.21,0.26,0.1,119.2,31.1,2.978,169,128.88,192.67,83.75,1.56
Pangasius,16.3,5774,63.3,354.23,31.0,7.35,5.63,1.08,0.36,108.4,32.3,8.26,220,132.0,536.04,70.33,1.58
Catla,9.2,5010,43.3,544.57,28.7,7.36,4.09,0.52,0.89,122.9,26.5,6.508,235,78.51,272.34,69.24,1.88
Thai Koi,6.6,3454,30.3,523.33,24.6,7.35,6.01,0.98,0.29,88.1,31.8,2.564,121,48.26,128.93,77.34,1.65
Silver Carp,43.1,422,24.8,9.79,28.6,7.75,5.71,0.68,0.87,105.2,28.9,0.243,173,41.32,12.94,74.21,1.75
Thai Koi,84.7,9397,63.0,110.94,29.4,8.1,7.36,0.67,0.49,83.9,30.7,15.57,183,122.5,960.27,83.42,1.52
Catla,21.1,8039,16.7,381.0,31.6,6.57,4.29,0.48,0.98,151.6,30.6,2.255,176,27.37,155.47,70.66,1.81
Tilapia,47.5,5818,46.5,122.48,24.5,7.77,7.41,0.59,0.71,156.7,34.4,7.927,240,112.56,521.69,79.66,1.44
Common Carp,58.3,2578,21.8,44.22,26.2,7.92,4.3,0.27,0.62,74.4,28.7,0.939,105,33.69,73.39,84.51,1.56
Pabda,37.5,1657,42.1,44.19,24.5,8.21,5.27,0.61,0.16,122.9,26.7,1.458,158,68.05,86.44,76.66,1.46
Gulsha,75.7,1093,37.2,14.44,31.0,7.02,6.73,0.07,0.82,115.2,28.8,0.854,136,60.96,54.8,82.25,1.75
Gulsha,16.8,623,60.7,37.08,25.8,8.46,6.8,0.95,0.06,71.3,33.5,0.632,215,122.17,59.02,77.54,1.47
Tilapia,31.3,1529,78.4,48.85,31.8,7.56,5.56,0.16,0.71,98.5,34.5,2.661,228,192.35,250.05,85.02,1.27
Shing,55.2,6290,26.3,113.95,28.8,7.51,5.9,0.37,0.68,84.0,31.0,4.235,139,44.87,233.43,82.7,1.5
Thai Koi,40.8,5344,44.6,130.98,26.9,7.61,4.43,0.77,0.37,174.8,29.4,4.076,170,83.07,373.04,84.03,1.62
Catla,59.5,3354,65.7,56.37,24.6,8.1,5.85,0.98,0.74,146.4,34.2,3.966,121,93.32,239.54,76.53,1.95
Magur,30.7,4815,12.4,156.84,28.4,6.83,6.51,0.42,0.18,108.5,32.3,1.63,102,18.24,72.22,82.25,1.67
Gulsha,83.8,9852,72.6,117.57,30.9,7.35,4.91,0.31,0.84,103.1,27.4,12.445,228,148.0,1221.0,83.74,1.69
Common Carp,85.4,1805,74.8,21.14,26.1,7.87,4.16,0.52,0.39,104.9,33.9,3.902,166,130.47,195.86,83.17,1.7
Common Carp,6.0,9948,73.6,1658.0,29.8,7.81,4.09,0.07,0.43,176.1,28.5,18.304,235,153.77,1284.68,83.98,1.69
Catla,90.1,2997,70.5,33.26,30.6,8.27,4.32,1.14,0.75,155.7,29.0,3.867,193,111.83,207.89,62.03,1.99
Catla,45.1,4626,38.5,102.57,27.4,8.28,5.88,0.54,0.22,91.7,28.5,3.954,153,60.38,224.03,80.21,1.62
Mrigal,75.6,8411,16.7,111.26,29.8,7.68,3.72,1.17,0.75,142.9,29.9,2.964,238,30.07,155.94,61.65,1.81
Shing,6.1,5714,38.7,936.72,29.2,7.38,7.41,0.88,0.08,179.6,26.2,3.494,114,56.19,245.19,76.37,1.85
Shing,53.6,4629,25.6,86.36,30.2,7.53,7.45,1.1,0.29,150.0,30.5,3.294,192,47.1,165.55,75.93,1.61
Gulsha,11.1,1840,23.4,165.77,25.9,8.23,6.98,0.53,0.13,93.3,30.7,0.736,219,43.86,58.61,72.63,1.6
Pangasius,29.6,5066,68.8,171.15,24.3,8.33,3.66,0.52,0.49,132.1,29.6,8.295,184,128.59,430.8,66.13,1.62
Koi,72.4,5247,68.7,72.47,29.0,7.44,7.16,0.1,0.79,169.7,28.5,9.12,166,133.67,598.62,85.35,1.48
Silver Carp,69.6,9499,60.9,136.48,25.0,7.22,5.09,1.07,0.39,92.4,34.3,14.636,184,99.72,695.35,73.41,1.87
Pabda,61.9,4900,77.0,79.16,27.4,6.73,4.05,0.89,0.75,161.0,32.0,7.848,107,105.71,366.06,70.67,1.86
Catla,29.4,5597,12.8,190.37,27.0,7.33,6.02,0.58,0.87,144.7,31.6,1.39,183,21.99,82.97,67.42,1.82
Mrigal,6.7,2460,29.6,367.16,32.0,8.39,4.29,0.57,0.22,180.0,27.6,1.209,193,47.97,87.04,73.76,1.73
Mrigal,64.1,6306,56.3,98.38,24.7,8.05,6.76,0.46,0.93,103.2,27.5,7.349,162,97.41,513.72,83.63,1.51
Shing,92.6,937,49.7,10.12,26.8,6.85,4.81,0.2,0.39,84.1,26.6,1.048,188,98.71,84.34,91.19,1.44
Rohu,38.3,9535,15.1,248.96,25.2,8.03,4.57,0.96,0.43,158.1,25.6,2.736,218,28.08,207.28,77.42,1.86
Silver Carp,74.4,7430,14.8,99.87,27.6,7.0,5.02,0.86,0.19,79.7,26.8,3.046,123,22.61,142.16,84.62,1.57
Tilapia,29.9,5618,69.0,187.89,27.2,7.6,6.38,1.17,0.22,111.3,27.2,10.505,144,118.9,453.97,67.96,1.51
Gulsha,29.2,7402,65.9,253.49,26.5,7.09,5.89,0.06,0.33,127.6,31.5,12.0,191,123.18,752.59,82.54,1.6
Koi,17.2,3111,51.9,180.87,31.8,7.97,6.5,0.25,0.17,116.1,26.9,3.875,159,93.3,250.99,86.47,1.5
Gulsha,48.1,3934,47.8,81.79,27.9,7.77,5.87,0.53,0.84,103.6,25.5,3.592,140,73.78,223.41,76.97,1.7
Koi,56.3,1574,19.6,27.96,31.5,8.06,7.08,0.65,0.39,95.4,30.5,0.706,109,30.1,40.0,84.43,1.41
Pangasius,40.4,8560,48.3,211.88,25.3,7.26,7.18,0.05,0.55,150.3,30.2,7.897,188,97.27,663.5,79.69,1.67
Catla,92.5,7870,76.1,85.08,28.9,6.91,7.38,0.25,0.92,135.1,33.7,13.535,113,114.27,732.58,81.46,1.58
Pabda,98.5,3295,15.9,33.45,24.6,6.51,6.73,0.16,0.54,77.3,28.6,1.435,145,26.06,66.76,77.75,1.63
Magur,24.2,9514,15.0,393.14,29.1,8.4,3.55,0.97,0.93,94.7,28.2,2.926,169,22.87,130.55,60,1.78
Thai Koi,76.0,7179,20.8,94.46,24.8,6.94,7.0,0.84,0.32,141.8,25.5,2.449,152,39.13,241.51,85.98,1.44
Mrigal,48.3,6626,38.3,137.18,28.3,6.93,5.93,1.02,0.28,83.4,33.2,4.771,108,52.98,263.2,74.97,1.93
Shing,29.2,8915,14.8,305.31,29.1,7.82,4.0,0.29,0.72,176.7,28.9,2.111,232,31.12,215.78,77.77,1.72
Mrigal,17.5,6814,77.0,389.37,27.3,7.47,4.29,0.58,0.72,156.1,29.1,13.904,236,137.77,640.54,68.23,1.66
Thai Koi,85.3,338,74.9,3.96,31.8,7.71,6.73,0.09,0.36,94.3,30.4,0.608,239,174.3,53.89,91.48,1.63
Shing,6.6,5925,47.8,897.73,24.9,7.25,6.19,0.21,0.89,78.1,27.7,5.721,180,87.12,402.22,77.92,1.68
Pabda,98.4,8016,33.1,81.46,29.1,7.08,3.95,0.52,0.16,132.8,34.4,7.217,104,45.61,281.03,76.87,1.69
Common Carp,74.8,4849,52.8,64.83,24.1,7.64,5.92,0.72,0.76,137.4,26.0,4.173,142,87.32,331.08,78.19,1.81
Pangasius,67.9,4535,17.7,66.79,27.0,8.5,5.9,0.64,0.21,170.9,31.4,2.296,127,30.55,112.25,81.01,1.32
Catla,14.7,2355,32.4,160.2,28.5,8.5,5.89,0.64,0.4,86.3,29.5,2.007,123,47.77,79.23,70.43,1.9
Silver Carp,30.5,4225,40.0,138.52,28.8,7.67,5.16,0.63,0.16,89.7,29.0,4.124,199,74.15,259.0,82.67,1.67
Silver Carp,89.1,8111,48.8,91.03,29.1,8.37,5.67,0.29,0.07,171.4,30.3,10.37,193,88.1,623.92,87.31,1.58
Koi,43.1,3724,21.8,86.4,26.0,7.11,4.04,1.06,0.89,126.8,32.4,2.216,189,39.27,99.5,68.04,1.63
Pabda,32.9,7124,53.8,216.53,30.0,7.58,3.65,0.67,0.19,123.6,28.0,5.941,137,85.0,413.52,68.29,1.61
Pangasius,47.6,4169,66.0,87.58,27.3,6.65,6.83,0.4,0.6,84.2,32.3,5.833,161,125.33,425.95,81.52,1.49
Rohu,97.1,1382,26.9,14.23,31.7,7.79,5.44,1.14,0.16,96.9,27.2,0.747,156,41.39,42.74,74.72,1.69
Thai Koi,27.7,3753,72.4,135.49,30.2,7.35,6.2,1.18,0.49,145.5,33.0,6.983,211,146.49,410.85,74.73,1.79
Tilapia,27.7,7875,56.2,284.3,29.7,7.9,4.18,0.09,0.07,86.8,30.8,8.896,105,90.21,621.08,87.43,1.47
Shing,39.7,3001,28.4,75.59,30.5,6.91,5.19,0.99,0.56,73.4,32.7,1.722,159,50.22,113.03,75.0,1.84
Tilapia,13.4,6363,9.2,474.85,25.5,7.3,4.43,0.3,0.99,177.4,27.3,1.095,91,13.77,69.85,79.72,1.44
Mrigal,28.2,1151,29.6,40.82,27.8,7.79,3.63,1.04,0.51,154.8,33.7,0.739,132,39.64,27.69,60.7,1.66
Gulsha,75.8,4036,47.8,53.25,30.6,7.76,4.64,0.31,0.41,78.8,25.9,5.074,119,79.6,284.72,88.63,1.65
Koi,41.9,7820,27.3,186.63,30.5,8.01,4.08,0.3,0.54,100.0,33.8,5.785,132,43.92,263.59,76.74,1.56
Pabda,72.6,4805,48.0,66.18,24.1,7.18,6.44,0.59,0.25,87.9,26.1,6.412,175,82.57,325.21,81.97,1.56
Catla,85.5,4394,13.4,51.39,26.1,7.97,4.34,0.26,0.92,154.4,27.9,1.684,208,24.57,90.58,83.89,1.65
Rohu,68.9,7664,21.0,111.23,24.1,8.47,5.95,0.55,0.8,142.3,29.6,4.651,212,38.2,214.61,73.31,1.78
Pabda,58.9,7196,67.8,122.17,26.2,7.25,5.44,0.85,0.71,149.6,31.2,13.271,215,127.09,690.47,75.5,1.79
Tilapia,23.5,2679,11.4,114.0,25.2,7.95,5.57,0.44,0.55,70.1,32.9,0.785,121,19.8,45.68,86.13,1.27
Common Carp,71.2,9944,58.1,139.66,26.3,6.76,6.95,0.1,0.15,91.0,31.0,14.501,160,101.74,862.72,85.27,1.65
Rohu,8.0,6811,46.2,851.38,31.5,6.75,5.58,0.77,0.71,134.0,27.2,8.811,130,68.97,300.77,64.03,1.86
Magur,43.1,4111,75.3,95.38,24.6,8.17,5.01,0.15,0.89,164.9,32.5,6.191,147,124.98,438.01,85.25,1.48
Mrigal,57.3,3769,69.4,65.78,28.5,7.14,6.92,0.53,0.54,138.5,25.4,7.821,93,90.67,264.43,77.38,1.7
Mrigal,98.4,7097,30.8,72.12,28.4,7.75,5.97,0.61,0.32,111.6,31.7,6.295,240,61.23,367.3,84.53,1.53
Common Carp,12.4,8013,66.8,646.21,29.4,6.89,6.8,0.87,0.29,174.0,28.8,10.438,222,126.89,769.49,75.68,1.9
Silver Carp,84.3,4486,38.4,53.21,30.7,7.95,3.5,0.18,0.4,159.9,32.6,5.082,185,68.08,255.94,83.8,1.69
Catla,51.0,5519,47.4,108.22,27.3,6.72,4.14,0.94,0.98,111.7,27.0,5.677,197,79.67,314.16,71.45,1.73
Tilapia,81.3,3349,46.6,41.19,25.1,8.02,4.11,1.19,0.86,109.3,25.7,2.981,160,86.88,204.17,70.17,1.37
Catla,79.8,5858,67.8,73.41,27.1,8.46,5.33,0.61,0.56,145.4,28.2,11.558,131,98.26,407.99,70.88,1.94
Rohu,87.0,9983,35.8,114.75,28.9,7.19,5.31,0.1,0.94,72.2,34.0,7.112,237,74.01,612.72,82.93,1.65
Silver Carp,42.2,905,51.8,21.45,29.5,6.74,6.87,0.31,0.95,112.7,30.6,0.722,222,101.56,72.74,79.14,1.65
Mrigal,54.1,9527,20.3,176.1,27.6,8.36,4.64,0.31,0.93,72.3,32.5,3.636,127,28.92,196.25,71.22,1.75
Silver Carp,20.4,9485,10.1,464.95,29.4,8.31,3.97,1.18,0.91,78.5,25.6,2.337,119,13.18,74.99,60,1.76
Silver Carp,36.0,4738,24.1,131.61,26.2,7.72,6.36,0.89,0.28,132.9,34.0,2.09,237,50.3,194.61,81.65,1.83
Shing,88.9,7086,17.7,79.71,29.6,6.97,5.76,0.95,0.69,139.0,30.4,2.446,151,31.32,173.15,78.01,1.68
Koi,70.7,4612,53.8,65.23,25.6,6.9,7.18,0.08,0.9,112.0,30.8,3.92,214,111.77,445.91,86.5,1.52
Tilapia,63.4,8270,39.9,130.44,29.6,6.77,5.13,0.63,0.46,148.4,25.3,6.039,186,83.92,567.86,81.82,1.28
Pabda,19.4,1661,57.7,85.62,28.7,8.36,4.4,0.52,0.68,88.7,30.8,2.789,143,89.03,108.1,73.1,1.66
Silver Carp,24.4,7418,44.8,304.02,27.4,7.49,6.41,0.64,0.06,112.9,29.8,9.305,215,84.59,483.96,77.13,1.83
Magur,10.1,3451,73.4,341.68,31.8,6.93,4.56,0.11,0.13,149.3,31.7,4.154,160,128.89,365.31,82.13,1.4
Pabda,37.8,1279,79.8,33.84,28.6,6.78,3.66,0.86,0.22,128.2,34.8,2.96,129,122.63,114.54,73.03,1.85
Mrigal,13.5,4465,63.6,330.74,27.3,8.09,5.36,0.45,0.44,152.8,28.1,4.43,214,117.36,446.67,85.24,1.66
Koi,68.1,3979,71.0,58.43,29.4,6.72,3.57,0.72,0.86,81.1,34.8,6.187,116,102.38,267.92,65.77,1.55
Common Carp,57.2,3066,21.1,53.6,29.7,6.63,7.1,0.44,0.64,85.5,30.8,1.216,220,42.2,101.51,78.45,1.64
Thai Koi,59.8,4629,62.3,77.41,31.4,7.43,4.33,0.36,0.46,111.8,34.9,5.451,136,117.2,495.64,91.36,1.63
Common Carp,62.9,6230,55.1,99.05,29.7,7.08,4.02,0.87,0.81,119.8,32.7,6.762,190,99.27,462.72,74.82,1.66
Shing,41.7,9814,50.2,235.35,29.8,6.6,6.31,0.29,0.46,102.7,27.7,9.164,195,93.54,719.23,78.35,1.47
Catla,74.5,9414,51.9,126.36,29.0,6.95,5.37,0.21,0.53,161.3,34.2,10.553,178,90.95,714.38,83.44,1.59
Magur,12.0,8769,11.1,730.75,25.6,8.37,3.55,0.18,0.88,70.1,34.2,2.064,181,18.36,106.01,65.86,1.56
Mrigal,32.8,6505,21.3,198.32,27.6,6.53,7.49,0.46,0.32,153.7,34.0,2.286,148,35.53,184.62,79.88,1.62
Silver Carp,34.1,6839,54.0,200.56,26.4,6.73,4.49,1.14,0.77,102.2,29.8,10.562,96,68.63,281.62,60,1.8
Koi,95.5,9794,77.0,102.55,27.2,7.29,5.37,0.17,0.25,75.5,34.8,18.929,147,150.18,1366.42,92.9,1.46
Thai Koi,90.2,8433,46.5,93.49,31.4,7.76,5.0,0.81,0.25,141.6,30.7,9.686,203,96.19,681.36,84.0,1.61
Shing,63.4,2838,59.6,44.76,27.3,7.52,4.95,0.77,0.23,72.7,31.6,4.702,132,99.4,239.52,84.91,1.49
Shing,53.0,2196,39.3,41.43,27.6,7.79,6.87,0.79,0.94,165.4,34.6,2.382,201,74.04,126.3,77.68,1.77
Catla,33.9,2622,42.9,77.35,29.5,7.79,7.47,1.02,0.55,172.4,30.4,3.037,136,62.88,110.82,67.22,1.78
Mrigal,94.9,1847,38.2,19.46,25.4,8.3,5.1,0.49,0.35,173.1,29.7,1.115,200,68.89,112.35,88.29,1.71
Shing,94.8,4281,38.7,45.16,31.8,8.07,6.68,0.92,0.95,139.1,28.9,4.887,220,75.97,243.2,74.78,1.82
Pangasius,19.8,8292,60.6,418.79,31.8,6.79,7.06,0.66,0.35,160.7,25.4,13.517,198,123.3,756.16,73.96,1.7
Rohu,87.7,6405,75.9,73.03,25.3,7.49,5.21,1.13,0.35,84.2,31.8,14.487,231,142.65,678.01,74.21,1.8
Shing,55.7,4348,51.7,78.06,29.3,7.5,4.4,0.09,0.27,141.4,25.2,6.272,194,110.91,442.34,91.73,1.46
Magur,46.3,500,18.4,10.8,31.8,7.31,3.64,0.38,0.12,90.9,29.7,0.205,145,31.19,13.03,83.54,1.44
Gulsha,90.3,2272,42.5,25.16,26.4,6.57,4.08,0.25,0.03,157.7,28.1,2.491,110,65.94,125.19,83.57,1.6
Catla,96.8,2968,7.4,30.66,31.7,7.02,6.6,0.29,0.06,148.2,26.0,0.365,225,15.02,39.96,89.65,1.64
Pabda,38.0,2152,12.5,56.63,24.8,6.71,7.17,0.4,0.93,167.4,32.8,0.74,196,22.35,36.95,76.83,1.6
Common Carp,84.4,8720,25.1,103.32,27.8,7.67,4.99,0.16,0.29,91.6,29.9,4.399,91,35.06,281.57,92.1,1.45
Common Carp,28.9,9977,53.4,345.22,25.8,7.91,4.76,0.83,0.54,78.0,30.0,8.418,142,78.93,535.94,68.06,1.9
Magur,32.1,3609,60.4,112.43,25.0,7.41,5.52,0.27,0.88,162.0,26.4,5.493,95,86.86,265.29,84.63,1.68
Tilapia,48.6,4590,24.4,94.44,29.8,7.48,4.04,0.07,0.44,84.7,28.1,3.192,147,51.85,219.56,92.26,1.48
Gulsha,97.0,8490,27.4,87.53,27.3,7.6,5.59,0.6,0.93,126.9,28.9,6.862,195,50.89,330.2,76.43,1.72
Pangasius,53.0,3820,16.2,72.08,31.4,7.98,5.13,0.93,0.03,88.1,34.9,1.108,132,29.49,94.42,83.81,1.57
Common Carp,89.7,4424,13.9,49.32,30.0,8.29,4.53,0.91,0.21,107.3,25.7,1.211,215,27.52,97.83,80.36,1.72
Silver Carp,33.2,8668,45.9,261.08,27.3,8.22,5.09,0.45,0.14,86.6,29.9,6.963,206,87.78,604.16,79.4,1.6
Shing,82.4,4965,73.8,60.25,24.4,6.7,6.07,0.82,0.38,121.3,30.8,7.512,145,127.21,495.42,78.44,1.66
Tilapia,62.3,4110,68.0,65.97,31.3,7.51,5.99,0.85,0.89,90.5,33.4,6.093,234,168.7,560.7,80.87,1.58
Common Carp,40.0,6900,58.1,172.5,28.9,7.13,7.23,0.28,0.48,168.0,28.5,6.775,158,97.32,567.68,84.54,1.59
Silver Carp,28.1,9401,20.8,334.56,26.8,6.51,6.41,0.43,0.85,101.8,25.1,4.889,148,32.27,210.75,69.48,1.95
Tilapia,34.3,4127,5.3,120.32,27.0,7.62,3.9,0.51,0.16,113.0,30.5,0.35,107,8.36,27.09,78.51,1.4
Thai Koi,66.9,6365,31.6,95.14,30.3,7.34,3.86,0.07,0.74,155.6,33.8,4.003,185,57.84,283.68,77.06,1.62
Rohu,60.2,8821,50.6,146.53,31.7,7.23,6.4,0.27,0.85,113.1,29.1,11.605,234,103.74,775.93,84.79,1.71
Mrigal,36.5,1584,41.0,43.4,25.7,7.59,5.59,0.17,0.31,80.1,26.5,1.942,158,73.52,105.75,90.81,1.56
Pabda,7.2,8657,6.1,1202.36,26.7,6.54,4.25,0.71,0.08,87.0,33.8,1.024,135,9.13,55.1,69.72,1.63
Rohu,93.9,8303,57.4,88.42,27.4,7.91,3.83,0.2,0.23,101.1,32.4,9.389,206,111.01,780.07,84.63,1.79
Common Carp,71.5,2098,32.9,29.34,25.2,7.69,7.04,0.93,0.94,71.2,27.5,1.905,145,51.24,83.19,77.38,1.71
Magur,57.1,798,9.4,13.98,31.8,7.02,7.07,0.27,0.24,153.4,29.1,0.113,163,18.51,13.26,89.73,1.48
Rohu,69.0,5661,58.5,82.04,31.9,8.27,5.75,0.91,0.81,163.8,25.4,7.087,181,94.71,389.51,72.65,1.9
Pangasius,34.3,3325,63.3,96.94,31.0,6.92,4.68,1.02,0.93,153.9,26.8,3.452,191,127.49,299.75,70.71,1.57
Magur,97.9,379,74.1,3.87,29.0,6.54,5.05,0.64,0.33,101.0,27.4,0.579,208,145.41,44.67,81.06,1.57
Silver Carp,44.0,6878,75.0,156.32,26.2,7.09,5.3,0.47,0.46,165.7,33.8,7.841,236,151.43,859.9,82.56,1.69
Gulsha,58.5,7311,39.8,124.97,30.2,8.18,7.5,0.79,0.4,174.9,30.4,5.267,149,64.66,391.16,82.74,1.74
Gulsha,37.2,5291,35.6,142.23,31.8,7.08,7.36,0.49,0.76,172.1,27.2,5.029,146,59.21,255.27,81.48,1.64
Thai Koi,62.6,1145,8.7,18.29,29.6,7.34,5.95,0.72,0.24,76.6,31.4,0.254,106,13.57,13.29,85.58,1.39
Rohu,7.6,7806,64.6,1027.11,26.3,7.79,6.94,0.15,0.06,83.0,31.6,9.43,185,110.62,720.61,83.45,1.75
Pabda,79.8,3188,26.6,39.95,29.5,7.0,6.44,0.72,0.38,149.8,25.9,2.281,118,39.64,105.21,83.25,1.49
Catla,46.6,5836,48.1,125.24,31.3,7.67,4.27,0.23,0.68,112.3,28.6,7.888,203,91.06,449.63,84.61,1.72
Silver Carp,76.0,5300,69.6,69.74,28.3,7.08,6.75,0.93,0.67,165.9,30.6,10.845,237,133.24,524.4,74.26,1.72
Gulsha,34.7,5468,37.9,157.58,27.9,6.72,3.84,0.4,0.84,101.8,26.7,5.326,111,54.42,190.92,64.16,1.6
Magur,82.0,388,27.5,4.73,31.4,7.99,3.82,0.76,0.79,92.8,29.1,0.245,222,51.95,13.67,67.8,1.62
Mrigal,34.9,9406,19.8,269.51,26.4,8.2,6.46,0.52,0.12,151.5,25.4,4.06,152,31.54,230.42,77.66,1.79
Common Carp,28.6,636,19.0,22.24,31.8,7.57,4.34,0.06,0.88,163.9,26.9,0.358,208,37.29,20.08,84.66,1.65
Mrigal,75.6,2006,56.1,26.53,26.6,7.73,5.33,0.51,0.15,109.7,33.5,2.048,214,105.34,180.79,85.56,1.56
Gulsha,5.1,2149,19.5,421.37,24.4,7.21,4.63,1.04,0.5,75.2,29.9,0.641,153,31.61,45.23,66.59,1.69
Common Carp,6.4,7224,59.3,1128.75,24.5,7.49,4.1,0.69,0.05,134.3,33.4,10.067,231,118.23,646.92,75.74,1.7
Mrigal,98.2,6950,22.2,70.77,29.9,6.95,6.29,1.09,0.06,171.9,32.4,2.777,115,31.13,159.05,73.52,1.77
Koi,57.3,2094,10.5,36.54,28.5,8.44,3.93,0.26,0.94,116.5,25.8,0.543,178,19.65,30.42,73.93,1.74
Silver Carp,10.7,9685,42.7,905.14,28.1,8.29,3.81,0.59,0.77,128.7,29.6,11.166,136,57.03,331.4,60,1.89
Koi,16.4,660,75.1,40.24,30.5,7.94,6.62,0.85,0.06,81.1,30.4,1.15,240,169.42,96.08,85.92,1.52
Shing,7.4,4699,62.8,635.0,30.8,7.7,5.99,0.29,0.62,174.9,26.0,4.81,106,96.91,354.4,77.83,1.7
Pabda,8.4,6731,70.6,801.31,30.4,7.06,3.57,1.07,0.51,175.8,32.5,12.783,156,102.19,412.7,60,1.64
Rohu,72.0,4385,35.4,60.9,25.8,6.86,5.3,0.15,0.97,159.3,26.4,3.601,223,67.52,254.86,86.08,1.67
Gulsha,21.1,2821,11.7,133.7,26.3,8.2,5.43,0.74,0.35,159.9,34.9,0.505,238,24.17,57.46,84.29,1.74
Catla,32.0,2556,18.2,79.88,24.7,6.69,3.83,0.88,0.26,92.5,29.0,1.056,112,26.3,47.85,71.19,1.82
Magur,34.6,5117,65.3,147.89,28.4,8.08,4.09,0.13,0.43,87.4,28.2,6.482,97,97.42,459.46,92.17,1.63
Rohu,40.5,2486,34.8,61.38,24.5,7.05,5.15,0.21,0.09,92.3,29.5,1.851,235,73.73,171.87,93.77,1.57
Tilapia,52.7,979,27.1,18.58,31.1,7.2,5.24,0.45,0.69,101.9,29.0,0.467,131,49.53,41.36,85.3,1.34
Koi,70.7,6661,49.3,94.21,30.4,7.9,4.39,1.06,0.35,138.3,28.6,7.257,194,92.58,455.03,73.79,1.5
Gulsha,53.8,3235,67.3,60.13,25.9,6.65,4.42,0.77,0.03,97.2,33.2,5.813,204,130.07,321.26,76.35,1.62
Catla,30.7,1306,57.1,42.54,30.9,6.8,4.96,0.09,0.28,152.6,25.6,2.192,107,86.63,103.05,91.08,1.68
Koi,70.8,1705,22.3,24.08,31.8,7.39,6.14,0.41,0.82,102.6,34.0,0.73,103,36.29,52.29,84.51,1.6
Koi,9.2,4326,9.8,470.22,31.2,7.41,6.28,1.17,0.41,103.7,25.8,0.712,212,19.35,58.6,70.0,1.79
Tilapia,20.5,7972,17.2,388.88,31.7,6.64,3.69,0.06,0.17,158.6,31.3,3.058,120,30.16,182.72,76.0,1.52
Common Carp,75.0,465,13.3,6.2,24.1,7.38,4.74,0.44,0.14,92.4,28.1,0.125,151,22.76,9.6,90.74,1.69
Gulsha,9.6,993,17.7,103.44,24.5,7.98,6.45,1.08,0.12,136.9,26.4,0.459,115,25.03,18.82,75.73,1.65
Koi,32.0,9891,41.7,309.09,30.8,8.45,3.77,0.53,0.79,132.5,28.1,10.724,210,72.92,432.76,60,1.73
Magur,41.3,4613,77.7,111.69,24.9,8.02,6.79,0.63,0.7,161.9,25.6,10.0,123,119.73,431.14,78.06,1.74
Magur,22.2,1220,21.6,54.95,27.0,6.76,3.97,0.89,0.5,85.8,28.1,0.532,142,36.08,30.86,70.1,1.73
Gulsha,92.4,4144,48.3,44.85,26.6,7.05,4.76,0.85,0.27,127.2,26.2,5.064,186,86.49,291.03,81.2,1.46
Pabda,51.4,7029,18.0,136.75,26.1,7.54,6.77,1.17,0.61,176.5,25.8,1.961,226,32.72,156.24,67.93,1.7
Koi,74.9,1554,38.6,20.75,29.1,8.27,4.08,0.12,0.94,116.3,32.2,1.506,174,72.32,90.34,80.38,1.35
Pangasius,89.8,672,28.9,7.48,24.9,8.34,5.36,0.56,0.27,114.1,26.5,0.548,155,56.14,31.25,82.83,1.33
Mrigal,65.1,5144,23.5,79.02,31.0,6.96,4.97,0.19,0.94,78.0,31.0,3.385,131,35.06,147.75,81.93,1.6
Magur,49.5,7871,78.7,159.01,28.8,7.14,5.66,0.48,0.67,146.1,30.7,18.46,100,113.02,695.21,78.15,1.58
Common Carp,97.5,2118,56.1,21.72,30.0,6.56,5.65,0.12,0.57,158.2,34.5,2.103,146,95.31,156.72,77.64,1.66
Rohu,93.6,2116,68.2,22.61,28.2,8.22,6.32,0.5,0.1,127.9,31.2,2.194,185,127.94,231.79,85.62,1.55
Mrigal,99.6,2693,13.8,27.04,26.8,7.7,5.94,0.71,0.11,75.0,29.9,0.884,198,25.35,56.5,82.77,1.52
Thai Koi,39.1,3181,20.2,81.36,29.0,6.55,4.76,0.9,0.79,169.5,32.8,1.433,114,30.6,69.97,71.89,1.65
Gulsha,51.1,8853,73.6,173.25,29.8,6.79,5.1,0.37,0.46,137.3,31.7,9.774,157,123.0,834.32,76.62,1.52
Rohu,66.0,1527,52.2,23.14,29.1,7.42,3.72,0.91,0.52,129.1,25.7,2.343,172,80.14,85.55,69.91,1.71
Silver Carp,34.0,8915,42.9,262.21,29.4,8.01,4.18,1.01,0.33,140.3,34.8,10.709,223,74.52,446.5,67.21,1.85
Pangasius,18.9,2922,63.6,154.6,30.5,6.68,6.83,1.12,0.3,152.8,25.4,3.401,208,119.6,222.37,63.63,1.67
Shing,85.4,3227,63.7,37.79,28.0,8.05,4.64,0.7,0.47,119.4,34.8,4.008,240,136.53,365.63,82.99,1.56
Silver Carp,67.6,2683,66.5,39.69,24.1,6.69,7.48,0.84,0.33,90.4,26.4,2.801,128,103.76,219.75,78.94,1.65
Shing,53.3,1135,5.9,21.29,24.6,7.34,5.97,0.87,0.95,165.6,25.4,0.13,232,11.95,10.2,75.25,1.82
Tilapia,74.1,6506,10.8,87.8,25.4,6.6,5.72,0.21,0.36,92.0,32.8,1.504,99,17.53,103.89,91.11,1.3
Catla,12.1,1552,18.3,128.26,29.4,7.02,7.19,0.26,0.66,145.5,25.2,0.44,144,29.91,37.91,81.67,1.8
Mrigal,9.5,7171,28.2,754.84,31.2,6.51,4.54,0.95,0.41,110.5,34.2,3.337,226,51.33,270.75,73.56,1.93
Pabda,72.9,5601,61.3,76.83,26.6,7.12,5.0,0.41,0.41,139.7,30.7,9.476,161,111.31,573.39,91.97,1.58
Mrigal,70.6,8550,57.5,121.1,24.8,7.1,3.73,0.28,0.09,117.6,28.8,14.65,115,82.74,606.16,85.69,1.78
Tilapia,23.6,8871,50.5,375.89,25.6,7.63,7.04,0.94,0.8,147.5,27.5,13.081,106,79.95,516.4,72.81,1.64
Koi,54.8,4390,24.9,80.11,26.0,6.76,4.79,0.58,0.7,96.5,32.1,1.738,184,45.51,144.1,72.13,1.58
Pabda,92.6,5967,79.4,64.44,29.0,7.91,4.0,0.97,0.83,175.1,34.1,7.817,162,139.69,644.09,77.27,1.62
Magur,53.1,6365,77.7,119.87,30.9,8.18,6.9,0.08,0.77,77.9,27.8,11.474,132,132.29,703.0,83.49,1.7
Gulsha,81.0,8915,16.1,110.06,25.9,8.31,4.9,1.16,0.34,92.4,28.5,3.761,162,27.32,170.4,69.97,1.76
Pangasius,73.1,2438,42.5,33.35,26.7,7.12,4.58,0.64,0.58,147.8,25.8,2.653,198,89.0,171.21,78.91,1.48
Gulsha,73.8,3881,28.9,52.59,31.0,7.43,6.24,0.78,0.91,128.6,33.9,2.131,167,48.88,146.44,77.2,1.87
Magur,83.5,9131,45.9,109.35,24.7,7.34,5.0,0.39,0.38,73.2,33.2,10.729,218,102.5,836.37,89.36,1.53
Gulsha,76.6,4450,64.3,58.09,24.2,7.01,4.4,0.41,0.99,97.0,32.5,4.349,94,91.0,335.25,82.79,1.66
Catla,11.4,342,73.9,30.0,28.3,8.22,4.33,0.23,0.24,73.7,33.9,0.728,187,136.35,40.62,87.1,1.69
Koi,15.1,8075,24.6,534.77,29.3,7.76,6.12,0.78,0.96,81.0,29.3,3.317,141,40.3,225.01,69.15,1.69
Pangasius,38.6,8078,52.3,209.27,26.4,7.93,5.32,0.27,0.02,170.3,28.6,9.928,235,124.62,866.23,86.05,1.59
Tilapia,26.1,6222,14.8,238.39,25.6,7.62,7.44,0.74,0.3,87.6,33.4,2.146,142,28.64,140.74,78.97,1.6
Common Carp,30.4,4521,32.5,148.72,24.7,6.56,5.97,0.21,0.3,89.2,27.8,3.82,209,65.67,251.65,84.76,1.73
Tilapia,11.0,8063,8.7,733.0,25.9,6.91,5.42,1.1,0.36,93.5,33.9,1.831,92,13.01,74.9,71.39,1.36
Tilapia,22.8,2974,80.0,130.44,26.6,8.26,6.94,0.82,0.07,164.1,30.1,5.567,165,160.7,390.22,81.65,1.24
Tilapia,58.8,1124,34.9,19.12,27.6,8.49,4.63,1.11,0.85,168.1,31.2,0.796,130,55.7,41.47,66.24,1.57
Rohu,68.1,7500,54.3,110.13,24.4,6.7,6.3,0.94,0.7,163.4,25.6,11.484,206,94.42,514.2,72.61,1.84
Rohu,61.9,9277,23.3,149.87,28.3,8.18,6.95,0.7,0.73,133.9,32.8,5.404,196,41.41,298.83,77.78,1.84
Shing,33.2,7411,20.0,223.22,30.3,6.96,3.93,0.54,0.35,71.9,28.4,3.513,191,34.58,174.92,68.25,1.58
Tilapia,84.3,7507,21.1,89.05,24.9,8.2,5.58,0.2,0.05,73.8,26.6,4.609,93,35.1,251.91,95.59,1.43
Shing,7.6,8660,37.5,1139.47,25.7,7.03,6.55,0.95,0.39,112.6,27.2,7.469,238,80.53,545.15,78.17,1.8
Koi,84.7,2860,36.2,33.77,26.1,7.53,4.06,1.09,0.15,177.3,34.9,2.009,229,74.18,157.62,74.29,1.59
Gulsha,70.8,9401,32.8,132.78,31.4,7.0,5.95,1.2,0.53,99.4,35.0,9.004,116,45.19,291.39,68.59,1.67
Mrigal,60.2,6742,39.2,111.99,28.0,7.18,4.49,0.59,0.05,106.9,33.1,7.585,204,74.67,427.06,84.83,1.76
Pangasius,78.2,9073,20.0,116.02,28.6,7.84,7.29,0.88,0.05,140.3,28.4,2.885,126,36.63,280.5,84.41,1.51
Pabda,15.5,8296,16.4,535.23,30.7,6.92,7.35,0.98,0.04,158.8,28.9,3.361,204,31.61,193.42,73.76,1.79
Pangasius,34.6,2823,35.3,81.59,26.9,6.72,6.78,0.24,0.55,139.9,29.7,2.023,124,63.66,144.42,80.36,1.32
Magur,80.6,4410,5.7,54.71,31.0,7.49,6.62,1.15,0.11,84.0,32.8,0.553,122,8.4,28.3,76.39,1.63
Koi,90.8,541,24.0,5.96,30.6,7.57,6.8,1.15,0.11,162.2,27.3,0.262,222,48.99,19.96,75.32,1.75
Silver Carp,48.0,2975,8.5,61.98,31.0,7.55,5.69,0.35,0.08,72.9,30.7,0.756,134,13.53,36.05,89.56,1.71
Catla,92.1,5566,26.9,60.43,29.7,7.91,4.55,0.78,0.9,176.5,34.0,4.402,101,38.0,156.92,74.2,1.84
Pabda,51.8,3295,29.3,63.61,28.7,8.25,4.21,0.52,0.59,112.0,31.6,2.819,137,45.92,104.67,69.17,1.73
Rohu,59.6,3827,75.4,64.21,30.9,7.57,6.53,0.27,0.64,94.2,35.0,5.338,237,145.47,475.34,85.38,1.52
Rohu,22.2,1910,44.1,86.04,30.4,7.23,4.11,1.08,0.32,92.0,29.0,1.744,167,75.37,109.98,76.4,1.91
Pangasius,8.3,2089,35.2,251.69,27.1,6.89,5.79,0.97,0.77,108.7,33.4,1.279,229,74.37,108.25,69.68,1.71
Shing,75.9,7040,78.4,92.75,28.4,7.3,5.96,0.53,0.49,164.2,25.4,13.964,136,134.43,777.16,82.12,1.53
Magur,26.7,5680,18.0,212.73,27.8,8.44,6.69,0.06,0.62,85.7,25.8,1.82,187,31.17,126.79,71.61,1.74
Koi,43.2,553,51.1,12.8,25.1,7.58,4.69,0.16,0.23,132.8,30.7,0.48,182,102.4,52.62,92.92,1.56
Pangasius,98.8,5598,23.0,56.66,24.7,6.62,4.57,0.26,0.15,153.8,32.0,2.433,240,58.08,281.54,86.6,1.44
Gulsha,49.6,9234,17.6,186.17,24.4,7.63,5.41,0.77,0.44,82.3,33.7,3.852,224,33.58,239.83,77.35,1.72
Rohu,84.8,2833,76.8,33.41,27.0,7.04,4.19,0.06,0.46,87.2,31.3,5.679,127,116.89,311.17,93.97,1.58
Gulsha,40.0,6819,38.1,170.47,24.3,8.33,5.7,0.97,0.38,130.5,29.3,4.676,217,68.07,331.92,71.51,1.75
Pangasius,48.1,979,17.9,20.35,27.1,7.64,6.76,0.47,0.53,89.1,25.6,0.424,181,38.68,32.63,86.16,1.44
Silver Carp,67.9,8397,43.9,123.67,25.7,6.93,7.0,0.57,0.49,128.0,28.5,10.285,179,76.42,535.87,83.51,1.68
Gulsha,7.6,3695,46.5,486.18,26.8,7.19,4.21,0.36,0.57,136.7,26.9,4.605,104,66.21,187.96,76.83,1.88
Pangasius,89.1,9123,72.2,102.39,25.1,6.58,4.13,0.67,0.29,76.6,31.1,16.862,113,118.68,886.45,81.87,1.48
Silver Carp,50.7,4669,10.5,92.09,31.1,7.66,3.97,1.14,0.26,73.0,27.2,1.211,145,15.41,47.15,65.52,1.87
Rohu,70.3,1327,6.0,18.88,28.8,8.15,5.39,0.58,0.86,165.0,27.5,0.208,223,10.73,11.22,78.82,1.69
Common Carp,85.4,6472,65.7,75.78,30.8,7.37,6.48,0.65,0.34,105.7,29.1,7.356,222,133.19,722.71,83.84,1.49
Magur,95.9,8603,6.6,89.71,26.5,6.88,7.16,0.12,0.72,143.1,33.3,1.278,139,11.35,80.37,82.31,1.54
Rohu,77.4,6520,60.0,84.24,28.5,7.05,4.83,0.95,0.18,110.5,34.7,11.227,135,91.71,512.9,85.78,1.76
Mrigal,42.6,7042,67.4,165.31,24.5,6.99,4.9,0.22,0.92,76.7,30.7,8.354,137,102.33,542.27,75.25,1.77
Common Carp,58.8,4242,11.5,72.14,26.8,6.54,4.84,0.59,0.98,127.8,27.1,1.078,213,20.48,64.08,73.77,1.87
Koi,92.1,2096,60.9,22.76,28.5,7.61,6.91,0.21,0.73,142.3,32.7,3.421,98,88.47,155.15,83.67,1.39
Catla,47.2,5578,45.0,118.18,24.6,8.15,6.4,0.84,0.72,114.0,27.2,4.368,137,66.95,276.34,74.0,1.89
Pabda,60.0,5157,59.1,85.95,27.3,7.96,5.34,0.82,0.16,143.8,33.1,5.943,133,93.35,402.46,83.6,1.74
Tilapia,74.4,3189,7.4,42.86,31.8,7.95,3.6,1.1,0.84,178.2,34.4,0.467,170,13.6,27.35,63.06,1.56
Tilapia,82.0,1372,43.0,16.73,25.9,8.31,5.88,0.64,0.49,142.5,31.0,0.914,118,77.09,88.44,83.62,1.27
Pangasius,22.3,4696,48.8,210.58,24.8,6.91,5.63,0.44,0.78,106.0,33.3,5.317,173,97.42,359.55,78.59,1.66
Gulsha,27.6,9822,39.9,355.87,26.4,8.28,7.29,0.12,0.72,150.5,27.6,10.777,130,58.7,417.06,72.34,1.71
Magur,6.5,4964,58.0,763.69,26.2,7.99,3.61,0.18,0.41,170.9,30.9,5.038,156,98.47,367.94,75.27,1.65
Koi,92.7,520,11.9,5.61,25.8,8.28,5.32,1.16,0.82,98.6,27.7,0.095,133,18.34,6.11,64.06,1.54
Tilapia,8.4,7069,78.6,841.55,30.0,8.08,7.41,0.76,0.95,179.5,33.0,9.779,112,120.07,595.33,70.14,1.45
Pangasius,8.5,7611,77.5,895.41,31.5,8.12,6.76,0.95,0.57,179.3,34.5,14.864,175,150.31,820.37,71.71,1.47
Mrigal,48.4,4563,48.3,94.28,25.6,7.53,7.36,0.26,0.4,70.5,35.0,3.945,209,94.66,389.83,90.25,1.61
Gulsha,41.9,9109,6.7,217.4,30.2,7.01,5.28,0.73,0.92,151.1,31.8,1.416,206,11.43,70.05,67.27,1.63
Gulsha,85.2,4694,67.7,55.09,26.7,7.32,3.67,1.1,0.66,172.0,33.9,7.913,178,104.89,295.41,60,1.85
Tilapia,49.1,4096,31.2,83.42,30.0,8.05,5.46,0.41,0.11,79.4,31.6,2.198,154,62.17,234.6,92.13,1.42
Common Carp,29.5,2020,78.6,68.47,28.7,8.18,4.06,0.74,0.65,98.5,33.4,3.429,110,115.14,179.63,77.23,1.66
Gulsha,84.0,4893,48.1,58.25,30.6,7.99,7.15,0.16,0.18,150.7,30.3,3.695,181,94.75,414.5,89.41,1.55
Koi,73.6,5377,51.4,73.06,26.5,8.1,5.78,0.08,0.06,109.9,33.3,6.495,159,103.43,503.88,90.6,1.5
Tilapia,14.3,1591,11.3,111.26,32.0,7.36,7.43,0.9,0.58,139.3,33.9,0.324,168,22.03,27.97,79.79,1.45
Mrigal,97.3,7859,35.2,80.77,29.7,8.28,5.33,0.63,0.94,123.5,28.4,7.912,107,47.03,265.75,71.9,1.94
Koi,38.4,7930,72.1,206.51,30.6,8.27,4.04,1.06,0.48,88.5,28.3,11.95,204,132.88,658.68,62.51,1.53
Rohu,44.4,5351,62.4,120.52,30.3,7.55,3.8,0.32,0.15,117.4,28.2,9.249,160,107.53,494.78,85.99,1.55
Thai Koi,28.9,4392,64.0,151.97,26.6,7.52,4.38,0.58,0.41,93.0,31.7,4.835,195,128.28,434.16,77.06,1.64
Silver Carp,5.8,3482,65.3,600.34,26.6,8.24,6.62,0.41,0.48,93.4,25.2,6.708,217,117.42,321.72,78.69,1.77
Pabda,22.7,6761,73.4,297.84,29.1,8.27,4.36,0.82,0.94,141.3,31.9,13.697,113,106.96,451.17,62.39,1.85
Silver Carp,51.3,2616,68.0,50.99,31.3,7.97,5.84,0.69,0.98,145.6,31.3,5.283,167,106.36,207.98,74.75,1.9
Silver Carp,58.3,9719,48.9,166.71,30.2,7.14,6.96,0.55,0.49,81.4,31.1,12.547,187,80.07,574.61,73.84,1.74
Catla,17.4,7517,28.8,432.01,28.8,7.51,3.55,0.29,0.23,142.0,33.4,6.04,130,45.29,261.22,76.73,1.95
Koi,37.3,9191,18.7,246.41,28.5,8.48,3.83,0.77,0.69,87.2,32.0,3.695,98,24.7,136.2,60,1.56
Thai Koi,16.1,2450,49.5,152.17,31.9,7.42,6.09,0.61,0.09,104.7,27.9,1.989,142,86.12,162.43,76.98,1.72
Common Carp,12.6,5693,45.8,451.83,30.3,7.94,6.33,0.62,0.43,166.2,30.9,6.753,134,71.15,314.76,77.71,1.81
Pabda,16.6,2887,62.8,173.92,26.1,7.46,5.09,1.18,0.19,168.4,29.1,4.134,135,92.1,176.09,66.23,1.89
Rohu,12.9,5035,39.1,390.31,27.3,8.34,6.22,0.56,0.21,87.8,28.7,3.189,96,50.43,188.41,74.21,1.89
Tilapia,35.7,9832,59.9,275.41,24.8,6.79,6.08,1.19,0.02,93.7,29.5,14.606,111,91.47,578.29,64.3,1.53
Magur,72.9,7816,51.0,107.22,31.0,8.04,4.73,0.32,0.16,163.1,31.7,6.816,112,83.17,601.88,92.59,1.66
Silver Carp,89.6,8576,54.5,95.71,28.0,6.65,6.4,0.21,0.1,122.6,34.7,13.18,91,74.5,549.5,86.01,1.85
Pangasius,74.0,8677,42.5,117.26,28.7,7.08,3.91,0.98,0.28,94.0,32.0,6.527,179,88.17,603.67,78.91,1.54
Pangasius,16.1,3531,26.8,219.32,26.3,8.29,4.08,1.05,0.5,163.3,32.8,2.101,240,55.15,126.76,65.1,1.67
Koi,11.9,6659,50.2,559.58,26.6,7.56,5.07,1.19,0.61,131.1,26.2,9.794,193,90.74,374.08,61.91,1.73
Catla,35.2,5110,55.8,145.17,26.1,8.48,6.54,0.47,0.99,115.2,27.6,5.161,227,109.28,430.0,77.0,1.84
Common Carp,59.7,854,48.1,14.3,28.0,7.67,5.89,1.18,0.42,105.8,33.0,1.171,173,81.72,52.2,74.8,1.63
Silver Carp,29.0,1682,70.1,58.0,24.1,7.43,5.11,0.89,0.6,126.8,28.5,2.7,140,102.6,129.63,75.12,1.89
Shing,26.9,1402,41.8,52.12,25.5,6.98,6.52,0.08,0.97,98.3,32.3,0.914,207,83.22,96.81,82.97,1.55
Pabda,48.9,6047,14.9,123.66,27.8,8.16,7.42,0.7,0.77,79.3,34.6,1.838,189,26.22,118.23,74.57,1.71
Catla,75.4,7833,67.6,103.89,29.9,6.93,5.24,1.07,0.76,164.7,30.0,12.073,220,117.45,624.31,67.86,1.81
Tilapia,67.3,9317,50.1,138.44,24.0,6.9,5.79,0.8,0.18,137.0,26.9,9.336,189,110.69,906.7,87.92,1.28
Common Carp,48.2,1092,58.6,22.66,28.0,6.85,6.01,0.98,0.49,110.2,27.1,1.485,149,102.91,94.47,84.06,1.63
Silver Carp,10.0,2703,48.1,270.3,29.7,8.46,4.31,0.68,0.57,176.2,26.9,3.484,188,77.53,132.44,63.2,1.94
Silver Carp,56.9,4184,59.8,73.53,26.5,7.01,4.33,0.21,0.3,172.8,33.9,6.405,130,94.38,357.81,90.61,1.71
Shing,40.4,2717,8.2,67.25,26.5,6.65,4.49,0.93,0.65,178.9,28.0,0.381,144,13.35,25.56,70.5,1.8
Rohu,93.7,1378,62.5,14.71,25.1,7.44,6.27,0.8,0.06,116.1,30.8,1.412,136,102.57,117.82,83.36,1.53
Gulsha,62.4,5252,46.2,84.17,29.7,7.61,4.41,0.09,0.79,148.1,31.6,6.891,169,83.18,361.74,82.8,1.47
Pabda,53.6,1196,44.6,22.31,26.3,8.16,6.99,0.07,0.87,97.3,26.6,1.067,146,73.51,73.52,83.62,1.59
Common Carp,74.9,7180,78.8,95.86,25.7,7.11,6.6,0.4,0.64,95.8,29.0,9.392,104,116.5,687.15,82.15,1.69
Rohu,75.4,2092,71.4,27.75,30.8,6.93,5.61,1.19,0.38,94.0,34.8,3.152,156,118.36,182.26,73.61,1.68
Gulsha,32.9,9472,52.3,287.9,25.6,6.88,4.32,0.96,0.19,139.4,33.2,8.57,226,100.21,721.86,76.05,1.7
Shing,97.1,9836,8.1,101.3,27.1,8.41,3.51,1.08,0.46,170.3,31.8,1.928,208,13.85,83.74,61.47,1.82
Silver Carp,96.0,5098,16.8,53.1,31.6,7.83,7.15,0.95,0.2,102.0,28.6,1.713,167,28.86,123.91,84.22,1.57
Catla,39.8,3496,17.4,87.84,27.5,7.75,4.29,1.16,0.38,87.1,32.2,1.186,196,29.58,77.97,75.39,1.95
Rohu,17.4,9531,16.5,547.76,27.2,8.3,6.63,1.12,0.22,75.9,25.8,3.035,109,21.52,130.13,63.44,1.73
Tilapia,46.5,5443,30.2,117.05,27.3,7.09,6.31,0.64,0.23,149.0,28.2,3.189,150,57.39,267.74,85.71,1.26
Catla,9.0,1586,54.8,176.22,25.9,7.16,5.34,0.11,0.97,165.4,32.6,2.138,152,86.7,105.76,76.92,1.9
Tilapia,35.1,6120,8.3,174.36,29.3,7.07,3.8,0.37,0.83,179.9,31.9,1.123,193,16.65,74.59,73.19,1.63
Magur,74.4,1518,17.1,20.4,30.1,6.56,6.49,0.52,0.18,122.8,31.7,0.426,236,35.18,42.38,79.37,1.5
Mrigal,43.2,1150,23.2,26.62,29.4,6.86,5.78,0.78,0.69,180.0,30.0,0.598,147,35.24,30.48,75.21,1.66
Tilapia,17.1,2066,29.0,120.82,24.2,7.24,6.47,0.58,0.45,136.9,33.2,1.007,119,53.29,95.35,86.6,1.45
Pangasius,61.8,3805,69.2,61.57,29.2,7.8,3.82,0.74,0.99,165.5,26.1,4.371,148,118.79,320.78,70.97,1.47
Silver Carp,95.2,1792,44.7,18.82,25.9,6.81,4.32,0.63,0.68,109.5,33.0,2.099,155,70.88,95.46,75.16,1.9
Catla,88.3,8032,32.4,90.96,31.9,7.25,6.31,0.14,0.8,111.1,35.0,5.231,188,55.88,364.7,81.26,1.84
Pangasius,38.9,4509,46.5,115.91,27.3,8.3,4.53,0.07,0.84,80.3,26.9,4.256,164,88.01,321.43,81.0,1.43
Mrigal,56.8,4307,79.1,75.83,24.6,7.64,5.75,0.76,0.35,117.3,27.8,9.778,130,122.58,446.92,84.65,1.72
Koi,84.9,2461,49.8,28.99,27.5,6.68,6.53,0.91,0.84,100.9,32.6,3.53,146,84.14,152.4,73.6,1.5
Tilapia,32.0,7157,66.4,223.66,25.3,6.64,6.54,0.33,0.4,112.6,33.4,11.453,203,155.29,888.38,79.93,1.27
Rohu,67.7,2388,45.0,35.27,32.0,7.44,5.7,0.3,0.64,167.3,32.2,2.128,92,63.46,129.53,85.48,1.73
Shing,94.7,2989,54.6,31.56,25.6,7.57,4.74,1.17,0.72,85.7,27.0,2.905,207,100.7,206.09,68.47,1.78
Tilapia,34.1,6385,77.8,187.24,30.4,7.76,4.87,0.98,0.67,161.3,33.5,11.624,94,111.78,509.31,71.36,1.47
Mrigal,92.0,7132,16.0,77.52,30.0,8.33,5.64,0.43,0.3,177.1,34.9,2.362,143,26.27,165.27,88.2,1.51
Catla,96.0,1466,41.9,15.27,28.3,7.89,4.72,0.57,0.4,86.6,34.8,1.517,170,75.24,89.48,81.12,1.68
Mrigal,41.3,716,71.4,17.34,29.2,7.76,6.2,0.48,0.78,147.8,32.1,1.488,196,131.06,77.35,82.43,1.64
Shing,78.0,6032,29.4,77.33,27.1,7.12,6.65,0.49,0.5,124.0,34.8,4.593,179,59.24,331.92,92.89,1.56
Silver Carp,38.7,7888,53.4,203.82,30.0,6.63,5.26,0.25,0.52,121.8,33.0,12.594,202,94.68,527.17,70.59,1.72
Pabda,17.6,3319,10.7,188.58,29.9,7.69,7.23,0.83,0.43,171.9,31.8,0.533,109,15.44,37.91,73.97,1.81
Catla,13.4,2967,25.4,221.42,29.4,7.59,7.3,0.5,0.54,149.7,29.2,1.974,199,43.47,97.41,75.53,1.72
Common Carp,38.3,4982,46.8,130.08,26.5,8.29,4.43,1.01,0.24,177.1,28.4,4.5,156,77.31,262.28,68.1,1.75
Silver Carp,43.5,5832,23.6,134.07,26.5,6.51,5.2,1.15,0.71,78.4,31.4,3.014,128,32.95,122.48,63.73,1.7
Catla,18.4,9449,11.9,513.53,31.7,8.43,4.17,0.28,0.32,122.2,34.9,2.968,105,16.29,122.84,79.8,1.73
Shing,16.2,3224,56.3,199.01,30.1,7.75,3.96,0.74,0.8,114.5,27.7,3.939,142,83.26,168.6,62.81,1.68
Common Carp,20.2,9051,72.3,448.07,24.2,8.37,6.62,0.51,0.97,114.1,31.9,11.255,192,125.47,716.02,63.05,1.67
Koi,97.0,3557,25.5,36.67,24.9,6.55,4.1,1.01,0.41,125.8,27.0,2.449,194,49.96,126.7,71.29,1.68
Tilapia,38.9,6186,9.4,159.02,27.9,8.21,6.42,0.49,0.86,175.5,28.1,1.221,141,16.24,75.87,75.5,1.51
Gulsha,63.5,6677,48.8,105.15,25.8,7.58,4.82,0.37,0.37,166.7,30.8,9.091,185,91.69,546.62,89.29,1.62
Magur,92.0,1246,40.2,13.54,31.7,7.01,6.87,0.72,0.68,122.6,30.5,1.087,92,56.29,54.62,77.88,1.72
Thai Koi,38.4,8613,31.2,224.3,28.1,7.59,5.68,0.92,0.19,137.5,33.5,6.208,221,63.43,422.67,77.37,1.65
Silver Carp,83.5,1644,24.0,19.69,24.4,7.13,6.7,0.81,0.06,150.6,26.2,0.671,120,35.82,48.33,82.07,1.67
Shing,71.2,1558,52.9,21.88,29.3,6.68,5.43,1.08,0.45,87.7,28.0,1.863,235,102.45,113.15,70.89,1.62
Thai Koi,65.6,7306,39.4,111.37,30.9,7.44,4.19,1.06,0.58,157.7,33.9,4.951,197,71.08,352.1,67.8,1.65
Tilapia,30.4,9827,75.4,323.26,29.7,7.95,6.61,0.13,0.73,89.7,25.2,21.488,140,132.68,1009.57,77.43,1.52
Shing,93.9,517,37.7,5.51,27.9,8.07,3.75,0.65,0.35,105.3,34.1,0.487,142,64.29,26.0,78.21,1.67
Silver Carp,14.8,8037,40.6,543.04,28.9,6.84,5.53,0.17,0.81,156.4,28.2,7.766,108,58.69,357.63,75.82,1.92
Shing,62.5,3245,12.9,51.92,30.2,6.51,3.84,0.3,0.36,82.6,31.2,0.758,150,22.83,60.09,81.1,1.6
Pabda,27.3,3354,25.9,122.86,31.4,8.11,6.81,0.58,0.16,106.0,26.8,1.972,145,42.79,120.72,84.12,1.75
Gulsha,74.7,1532,64.2,20.51,30.7,7.1,6.93,0.38,0.43,144.5,33.9,2.823,192,127.59,173.31,88.66,1.69
Tilapia,44.3,7252,7.1,163.7,29.0,8.3,6.76,0.77,0.2,121.2,33.5,0.783,130,11.98,64.26,73.95,1.45
Tilapia,71.0,3136,75.0,44.17,28.3,6.5,5.72,0.54,0.88,134.9,25.6,5.057,215,162.92,373.12,73.03,1.5
Mrigal,12.8,6350,78.0,496.09,27.1,7.82,7.37,0.17,0.5,95.7,29.7,11.243,195,140.71,755.84,84.59,1.58
Tilapia,84.3,830,69.0,9.85,27.3,7.91,5.25,0.88,0.9,132.5,33.1,1.437,174,133.98,87.67,78.84,1.41
Thai Koi,93.0,9343,65.9,100.46,24.9,7.68,5.55,0.96,0.25,179.9,33.1,17.055,122,107.52,843.43,83.96,1.5
Magur,58.5,9591,6.0,163.95,30.8,7.59,6.4,0.81,0.78,158.6,26.7,1.416,204,10.69,70.7,68.99,1.77
Pangasius,37.1,1509,21.3,40.67,29.5,7.4,5.18,0.84,0.92,119.5,33.2,0.749,236,47.57,57.33,79.87,1.7
Mrigal,68.5,8930,43.6,130.36,29.2,6.51,4.55,0.33,0.24,142.9,28.7,10.201,213,85.63,675.84,88.38,1.78
Catla,8.5,2947,41.3,346.71,31.1,6.83,6.2,0.57,0.64,75.8,29.7,3.493,202,72.61,146.26,68.35,1.91
Pabda,48.9,7656,35.5,156.56,31.8,8.35,7.19,0.6,0.61,174.9,32.9,5.055,119,49.74,237.43,62.35,1.86
Tilapia,16.7,6228,8.7,372.93,30.8,8.18,6.93,0.61,0.13,123.9,29.4,0.954,231,20.24,100.56,79.76,1.57
Thai Koi,92.5,3228,21.4,34.9,30.8,8.31,4.94,0.78,0.73,99.5,28.6,1.306,227,41.77,95.74,71.0,1.6
Pabda,14.6,7735,54.3,529.79,29.4,8.0,6.69,0.61,0.94,151.9,29.3,11.844,111,75.51,403.68,69.12,1.77
Magur,70.3,8317,58.6,118.31,29.1,7.8,5.55,0.9,0.54,77.4,28.3,10.089,93,79.39,496.49,75.19,1.68
Thai Koi,69.4,6270,18.9,90.35,28.5,6.63,6.88,0.72,0.69,164.8,28.0,2.809,214,36.83,166.29,72.02,1.76
Pabda,23.3,8846,34.1,379.66,28.0,7.54,4.87,1.04,0.94,161.5,28.1,8.808,119,48.54,257.61,60,1.78
Thai Koi,26.8,7625,30.2,284.51,30.6,7.25,6.3,0.53,0.1,151.7,34.5,3.638,112,47.85,274.84,75.33,1.56
Tilapia,56.6,6003,27.4,106.06,26.3,6.96,6.2,0.3,0.16,136.7,32.3,4.161,201,68.0,376.92,92.33,1.49
Mrigal,67.3,3565,67.2,52.97,25.9,6.62,6.29,0.96,0.94,89.5,25.5,5.079,157,108.77,275.44,71.03,1.7
Koi,91.3,2525,25.4,27.66,25.4,7.96,6.51,0.78,0.2,165.9,34.9,1.033,97,38.82,84.36,86.07,1.55
Common Carp,27.4,8988,30.9,328.03,31.5,7.93,4.25,0.96,0.7,73.7,29.5,7.776,227,54.73,339.89,69.09,1.69
Rohu,53.1,8041,45.2,151.43,28.5,8.14,6.81,0.05,0.8,111.1,34.6,8.069,154,75.1,458.8,75.98,1.87
Magur,26.2,9600,75.6,366.41,27.7,6.66,7.3,0.57,0.22,148.8,25.4,15.096,112,112.95,763.69,70.43,1.59
Koi,81.6,6284,20.0,77.01,31.7,6.91,6.62,0.63,0.52,94.7,34.0,3.318,122,32.56,156.66,76.56,1.65
Gulsha,57.7,1990,20.7,34.49,24.6,8.49,6.27,0.54,0.41,176.6,28.2,1.129,199,37.38,59.71,80.27,1.65
Mrigal,62.9,7540,75.1,119.87,28.2,8.15,6.27,1.02,0.36,101.9,26.5,10.419,226,136.81,783.64,75.97,1.93
Silver Carp,16.3,2325,48.5,142.64,27.0,6.78,5.6,1.05,0.55,79.8,31.6,1.985,186,76.72,112.54,63.09,1.92
Common Carp,9.3,7670,64.1,824.73,26.8,7.81,4.58,0.83,0.19,90.9,29.7,10.275,166,110.86,645.79,75.95,1.85
Pangasius,53.7,8446,44.0,157.28,30.2,7.23,6.48,0.06,0.61,108.2,28.6,6.652,182,91.42,605.13,78.37,1.56
Catla,97.4,2301,43.6,23.62,25.6,7.89,5.88,1.05,0.1,84.7,33.4,1.906,239,83.34,140.3,73.16,1.77
Koi,80.9,1278,32.3,15.8,26.2,8.06,7.17,0.15,0.43,94.7,33.4,1.119,138,60.69,69.96,90.19,1.48
Shing,37.6,911,59.6,24.23,28.7,7.81,3.58,1.04,0.79,75.3,29.1,1.423,215,104.78,58.65,61.44,1.83
Shing,77.9,4775,34.5,61.3,25.2,7.73,5.75,0.5,0.09,91.8,25.7,4.942,219,73.54,324.92,92.53,1.45
Pangasius,79.9,8247,57.3,103.22,31.7,7.23,3.53,0.23,0.5,161.4,25.8,10.916,113,101.48,710.75,84.93,1.33
Shing,28.0,1062,73.7,37.93,27.5,7.32,3.97,0.23,0.75,146.0,29.6,1.276,147,125.95,100.0,74.76,1.65
Magur,91.3,9544,46.3,104.53,31.3,7.2,6.26,1.17,0.52,135.8,27.2,9.059,172,81.9,516.81,66.12,1.78
Mrigal,87.1,5752,66.9,66.04,29.7,7.46,4.12,0.59,0.42,168.0,25.1,7.234,116,103.51,498.75,83.77,1.53
Tilapia,6.7,9527,27.1,1421.94,27.6,7.98,5.62,0.37,0.54,99.7,25.7,5.06,93,41.09,309.11,78.97,1.64
Pabda,92.1,2522,48.4,27.38,28.7,8.0,7.12,1.03,0.98,87.1,33.3,3.259,188,79.36,133.26,66.58,1.88
Gulsha,36.4,4907,59.1,134.81,29.0,7.02,7.37,0.83,0.3,158.7,33.7,8.642,180,103.39,411.5,81.11,1.61
Mrigal,5.1,4610,48.4,903.92,27.6,6.59,7.05,0.72,0.84,100.7,31.6,6.493,123,67.5,198.85,63.9,1.72
Tilapia,41.1,5844,75.5,142.19,26.5,7.28,5.49,1.1,0.48,86.4,26.7,8.03,219,170.17,780.94,78.53,1.4
Silver Carp,89.4,8101,59.2,90.62,31.1,7.97,4.52,0.13,0.35,108.6,25.2,13.86,207,114.56,835.42,90.02,1.73
Pabda,88.9,8207,27.2,92.32,31.2,8.4,4.92,0.19,0.25,103.5,34.0,5.023,207,55.08,380.1,84.09,1.6
Shing,76.1,2406,57.6,31.62,28.4,7.08,5.78,1.12,0.92,150.2,34.7,2.633,215,102.09,161.18,65.62,1.79
Mrigal,66.3,6591,42.1,99.41,30.7,7.19,7.11,1.12,0.35,82.5,25.6,6.243,238,80.32,404.12,76.34,1.91
Pabda,64.8,7662,22.9,118.24,26.8,7.92,5.88,0.7,0.99,173.7,27.9,3.018,217,43.77,255.82,76.28,1.69
Catla,96.5,1227,59.1,12.72,26.2,6.54,6.88,0.57,0.56,174.3,32.6,1.53,233,112.34,95.71,69.44,1.88
Shing,8.5,3065,22.2,360.59,27.0,7.82,6.96,0.49,0.4,165.5,31.4,1.708,150,38.1,96.76,82.87,1.55
Pabda,63.0,6662,59.7,105.75,29.7,6.72,4.15,0.72,0.42,105.5,30.5,8.432,171,101.71,518.92,76.58,1.64
Gulsha,69.6,8578,43.3,123.25,25.3,7.65,6.48,0.99,0.74,124.8,31.7,10.029,152,70.23,454.44,75.43,1.76
Thai Koi,29.2,9648,71.4,330.41,26.8,6.97,3.87,0.15,0.04,145.1,30.5,12.124,213,144.32,1062.23,76.29,1.52
Catla,51.3,872,6.9,17.0,24.9,7.41,4.29,1.02,0.95,98.7,25.7,0.103,136,10.1,5.88,66.75,1.94
Shing,76.9,7533,7.8,97.96,24.1,7.19,6.5,1.03,0.18,94.3,27.0,1.727,98,11.32,62.01,72.73,1.83
Catla,10.1,1799,78.5,178.12,28.0,7.47,5.42,1.16,0.44,83.6,27.4,2.203,179,123.26,145.95,65.82,1.95
Koi,56.4,4513,36.3,80.02,28.3,8.37,4.4,0.32,0.05,111.8,31.1,3.195,141,61.75,239.62,85.98,1.63
Thai Koi,92.0,6931,15.6,75.34,25.8,7.16,4.18,0.77,0.4,162.8,33.1,1.957,213,32.93,192.89,84.51,1.57
Gulsha,51.7,1521,40.8,29.42,31.4,6.63,5.35,0.27,0.93,126.2,34.2,0.987,154,69.29,83.82,79.53,1.69
Koi,47.0,4061,5.1,86.4,27.6,6.93,4.37,0.72,0.53,146.5,31.0,0.319,169,9.71,30.32,76.93,1.51
Magur,26.8,3014,59.4,112.46,28.0,6.77,7.26,1.05,0.1,88.9,27.1,3.975,109,89.0,184.06,68.62,1.73
Magur,90.5,8291,74.8,91.61,24.8,7.14,5.43,1.05,0.89,105.2,31.0,10.295,238,140.75,804.74,68.96,1.69
Gulsha,39.6,5254,59.5,132.68,31.1,7.45,6.66,0.56,0.02,164.0,25.1,6.815,238,128.63,563.63,83.4,1.46
Rohu,59.2,2312,14.2,39.05,24.9,7.18,5.13,0.41,0.34,105.3,33.7,0.666,107,20.57,43.76,92.01,1.77
Tilapia,66.7,3805,78.4,57.05,26.3,7.84,6.02,0.69,0.23,106.3,31.1,5.549,232,196.73,640.03,85.5,1.33
Gulsha,92.7,2669,66.2,28.79,31.8,7.25,6.13,0.96,0.48,137.9,29.4,3.975,198,125.1,274.17,82.11,1.69
Tilapia,7.4,9301,14.5,1256.89,25.2,7.96,4.83,0.35,0.99,95.4,28.2,2.387,196,32.89,235.71,77.06,1.57
Shing,41.3,1641,74.3,39.73,28.0,7.84,7.33,0.58,0.56,78.6,28.8,3.633,125,120.75,153.02,77.22,1.84
Silver Carp,97.3,4105,45.4,42.19,28.5,6.84,5.64,0.99,0.63,143.9,27.5,3.69,203,81.53,249.77,74.63,1.97
Catla,38.7,8620,50.3,222.74,28.1,7.78,6.12,0.91,0.65,129.4,32.2,8.585,124,68.79,397.68,67.07,1.99
Shing,76.1,2480,15.8,32.59,28.4,7.12,5.21,0.95,0.81,140.1,29.8,0.987,112,24.93,48.23,78.03,1.59
Catla,63.4,9737,41.6,153.58,25.1,7.91,5.29,0.44,0.14,75.0,35.0,11.585,150,65.54,529.25,82.94,1.81
Rohu,52.2,706,44.9,13.52,29.1,6.97,5.17,0.75,0.83,122.1,27.0,0.764,182,74.61,39.9,75.76,1.82
Magur,54.8,5104,17.0,93.14,31.6,7.41,6.34,1.03,0.59,83.3,34.7,1.683,216,32.29,113.25,68.72,1.75
Mrigal,45.5,4915,46.7,108.02,28.7,7.61,5.64,0.84,0.71,78.2,30.0,4.384,175,75.04,285.09,77.3,1.84
Shing,5.6,2329,43.6,415.89,26.0,6.64,6.58,0.86,0.93,132.7,32.8,1.838,230,86.27,133.62,66.5,1.59
Silver Carp,10.4,2102,39.5,202.12,24.0,6.83,5.1,1.16,0.31,73.7,34.1,2.483,115,55.35,78.57,67.54,1.76
Catla,14.8,6829,41.2,461.42,30.9,7.58,4.55,0.96,0.53,103.0,29.5,7.737,224,74.59,342.78,67.29,1.8
Pangasius,51.1,5911,29.2,115.68,25.9,6.78,6.11,0.41,0.02,165.2,32.7,3.314,200,68.17,363.48,90.2,1.39
Silver Carp,31.4,1857,46.9,59.14,26.4,6.91,5.37,0.89,0.76,110.7,31.8,2.395,111,68.01,95.41,75.54,1.8
Mrigal,72.7,5425,50.1,74.62,26.5,7.94,4.31,0.72,0.51,158.1,32.6,4.294,176,88.08,356.33,74.57,1.66
Tilapia,72.6,7389,33.0,101.78,24.3,6.62,5.96,0.48,0.35,72.0,29.7,5.169,178,72.74,485.0,90.23,1.43
Gulsha,27.7,4617,59.9,166.68,26.1,7.26,4.11,0.35,0.71,138.4,29.3,4.425,138,93.86,332.9,76.82,1.87
Catla,80.7,8673,65.0,107.47,25.5,7.23,6.79,0.55,0.31,168.4,29.4,10.542,145,107.36,772.38,82.95,1.74
Catla,43.2,627,50.8,14.51,26.9,8.48,6.15,0.99,0.55,110.4,30.8,0.793,103,70.09,30.72,69.89,1.9
Pangasius,58.7,3826,48.2,65.18,29.8,8.41,3.77,0.67,0.25,82.7,34.2,3.135,212,104.77,301.88,75.31,1.62
Gulsha,45.2,5206,73.2,115.18,28.9,6.89,3.79,0.35,0.74,90.4,29.5,8.841,195,137.94,535.08,74.51,1.79
Mrigal,40.2,6875,14.2,171.02,28.5,8.36,7.28,0.52,0.21,73.1,27.9,2.001,192,24.82,119.56,70.07,1.84
Thai Koi,79.9,5342,73.6,66.86,24.6,7.82,7.41,0.57,0.12,162.4,31.0,7.195,161,140.9,636.46,84.56,1.36
Koi,12.6,3851,61.8,305.63,31.3,7.54,4.91,0.76,0.55,139.8,28.7,4.926,180,113.23,303.57,69.62,1.54
Pangasius,21.2,8344,40.6,393.58,28.7,7.58,6.76,0.54,0.23,92.3,31.3,7.216,218,87.1,581.18,79.97,1.55
Rohu,37.6,8324,39.8,221.38,29.9,7.2,5.39,0.76,0.11,114.7,30.0,8.581,123,60.52,399.41,79.28,1.81
Thai Koi,55.0,2418,58.0,43.96,28.6,8.24,4.7,0.25,0.72,174.7,25.9,3.071,225,123.86,242.4,80.94,1.4
Pabda,7.3,5672,41.2,776.99,25.3,7.95,4.84,0.4,0.51,144.7,33.4,3.622,153,66.73,291.96,77.14,1.68
Tilapia,81.7,3659,34.2,44.79,26.2,6.61,5.18,0.39,0.69,87.9,32.5,2.615,130,59.44,175.74,80.8,1.24
Silver Carp,57.7,4835,79.4,83.8,25.6,6.61,6.13,1.08,0.8,174.1,34.9,10.02,203,136.63,399.21,60.43,1.96
Pangasius,99.1,7271,22.9,73.37,25.9,8.13,4.45,0.89,0.2,81.9,26.7,4.695,185,49.13,301.92,84.52,1.47
Gulsha,68.4,2107,79.8,30.8,29.7,8.45,4.09,1.1,0.96,164.7,29.2,4.708,224,135.1,178.26,62.62,1.68
Silver Carp,53.1,5870,7.8,110.55,29.2,7.55,4.57,0.91,0.97,164.7,34.8,1.204,235,14.4,64.67,76.52,1.88
Koi,58.4,459,32.6,7.86,25.3,6.58,6.85,0.76,0.44,162.2,33.2,0.338,213,66.28,24.35,80.04,1.4
Gulsha,58.5,491,69.8,8.39,26.0,8.03,3.59,0.22,0.56,125.6,32.7,0.781,219,129.85,48.51,76.09,1.69
Magur,46.7,1262,48.3,27.02,26.8,7.8,4.46,0.91,0.17,83.6,31.0,1.81,189,94.82,102.41,85.58,1.49
Pabda,93.8,1286,61.3,13.71,31.6,7.38,4.91,0.25,0.22,110.3,31.2,2.026,215,129.74,152.75,91.55,1.7
Silver Carp,30.5,2342,15.7,76.79,30.8,6.58,7.41,0.7,0.53,111.0,29.2,0.963,117,22.95,37.97,70.63,1.74
Silver Carp,75.2,6210,5.4,82.58,27.1,7.73,4.54,1.04,0.89,135.9,29.6,0.939,182,8.72,37.05,68.39,1.72
Thai Koi,44.5,8120,25.3,182.47,27.5,8.12,5.89,0.54,0.61,117.7,34.9,4.437,101,38.35,212.22,68.15,1.51
Pangasius,84.5,2243,37.3,26.54,25.3,8.1,6.12,0.42,0.57,118.4,34.8,2.426,158,75.72,148.06,87.17,1.39
Pangasius,55.1,3219,10.3,58.42,24.3,7.4,6.26,0.88,0.2,129.4,29.8,0.627,125,18.71,51.98,86.32,1.4
Pabda,65.2,3656,47.2,56.07,26.2,7.14,7.37,1.18,0.62,137.6,29.1,3.158,159,73.54,175.33,65.21,1.78
Koi,6.8,4349,22.8,639.56,25.2,6.58,4.29,1.12,0.86,74.3,30.3,2.538,148,36.16,94.37,60,1.57
Rohu,63.9,7738,40.7,121.1,30.8,8.0,4.56,0.77,0.61,103.2,30.1,5.763,145,63.67,376.68,76.45,1.82
Common Carp,81.8,8891,78.7,108.69,28.0,6.68,3.89,0.54,0.83,71.5,28.7,18.962,139,115.54,672.02,65.42,1.82
Pabda,90.0,1203,20.6,13.37,27.9,7.0,5.67,0.24,0.38,149.9,29.7,0.644,158,37.43,40.24,89.37,1.64
Koi,72.4,4391,27.6,60.65,24.3,7.3,4.1,0.63,0.73,130.7,32.1,3.054,159,51.51,173.32,76.63,1.56
Common Carp,94.3,6269,32.7,66.48,29.5,8.35,5.36,0.8,0.77,106.1,25.0,4.428,155,50.72,225.55,70.94,1.82
Rohu,66.0,3184,26.0,48.24,28.5,7.43,6.29,0.07,0.67,73.8,30.6,1.267,232,50.66,137.86,85.46,1.54
Common Carp,16.3,4481,28.1,274.91,27.0,8.49,6.32,0.13,0.49,138.4,26.9,3.173,209,54.51,191.14,78.26,1.7
Pabda,22.5,4424,15.9,196.62,31.3,6.72,3.65,0.76,0.83,158.3,27.2,1.695,117,22.5,59.72,60,1.62
Koi,85.4,523,32.8,6.12,32.0,6.67,6.3,0.63,0.6,120.3,29.1,0.331,198,63.98,24.4,72.91,1.79
Thai Koi,11.6,5281,18.2,455.26,26.0,7.76,6.51,0.65,0.24,133.9,34.9,1.749,230,39.41,157.75,75.8,1.62
Rohu,13.5,6847,36.6,507.19,25.7,8.03,5.93,0.41,0.2,92.0,30.6,7.443,215,69.85,402.99,84.26,1.72
Magur,25.8,6607,49.1,256.09,29.5,6.79,5.89,0.47,0.48,93.0,26.7,7.072,178,93.18,483.07,78.47,1.46
Tilapia,71.3,5503,22.7,77.18,24.2,8.43,5.01,0.9,0.54,136.2,27.7,3.06,159,41.78,170.97,74.36,1.36
Pangasius,71.5,3096,43.8,43.3,27.9,8.14,6.86,0.33,0.3,152.6,29.9,3.322,190,94.61,273.71,93.44,1.34
Thai Koi,36.9,6050,44.7,163.96,30.4,7.07,4.72,0.92,0.68,176.1,26.8,7.058,216,90.57,389.63,71.11,1.57
Common Carp,67.9,3966,78.7,58.41,30.6,7.64,7.42,0.57,0.1,178.3,26.8,8.552,161,135.2,444.21,82.84,1.48
Rohu,52.8,7243,67.5,137.18,30.3,6.78,5.81,0.31,0.84,121.3,28.8,11.734,99,97.54,568.55,80.48,1.75
Rohu,12.5,7216,37.9,577.28,26.1,7.51,7.16,0.56,0.57,105.1,25.7,5.142,235,65.96,328.18,68.95,1.67
Koi,22.9,6363,69.8,277.86,24.4,6.98,4.52,0.56,0.27,113.1,31.6,11.148,144,122.62,614.52,78.76,1.64
Koi,36.7,8310,9.5,226.43,30.3,6.73,3.83,0.5,0.96,155.5,32.0,1.389,122,14.6,77.2,63.63,1.68
Mrigal,75.6,5944,23.0,78.62,24.2,7.32,4.62,0.49,0.04,92.4,34.8,2.406,195,43.12,230.01,89.74,1.75
Koi,15.9,2547,39.0,160.19,29.2,7.6,6.53,0.19,0.27,115.6,33.0,2.533,126,68.12,147.73,85.15,1.35
Common Carp,72.2,3121,42.6,43.23,30.4,6.65,5.12,0.51,0.1,129.9,32.1,3.603,210,78.34,190.8,78.04,1.48
Mrigal,5.5,1728,9.9,314.18,29.3,8.48,4.58,1.11,0.85,79.3,32.4,0.301,205,15.87,16.45,60,1.77
Tilapia,48.5,9874,7.5,203.59,27.6,7.78,5.0,0.88,0.9,98.7,32.7,1.866,91,10.98,78.68,72.54,1.6
Catla,32.1,7726,55.6,240.69,28.1,7.93,7.17,1.16,0.97,172.3,29.4,10.224,191,85.36,395.68,60,1.9
Pabda,17.4,4489,47.9,257.99,27.6,8.04,7.18,0.65,0.41,133.7,33.0,6.365,228,90.3,301.58,74.4,1.84
Common Carp,46.4,5025,40.1,108.3,26.8,8.06,4.99,0.99,0.07,100.9,35.0,3.849,155,69.17,292.5,84.15,1.6
Catla,18.7,3120,16.7,166.84,24.2,7.12,3.56,0.7,0.37,158.1,32.4,1.495,181,26.03,56.36,69.39,1.91
Koi,81.8,2484,67.1,30.37,29.2,8.49,5.95,0.99,0.76,128.1,33.8,4.517,117,101.63,186.05,73.7,1.72
Tilapia,20.4,8503,17.1,416.81,29.7,8.1,5.94,0.78,0.39,90.3,28.1,3.315,180,36.48,246.79,79.57,1.64
Tilapia,8.6,2871,66.8,333.84,26.4,7.44,7.44,0.15,0.12,130.5,34.3,3.279,112,117.06,296.25,88.15,1.25
Shing,49.6,1322,24.8,26.65,30.1,7.87,5.1,1.02,0.98,150.6,33.4,0.695,119,35.82,32.42,68.45,1.58
Common Carp,86.8,8290,7.5,95.51,29.1,7.14,5.08,1.02,0.63,157.8,31.1,1.53,237,13.57,75.52,67.13,1.86
Shing,19.1,2973,5.5,155.65,27.1,7.36,6.75,1.02,0.72,172.6,30.7,0.463,96,7.19,12.82,60,1.72
Gulsha,85.5,6950,44.0,81.29,28.9,7.31,4.98,0.93,0.8,160.5,31.3,8.501,210,84.8,442.29,75.05,1.88
Pabda,61.5,9715,59.2,157.97,31.5,7.01,7.39,0.91,0.07,104.0,28.9,11.33,126,88.63,651.62,75.68,1.67
Mrigal,35.9,842,42.1,23.45,28.8,6.69,6.81,0.38,0.33,141.0,27.3,0.798,113,64.2,47.28,87.47,1.77
Pangasius,68.8,2139,59.5,31.09,27.3,7.04,6.94,1.15,0.66,121.5,30.8,3.627,231,126.03,182.32,67.63,1.55
Magur,14.9,6910,57.6,463.76,26.0,7.35,3.68,0.67,0.59,81.2,28.7,9.433,101,82.9,362.09,63.21,1.68
Mrigal,75.2,965,5.7,12.83,27.7,8.14,6.75,0.5,0.08,166.2,28.6,0.145,185,10.92,9.6,91.1,1.61
Common Carp,47.7,4482,59.0,93.96,31.7,7.77,7.23,0.83,0.33,108.5,31.9,5.976,106,91.63,340.25,82.85,1.46
Magur,61.8,2560,53.7,41.42,31.5,7.72,5.62,0.36,0.27,144.9,32.6,2.378,201,115.98,268.17,90.32,1.52
Shing,7.7,4194,42.2,544.68,26.5,7.34,6.34,0.46,0.33,151.1,25.2,4.513,192,78.94,282.02,85.18,1.6
Gulsha,18.4,3339,20.1,181.47,30.1,8.37,5.06,1.0,0.52,112.5,26.4,1.107,174,33.98,72.79,64.16,1.73
Pabda,90.4,4665,50.2,51.6,31.8,7.48,6.74,0.94,0.96,75.9,32.6,5.972,125,78.09,282.35,77.51,1.73
Koi,40.5,6286,59.4,155.21,28.8,8.02,3.98,0.32,0.02,75.6,25.8,8.849,155,106.92,512.6,76.27,1.72
Magur,24.9,8527,63.7,342.45,31.3,7.28,3.57,0.6,0.13,162.2,31.3,8.582,134,97.95,572.04,68.49,1.75
Thai Koi,29.0,8526,48.6,294.0,27.3,6.57,4.22,0.83,0.53,130.1,30.3,7.583,221,90.38,504.52,65.47,1.6
Rohu,67.3,4421,75.6,65.69,31.5,7.89,6.76,0.89,0.16,86.0,25.2,6.685,226,142.33,540.77,85.94,1.68
Common Carp,74.2,9255,25.5,124.73,28.7,7.16,5.55,1.01,0.29,146.1,28.8,4.838,138,38.25,257.54,72.75,1.66
Pabda,14.7,8430,44.8,573.47,29.3,8.4,4.86,0.47,0.39,155.8,25.9,10.31,117,64.22,415.13,76.68,1.47
Silver Carp,84.8,7740,12.4,91.27,31.2,8.18,6.72,0.48,0.59,143.0,28.3,1.92,197,23.2,150.53,83.83,1.61
Silver Carp,28.1,6374,69.9,226.83,31.2,7.42,4.44,0.52,0.53,114.7,26.7,9.401,238,121.46,518.3,66.95,1.99
Koi,82.7,6885,76.7,83.25,27.4,8.3,4.12,0.91,0.47,82.9,32.8,12.78,104,113.08,627.91,80.65,1.48
Tilapia,81.2,7004,18.7,86.26,30.1,8.05,5.85,0.35,0.03,111.6,25.1,3.353,111,33.5,220.65,94.03,1.46
Koi,91.5,4781,65.1,52.25,31.8,7.93,6.79,0.32,0.94,175.6,32.0,6.443,189,129.69,535.1,86.3,1.37
Common Carp,83.7,430,28.7,5.14,31.8,7.92,4.7,0.79,0.18,95.1,31.4,0.227,195,55.1,19.54,82.46,1.49
Magur,33.1,9007,57.8,272.11,28.2,7.5,5.38,0.19,0.45,174.0,33.6,8.798,185,109.98,827.81,83.57,1.42
Rohu,73.8,6117,27.6,82.89,27.3,8.14,4.55,0.72,0.82,158.5,25.9,3.123,171,43.99,204.0,75.82,1.7
Koi,88.8,3404,16.6,38.33,32.0,7.68,5.78,0.72,0.99,128.3,26.2,1.447,104,24.81,66.12,78.3,1.73
Thai Koi,82.2,6992,59.6,85.06,24.2,7.57,6.91,0.45,0.41,131.0,25.5,8.876,117,99.17,635.04,91.58,1.57
Koi,19.3,9168,59.1,475.03,31.3,7.23,5.59,1.12,0.58,143.0,31.7,12.733,162,95.29,524.17,60,1.67
Magur,44.1,1134,45.9,25.71,29.2,7.64,7.39,1.14,0.42,90.2,30.4,1.421,151,78.91,66.1,73.87,1.69
Pabda,6.9,4582,41.0,664.06,32.0,6.93,4.21,0.87,0.23,161.3,33.8,3.513,146,66.14,223.66,73.8,1.9
Common Carp,92.5,2136,67.3,23.09,31.6,7.53,6.29,0.78,0.43,77.7,27.1,2.616,133,104.03,183.89,82.76,1.71
Thai Koi,25.1,497,75.8,19.8,31.1,6.76,6.39,0.5,0.89,101.4,33.8,1.119,150,132.84,51.91,78.63,1.56
Shing,79.7,5483,60.1,68.8,25.4,7.81,7.47,0.25,0.1,90.5,29.9,9.26,235,133.87,663.62,90.41,1.56
Pabda,81.8,1819,63.7,22.24,25.5,8.02,5.28,0.11,0.04,137.0,32.6,2.005,190,123.72,200.0,88.87,1.69
Pabda,87.2,2718,16.2,31.17,30.1,7.8,6.98,0.31,0.74,118.5,26.0,1.074,225,33.63,75.88,83.02,1.69
Rohu,67.2,2660,30.5,39.58,27.5,6.84,6.4,1.19,0.48,105.8,32.4,1.679,167,47.61,97.13,76.7,1.78
Pangasius,44.6,8646,45.5,193.86,27.2,7.28,6.89,0.56,0.05,144.8,30.6,7.278,101,72.02,480.27,77.13,1.68
Koi,61.8,7933,58.6,128.37,29.8,8.28,6.57,0.23,0.8,97.3,26.9,9.344,210,121.42,769.01,79.84,1.64
Gulsha,21.6,8377,79.5,387.82,24.8,7.22,4.93,0.4,0.7,127.2,25.6,15.584,169,134.84,840.17,74.38,1.61
Shing,95.6,5868,26.5,61.38,27.7,6.81,5.0,1.04,0.42,80.0,26.8,4.572,90,37.95,166.67,74.85,1.69
Common Carp,69.9,7734,57.9,110.64,24.2,7.91,6.28,0.5,0.09,131.4,34.2,8.374,160,104.74,733.68,90.57,1.71
Pangasius,99.7,6162,73.5,61.81,25.1,8.07,3.63,0.28,0.84,148.8,27.3,9.33,173,150.93,721.23,77.55,1.53
Pabda,11.9,6167,56.3,518.24,31.2,6.76,7.16,0.14,0.53,151.9,33.6,8.229,150,92.17,404.93,71.24,1.83
Gulsha,31.7,4929,38.6,155.49,30.2,8.46,6.4,0.83,0.49,80.0,30.8,4.262,206,73.3,263.27,72.87,1.69
Shing,98.0,722,9.0,7.37,27.9,8.36,3.87,0.26,0.42,92.2,31.4,0.11,238,18.71,10.61,78.54,1.49
Koi,60.4,6597,75.6,109.22,24.5,7.13,3.83,0.12,0.03,76.4,29.9,9.626,91,108.92,602.57,83.86,1.52
Koi,52.2,7919,33.6,151.7,27.7,6.97,3.99,1.01,0.71,97.4,28.2,6.333,169,53.05,252.05,60,1.51
Thai Koi,59.5,4263,15.4,71.65,31.7,7.0,4.57,0.46,0.33,146.7,32.5,1.891,224,36.41,142.37,91.72,1.56
Magur,50.8,1410,44.8,27.76,27.1,8.19,6.63,0.23,0.31,87.7,30.6,0.998,220,102.8,132.44,91.37,1.62
Tilapia,61.0,5975,68.5,97.95,25.5,8.44,4.68,0.37,0.02,139.7,35.0,7.408,200,157.15,832.33,88.64,1.4
Pabda,44.9,3217,13.3,71.65,27.6,8.02,6.86,0.98,0.81,134.8,31.1,0.736,237,25.66,62.02,75.12,1.84
Shing,39.2,5024,47.1,128.16,26.3,6.58,3.95,0.14,0.2,129.0,31.8,5.372,126,77.99,311.83,79.58,1.68
Pangasius,74.7,9636,44.7,129.0,27.3,7.57,4.66,0.68,0.73,147.2,27.2,11.027,169,88.14,652.92,76.88,1.67
Tilapia,46.1,2274,5.1,49.33,30.2,8.34,3.86,0.7,0.51,177.2,29.8,0.289,97,7.41,11.25,66.71,1.54
Koi,99.0,6710,48.1,67.78,24.1,7.88,4.2,0.48,0.51,121.9,28.0,4.938,125,76.51,434.68,84.67,1.61
Rohu,22.6,789,46.4,34.91,28.7,8.26,7.41,0.34,0.91,70.8,34.7,0.556,213,86.67,54.77,80.1,1.61
Common Carp,28.8,5397,66.4,187.4,30.6,8.35,3.81,0.52,0.78,98.4,25.9,10.643,164,96.88,313.7,60,1.64
Rohu,92.8,6610,48.6,71.23,25.7,7.65,4.84,0.51,0.55,91.0,33.5,7.935,111,70.13,354.73,76.52,1.68
Catla,59.3,5906,68.2,99.6,27.6,7.53,7.47,0.29,0.3,178.2,32.1,8.982,165,123.25,642.6,88.28,1.63
Silver Carp,74.3,4349,36.7,58.53,29.3,7.18,7.37,1.15,0.77,118.8,34.1,4.533,176,57.08,165.49,66.66,1.76
Pabda,7.7,1737,77.9,225.58,26.3,6.93,6.57,0.33,0.07,103.7,34.8,3.626,135,123.12,180.41,84.36,1.49
Shing,81.4,5829,68.8,71.61,26.6,8.25,7.11,0.99,0.32,79.6,34.1,10.708,198,137.78,622.35,77.49,1.52
Pangasius,69.2,2132,7.0,30.81,26.0,8.33,5.17,0.87,0.62,83.2,31.0,0.312,195,14.88,22.94,72.28,1.62
Rohu,98.3,8880,14.1,90.34,28.6,6.65,6.93,0.38,0.21,174.2,31.2,3.118,117,21.96,169.82,87.07,1.5
Shing,89.7,5712,16.6,63.68,31.8,6.67,7.05,0.06,0.5,100.0,26.8,1.678,115,27.22,131.41,84.53,1.56
Pangasius,62.6,1189,36.0,18.99,26.5,6.78,4.16,0.15,0.92,107.1,32.0,0.728,106,56.27,53.37,79.76,1.45
Gulsha,32.1,2617,24.8,81.53,25.2,6.7,6.49,0.17,0.29,77.4,27.6,1.811,181,46.17,101.86,84.31,1.51
Mrigal,53.8,8321,34.6,154.67,24.3,6.8,7.38,1.18,0.89,162.5,32.2,7.284,122,45.24,229.39,60.94,1.9
Common Carp,5.2,5737,17.1,1103.27,24.7,8.33,6.64,1.15,0.43,114.9,33.3,1.854,210,28.9,102.86,62.04,1.83
Pangasius,54.8,4532,11.6,82.7,25.8,7.89,7.29,1.12,0.85,158.7,29.4,0.831,90,16.52,52.94,70.73,1.48
Shing,95.8,5335,12.7,55.69,25.7,7.8,5.9,0.85,0.78,92.9,31.7,1.043,148,22.25,89.55,75.44,1.83
Rohu,51.6,3599,60.7,69.75,27.0,6.98,6.06,0.19,0.67,119.3,27.8,3.364,111,85.72,265.82,86.16,1.52
Tilapia,73.5,2211,52.9,30.08,24.2,6.9,6.0,0.87,0.16,143.0,29.3,1.766,114,92.66,174.74,85.29,1.27
Shing,29.7,3087,62.0,103.94,30.1,8.34,6.4,0.15,0.55,76.7,32.7,3.273,193,118.15,286.54,78.56,1.41
Shing,60.2,4435,37.2,73.67,31.8,7.13,5.44,0.84,0.34,176.6,26.3,4.471,189,71.51,260.84,82.24,1.61
Shing,50.1,8618,54.5,172.02,24.7,8.34,5.22,0.66,0.8,72.9,27.1,8.266,130,85.43,472.94,64.24,1.81
Koi,83.8,6035,73.7,72.02,31.1,7.0,5.89,0.6,0.98,123.3,31.1,10.541,203,143.78,654.41,75.42,1.69
Shing,15.4,4900,38.6,318.18,30.0,7.03,3.78,0.61,0.47,111.5,32.9,4.35,193,68.16,230.32,68.96,1.72
Mrigal,82.0,710,67.7,8.66,29.5,7.52,5.54,0.11,0.9,125.9,34.1,1.029,226,134.86,79.06,82.57,1.58
Tilapia,27.2,6477,69.4,238.12,28.6,8.2,4.03,0.31,0.29,179.6,27.3,10.968,139,130.68,740.68,87.51,1.39
Pabda,7.3,2000,34.7,273.97,28.3,8.02,6.68,1.16,0.42,122.8,25.7,1.166,197,61.13,81.69,66.81,1.6
Thai Koi,43.8,5749,5.9,131.26,27.3,7.85,6.63,0.52,0.48,169.5,26.3,0.604,93,8.6,41.4,83.77,1.54
Mrigal,15.9,6226,22.8,391.57,27.0,7.46,5.52,1.07,0.91,116.0,31.3,2.285,145,34.28,128.04,60,1.91
Silver Carp,86.0,2262,55.9,26.3,25.9,8.31,3.94,0.57,0.12,160.6,34.5,2.251,229,98.47,158.05,70.96,1.93
Common Carp,7.4,7255,25.1,980.41,24.3,7.3,5.83,0.84,0.08,152.7,34.5,3.405,90,36.01,197.51,75.61,1.6
Magur,28.7,6261,19.8,218.15,26.5,7.32,6.33,0.05,0.83,179.8,25.9,2.864,184,36.89,178.86,77.45,1.6
Catla,37.2,2214,27.4,59.52,28.3,7.22,6.01,0.7,0.28,79.8,34.9,0.934,166,47.74,87.04,82.34,1.82
Shing,14.7,5279,53.9,359.12,31.5,7.12,6.02,0.69,0.64,145.3,31.8,6.317,222,104.5,390.79,70.84,1.62
Rohu,23.0,5794,31.0,251.91,31.6,7.14,5.81,0.75,0.58,150.5,28.4,4.49,172,50.71,200.36,68.19,1.72
Catla,96.5,919,57.3,9.52,25.9,6.93,3.77,0.27,0.52,163.4,27.3,1.327,92,79.23,56.06,77.0,1.93
Tilapia,64.6,6521,47.0,100.94,29.4,6.63,3.78,0.65,0.69,79.5,31.3,5.547,202,99.2,421.64,65.18,1.37
Catla,37.9,2704,25.3,71.35,27.1,8.04,4.48,0.9,0.59,97.2,34.8,1.902,213,46.51,95.34,75.81,1.87
Mrigal,60.8,4888,67.3,80.39,26.0,6.61,6.67,0.71,0.68,104.4,34.1,8.027,183,116.48,406.47,71.39,1.81
Gulsha,7.0,821,16.4,117.29,31.1,7.88,5.28,0.74,0.17,165.1,29.0,0.349,234,32.66,22.36,83.4,1.59
Tilapia,45.1,4947,45.9,109.69,29.0,8.43,6.08,0.31,0.89,158.6,31.9,6.176,181,100.88,399.86,80.12,1.24
Common Carp,28.4,2271,33.2,79.96,29.6,7.98,6.19,0.77,0.56,133.8,27.7,2.006,118,51.09,87.95,75.8,1.66
Pabda,86.3,6156,56.9,71.33,28.5,8.21,4.74,0.14,0.1,146.8,26.6,9.247,105,82.04,440.59,87.24,1.67
Mrigal,46.1,9237,22.7,200.37,25.7,7.71,6.81,0.18,0.36,78.4,34.9,5.808,164,39.32,309.66,85.26,1.71
Gulsha,35.5,9456,62.6,266.37,24.2,6.76,6.79,1.04,0.29,129.8,33.7,15.627,104,86.25,500.37,61.35,1.82
Magur,50.2,1968,47.4,39.2,26.5,7.38,6.18,0.96,0.73,150.6,28.1,1.838,195,85.52,129.74,77.09,1.67
Shing,81.3,7914,26.2,97.34,25.2,7.4,7.32,0.67,0.69,143.0,32.2,5.515,164,44.88,269.66,75.92,1.76
Pangasius,6.9,8164,29.6,1183.19,30.3,6.88,4.42,0.14,0.11,71.6,28.6,6.911,204,64.77,452.37,85.55,1.43
Common Carp,76.4,2344,38.4,30.68,24.6,6.85,3.91,0.86,0.65,89.6,25.9,1.566,153,61.15,101.0,70.46,1.85
Tilapia,64.1,8073,34.0,125.94,29.9,6.81,3.85,0.94,0.55,148.6,33.7,6.56,189,71.89,420.45,72.45,1.57
Shing,18.6,1277,45.1,68.66,24.2,6.97,5.1,0.91,0.25,109.8,27.4,0.91,218,96.45,105.55,85.7,1.43
Common Carp,74.2,1037,79.4,13.98,27.5,8.01,6.65,0.38,0.53,147.8,31.6,1.655,190,143.59,124.66,83.72,1.68
Tilapia,63.4,7212,9.9,113.75,25.1,7.54,4.96,0.35,0.21,147.2,33.4,1.464,187,22.14,148.36,92.92,1.2
Common Carp,57.2,6485,69.5,113.37,26.6,6.6,6.83,0.67,0.93,85.3,32.1,7.842,99,100.26,470.32,72.34,1.61
Koi,17.3,6128,35.0,354.22,25.3,7.42,7.29,0.3,0.27,154.1,28.2,4.354,207,71.89,372.2,84.49,1.42
Common Carp,96.1,7361,44.4,76.6,31.5,7.49,4.89,0.45,0.12,163.3,25.3,8.301,154,78.82,518.72,89.4,1.57
Koi,91.3,6118,48.6,67.01,29.3,7.74,5.55,1.08,0.1,80.7,30.1,8.861,113,77.86,351.75,73.84,1.65
Gulsha,28.5,4447,70.7,156.04,25.8,6.74,5.43,0.96,0.1,70.6,34.9,9.023,154,118.03,382.16,72.81,1.85
Koi,61.0,7017,8.2,115.03,25.5,7.97,4.26,0.56,0.41,170.4,34.5,1.093,133,13.63,82.73,86.49,1.48
Silver Carp,48.4,7893,76.1,163.08,26.6,6.93,4.22,0.18,0.6,162.1,32.5,14.296,133,116.33,702.07,76.46,1.85
Mrigal,89.9,3673,26.0,40.86,28.5,7.77,5.57,0.62,0.05,103.0,33.3,1.671,167,44.49,138.56,84.8,1.63
Tilapia,80.3,9992,64.6,124.43,28.0,7.67,5.34,0.34,0.22,101.9,32.4,9.747,119,113.81,1076.39,94.65,1.31
Magur,56.6,8568,49.0,151.38,25.9,8.03,3.96,0.94,0.99,153.0,26.0,10.286,189,80.12,435.42,63.43,1.85
Mrigal,91.7,4205,79.8,45.86,26.4,7.04,5.83,1.11,0.82,90.3,26.3,8.926,103,107.46,306.24,67.77,1.84
Pangasius,69.4,384,36.8,5.53,30.8,8.43,5.7,0.55,0.56,138.6,31.3,0.336,181,72.96,20.43,72.92,1.58
Rohu,74.9,8991,58.0,120.04,24.5,8.04,7.31,0.59,0.22,119.0,27.6,7.926,216,110.27,842.54,84.98,1.56
Catla,15.6,2103,9.2,134.81,24.8,7.11,6.96,0.16,0.75,87.4,26.7,0.553,154,15.14,25.81,81.05,1.61
Pangasius,91.6,6236,29.9,68.08,30.3,6.96,6.31,0.71,0.92,132.7,31.8,3.729,153,53.69,266.52,79.61,1.62
Catla,80.2,6879,34.7,85.77,30.5,8.32,4.85,0.74,0.93,128.1,25.2,6.612,90,45.27,223.23,71.68,1.95
Pabda,67.7,5183,58.7,76.56,30.1,7.88,6.62,0.62,0.7,148.6,32.5,8.762,225,111.32,443.1,76.8,1.7
Mrigal,71.7,9598,70.0,133.86,26.6,6.77,6.14,0.15,0.48,77.9,28.3,18.073,157,122.09,1030.54,87.94,1.64
Koi,75.9,6781,14.7,89.34,26.6,7.36,4.85,0.17,0.1,77.3,31.2,2.801,239,34.17,214.28,92.47,1.65
Gulsha,32.1,553,67.6,17.23,27.8,8.08,5.82,0.38,0.52,160.0,32.0,0.781,225,131.93,61.86,84.79,1.56
Thai Koi,29.3,7699,35.9,262.76,24.1,7.13,5.95,0.59,0.08,134.3,34.8,6.44,152,62.01,370.58,77.62,1.7
Mrigal,62.3,8785,75.0,141.01,28.8,6.9,4.98,0.26,0.75,89.9,25.2,11.399,179,138.19,1029.71,84.82,1.77
Mrigal,81.0,3763,42.4,46.46,24.3,7.92,5.33,0.82,0.03,159.7,30.6,4.563,166,74.24,237.94,85.17,1.64
Pangasius,53.2,7534,78.4,141.62,24.2,8.43,6.24,0.23,0.99,143.6,26.6,9.214,214,169.03,1005.42,78.95,1.53
Common Carp,22.4,3716,13.2,165.89,24.7,8.06,4.12,0.62,0.51,80.7,30.5,0.765,196,22.41,58.45,70.19,1.83
Gulsha,45.8,3670,66.0,80.13,25.4,7.52,4.51,0.59,0.72,134.6,34.4,6.395,148,107.45,290.88,73.76,1.62
Common Carp,19.8,4314,75.6,217.88,25.7,6.53,6.95,0.27,0.18,97.6,33.9,8.545,206,140.19,478.39,79.1,1.6
Catla,36.6,796,14.8,21.75,29.6,7.04,4.43,1.15,0.21,124.4,32.6,0.2,203,26.27,15.1,72.19,1.7
Catla,13.6,7278,7.5,535.15,30.6,7.03,6.69,0.49,0.07,79.3,25.1,0.95,91,9.88,60.06,83.53,1.56
Koi,12.9,1742,40.7,135.04,31.0,7.16,7.07,0.3,0.12,155.1,26.4,1.687,140,76.53,120.87,90.67,1.42
Silver Carp,36.4,3697,27.3,101.57,27.6,8.15,5.75,0.39,0.23,150.9,34.4,2.533,95,39.74,133.24,90.7,1.84
Silver Carp,40.7,431,17.9,10.59,25.5,7.53,4.89,0.36,0.92,164.3,31.5,0.228,154,28.82,10.44,84.06,1.8
Pangasius,44.6,7462,22.2,167.31,27.9,7.06,4.0,0.26,0.98,143.5,25.9,4.787,228,49.99,284.24,76.2,1.48
Rohu,83.3,1576,16.1,18.92,26.8,7.03,6.78,0.17,0.75,163.5,26.5,0.759,145,26.26,34.87,84.28,1.5
Thai Koi,90.7,1548,58.4,17.07,27.0,7.53,5.23,0.42,0.45,110.9,28.7,1.709,136,99.6,140.87,91.37,1.63
Shing,68.9,3717,46.5,53.95,27.2,8.48,5.41,0.96,0.9,93.8,25.8,3.923,180,84.87,221.23,70.13,1.82
Koi,5.4,923,54.9,170.93,29.8,7.78,3.76,0.3,0.67,176.3,32.9,1.449,194,101.91,65.5,69.63,1.64
Koi,49.6,5772,21.4,116.37,28.9,6.81,4.79,1.11,0.69,97.1,34.0,2.656,213,42.06,164.29,67.67,1.5
Rohu,34.3,6635,64.5,193.44,28.6,7.03,7.45,1.01,0.53,144.6,30.6,8.773,224,110.04,438.09,60,1.69
Gulsha,27.8,3771,78.1,135.65,31.4,7.17,6.36,0.43,0.61,159.9,31.1,6.244,161,129.82,405.51,82.83,1.47
Rohu,68.2,3414,45.8,50.06,31.8,8.29,5.1,0.96,0.77,154.9,33.8,2.658,165,71.55,177.35,72.6,1.75
Rohu,71.0,369,69.4,5.2,29.6,7.76,6.43,0.68,0.7,78.1,30.2,0.412,158,116.86,33.69,78.12,1.9
Rohu,23.4,2653,42.6,113.38,28.9,6.71,7.21,0.63,0.53,87.2,28.8,2.848,223,78.15,148.56,71.65,1.92
Pabda,26.1,6951,57.6,266.32,25.9,8.2,3.71,0.09,0.38,88.7,27.8,8.488,129,91.12,473.68,74.79,1.7
Thai Koi,27.3,6351,8.4,232.64,30.6,7.17,3.93,0.13,0.29,154.0,29.6,1.456,210,17.15,84.46,77.56,1.76
Gulsha,83.1,7820,34.0,94.1,26.5,7.93,5.61,0.35,0.03,178.2,27.9,7.365,216,71.92,513.84,91.36,1.63
Thai Koi,9.5,5433,35.3,571.89,29.0,8.45,5.35,0.99,0.68,110.7,26.1,3.337,153,60.55,220.42,67.0,1.55
Gulsha,81.1,1475,51.3,18.19,29.8,8.06,3.8,0.31,0.5,178.7,34.4,1.491,154,91.06,109.18,81.29,1.54
Rohu,72.6,4946,33.3,68.13,25.5,7.25,3.56,0.53,0.22,142.3,29.6,2.718,141,51.84,200.55,78.22,1.74
Pabda,44.4,7562,49.8,170.32,30.5,8.16,4.91,0.37,0.73,89.8,26.7,11.185,183,85.08,482.03,74.92,1.72
Thai Koi,66.7,7249,79.2,108.68,24.3,7.43,6.82,0.82,0.76,179.0,31.6,8.899,227,169.8,939.06,76.29,1.53
Catla,93.8,2873,33.2,30.63,26.7,6.64,6.22,1.15,0.9,171.8,26.9,2.823,137,46.87,82.68,61.4,1.89
Mrigal,19.7,2987,12.7,151.62,24.9,8.16,7.14,0.12,0.58,82.0,29.8,1.051,176,21.33,49.86,78.27,1.77
Pabda,48.7,3794,63.9,77.91,31.7,6.99,5.33,0.61,0.4,153.6,33.7,5.309,177,112.22,351.8,82.63,1.69
Koi,52.6,5607,43.5,106.6,28.3,8.3,5.61,0.71,0.83,122.4,28.5,6.781,120,65.53,266.45,72.52,1.69
Gulsha,18.8,7582,45.2,403.3,25.2,7.89,5.06,0.77,0.61,78.1,29.2,9.424,159,72.87,384.11,69.52,1.74
Rohu,71.7,388,44.2,5.41,30.1,8.44,6.62,0.18,0.08,88.1,27.4,0.506,130,71.02,24.01,87.15,1.64
Pangasius,11.9,8314,46.2,698.66,30.7,7.12,6.6,0.34,0.32,128.3,27.5,7.989,161,91.82,652.02,85.41,1.46
Tilapia,5.9,4728,8.4,801.36,30.9,7.76,5.04,1.11,0.06,83.6,30.6,0.941,153,15.53,50.97,69.42,1.53
Rohu,56.6,6370,21.3,112.54,25.0,7.8,5.95,0.85,0.31,112.5,31.2,3.039,200,38.2,209.84,86.23,1.62
Silver Carp,9.7,5796,44.6,597.53,29.5,6.57,7.02,0.49,0.23,96.7,25.0,4.446,121,68.57,305.8,76.95,1.58
Magur,35.4,909,78.7,25.68,29.8,7.2,3.64,1.04,0.08,111.5,29.7,1.517,208,145.9,91.66,69.11,1.6
Tilapia,19.9,3967,20.4,199.35,25.0,7.68,5.96,1.08,0.9,141.5,29.3,1.837,135,33.54,80.43,60.45,1.59
Silver Carp,59.8,7968,58.1,133.24,31.4,8.48,6.02,0.67,0.64,146.1,32.5,11.342,107,81.5,469.55,72.31,1.86
Silver Carp,83.5,4557,38.6,54.57,29.3,7.1,5.12,0.94,0.87,77.7,30.9,4.609,205,72.24,243.45,73.95,1.97
Silver Carp,26.6,5082,66.1,191.05,30.5,7.12,4.54,0.58,0.92,100.7,30.0,9.742,132,94.27,331.1,69.11,1.83
Pangasius,76.5,9969,63.7,130.31,30.4,7.82,6.27,1.14,0.91,97.4,31.4,12.828,183,123.27,839.19,68.29,1.55
Koi,11.1,1355,73.6,122.07,26.9,6.86,4.58,0.2,0.06,136.4,33.0,1.825,122,127.11,160.61,93.25,1.63
Silver Carp,8.8,688,38.0,78.18,26.9,6.56,6.13,0.11,0.61,175.2,33.0,0.646,112,53.16,28.57,78.11,1.56
Tilapia,76.7,946,46.7,12.33,29.2,7.99,7.2,0.93,0.11,122.0,31.4,1.104,144,86.99,70.4,85.54,1.21
Rohu,13.7,1599,36.7,116.72,25.8,8.27,4.63,0.67,0.79,115.8,32.5,1.52,154,56.48,67.06,74.26,1.95
Tilapia,69.7,8462,18.6,121.41,25.1,6.77,5.7,1.07,0.75,164.2,33.5,3.431,157,32.54,182.91,66.42,1.53
Shing,57.4,1634,48.0,28.47,27.7,7.3,5.18,0.91,0.16,100.2,31.0,2.204,171,87.93,120.93,84.17,1.68
Rohu,75.5,9916,44.8,131.34,29.2,6.92,6.57,0.68,0.32,118.1,25.4,10.706,240,90.23,763.36,85.32,1.78
Pangasius,89.1,9887,15.4,110.97,26.1,7.91,6.6,0.73,0.87,151.2,30.3,3.258,128,25.75,196.96,77.36,1.5
Pangasius,70.8,3844,26.8,54.29,31.8,6.92,5.61,0.71,0.62,89.4,28.8,1.803,182,53.25,163.83,80.04,1.54
Pangasius,74.2,6821,41.5,91.93,28.5,6.62,4.67,0.59,0.34,161.0,29.0,6.907,224,95.23,532.81,82.03,1.54
Rohu,47.6,6168,40.3,129.58,25.9,6.99,3.62,0.31,0.54,149.6,32.9,6.289,210,73.03,342.74,76.09,1.82
Common Carp,95.1,7645,70.4,80.39,30.2,7.43,3.53,0.83,0.5,91.1,25.4,15.016,206,125.27,746.33,77.93,1.81
Magur,81.4,9936,37.6,122.06,24.1,8.43,6.63,0.27,0.3,97.9,27.1,8.817,146,64.27,546.55,85.59,1.54
Pabda,25.1,1580,50.1,62.95,25.9,7.34,6.13,0.06,0.26,137.3,28.2,2.351,196,101.78,142.6,88.68,1.46
Mrigal,85.4,1375,52.1,16.1,25.2,8.46,4.93,0.3,0.95,179.4,31.8,1.426,139,77.33,83.34,78.38,1.72
Shing,35.2,6620,35.2,188.07,27.0,8.3,7.42,0.33,0.5,97.9,31.2,3.868,94,49.42,264.91,80.97,1.58
Tilapia,50.6,2026,22.2,40.04,26.7,7.45,6.78,0.17,0.06,102.5,33.1,0.909,126,40.29,76.41,93.6,1.36
Mrigal,37.0,9888,77.9,267.24,27.3,7.5,4.34,0.81,0.98,88.7,33.6,15.945,110,108.07,720.14,67.39,1.74
Pangasius,48.2,6928,58.1,143.73,26.3,7.08,4.7,0.12,0.63,109.2,30.2,9.016,122,106.04,639.31,87.02,1.33
Pangasius,10.8,4456,37.5,412.59,30.7,6.9,5.7,0.44,0.88,105.2,26.1,4.645,176,78.18,266.97,76.63,1.58
Rohu,13.7,8554,46.9,624.38,24.4,8.07,5.33,0.32,0.59,128.8,28.5,8.906,222,87.25,587.49,78.72,1.95
Gulsha,47.4,6509,72.4,137.32,27.4,7.03,6.1,0.71,0.34,132.1,29.1,9.614,194,135.91,742.67,83.95,1.66
Pabda,76.7,2987,14.5,38.94,26.8,7.98,7.1,0.29,0.46,70.2,27.8,0.68,130,24.67,66.45,90.19,1.67
Tilapia,44.2,4519,11.2,102.24,27.1,6.59,6.52,0.29,0.38,129.9,30.2,1.412,152,22.02,88.45,88.88,1.42
Catla,88.2,2698,32.8,30.59,24.3,6.56,7.03,0.81,0.93,126.2,32.8,1.673,161,54.21,103.94,71.07,1.9
Mrigal,18.0,6859,40.4,381.06,27.7,8.05,7.1,0.4,0.13,159.1,30.4,6.484,156,68.78,400.78,84.95,1.74
Catla,87.8,1086,73.4,12.37,29.6,6.53,4.66,0.22,0.6,150.2,32.0,2.256,156,124.77,104.88,77.4,1.75
Thai Koi,20.1,6441,10.8,320.45,27.5,7.41,6.82,0.89,0.59,75.8,26.4,2.073,196,19.48,85.95,68.51,1.73
Tilapia,11.9,4410,31.9,370.59,31.7,7.02,6.22,0.3,0.06,87.8,32.6,2.687,180,70.01,263.52,85.35,1.32
Pabda,15.6,2523,63.3,161.73,26.1,7.25,7.37,1.2,0.94,134.0,25.4,4.073,218,111.56,168.88,60,1.79
Rohu,5.2,1357,43.5,260.96,31.4,6.75,4.19,0.24,0.9,141.9,29.7,1.328,220,78.07,76.15,71.88,1.88
Mrigal,20.7,3089,18.2,149.23,27.0,7.55,5.71,0.62,0.29,175.2,31.0,1.512,121,28.09,72.45,83.5,1.72
Magur,73.6,4780,74.8,64.95,30.0,8.23,3.93,1.01,0.71,166.9,34.7,8.939,102,101.41,290.84,60,1.82
Gulsha,84.6,9445,13.8,111.64,29.0,7.18,3.9,0.56,0.81,149.2,26.9,2.568,224,24.88,161.55,68.74,1.67
Tilapia,69.3,9958,70.6,143.69,30.4,8.23,3.77,0.82,0.58,138.7,29.7,18.42,205,142.38,958.89,67.63,1.51
Mrigal,16.3,9627,13.7,590.61,25.9,7.14,3.64,0.52,0.22,157.2,33.4,2.005,208,23.86,162.23,70.62,1.83
Koi,6.0,947,38.1,157.83,25.9,7.03,6.73,0.78,0.56,73.6,25.0,0.577,98,52.69,35.64,71.43,1.63
Mrigal,92.0,6676,63.4,72.57,27.8,7.46,7.04,0.1,0.94,145.2,34.6,8.761,104,93.39,533.27,85.53,1.61
Koi,36.9,4025,72.5,109.08,29.7,7.34,4.84,0.67,0.36,156.8,29.9,4.611,139,120.38,411.37,84.9,1.41
Tilapia,80.7,9122,69.7,113.04,29.9,7.34,5.06,1.12,0.77,74.8,25.8,13.288,216,150.55,961.16,69.99,1.62
Koi,87.4,6594,29.4,75.45,27.4,6.93,6.24,0.34,0.18,148.9,29.1,3.082,183,63.16,390.54,93.78,1.51
Catla,63.1,4710,13.1,74.64,29.8,7.99,6.4,0.41,0.46,72.8,28.4,1.506,163,23.05,96.24,88.66,1.58
Rohu,27.0,5910,32.6,218.89,29.5,7.41,7.34,0.16,0.84,139.0,30.9,3.584,203,57.32,265.5,78.37,1.78
Common Carp,21.8,3554,5.3,163.03,25.0,8.42,7.32,0.72,0.51,170.7,33.9,0.401,211,9.2,20.52,62.79,1.9
Koi,8.5,1106,24.9,130.12,28.7,6.86,5.52,0.69,0.57,79.0,31.5,0.518,240,52.45,43.95,75.76,1.77
Mrigal,91.3,9964,66.6,109.13,31.6,7.52,7.18,0.46,0.7,160.2,30.0,16.391,150,108.18,918.38,85.2,1.65
Pangasius,8.1,6268,52.0,773.83,29.9,8.24,4.42,0.43,0.5,160.2,30.5,6.975,226,115.11,581.71,80.62,1.37
Shing,81.5,2448,11.5,30.04,25.1,7.34,4.49,0.22,0.7,97.7,33.9,0.656,128,18.84,38.37,83.22,1.48
Common Carp,32.3,7213,15.7,223.31,27.9,6.69,4.57,0.16,0.43,152.3,25.6,3.182,100,23.45,136.62,80.76,1.62
Gulsha,28.1,8203,36.2,291.92,25.0,8.29,5.5,0.13,0.41,170.4,33.0,7.78,111,54.91,351.99,78.14,1.75
Thai Koi,28.8,8051,51.0,279.55,24.5,6.98,6.74,0.93,0.23,153.2,32.5,11.456,226,103.93,659.94,78.87,1.71
Catla,73.3,9860,32.2,134.52,26.4,7.66,4.82,0.59,0.23,123.8,27.6,7.842,181,56.15,467.39,84.42,1.77
Thai Koi,36.2,1347,39.6,37.21,31.9,6.5,6.26,0.21,0.7,105.9,29.4,1.104,213,82.08,87.96,79.56,1.63
Rohu,8.2,9999,28.0,1219.39,25.7,7.34,3.75,0.33,0.12,139.6,32.5,4.452,199,48.86,379.25,77.63,1.68
Magur,61.2,7499,16.0,122.53,26.5,7.14,5.09,0.76,0.28,71.8,33.3,3.444,174,30.2,190.88,84.28,1.53
Pangasius,15.3,5837,24.1,381.5,26.7,8.47,6.91,0.35,0.55,130.2,32.9,3.039,183,46.38,196.25,72.49,1.64
Pabda,45.2,4068,46.7,90.0,29.4,6.98,5.92,0.99,0.55,71.3,34.0,5.357,107,70.53,215.07,74.96,1.61
Gulsha,15.2,5159,22.7,339.41,30.1,7.01,4.96,1.05,0.52,131.1,27.7,2.213,225,37.97,118.66,60.57,1.67
Rohu,38.9,7736,44.4,198.87,26.8,7.9,6.79,0.28,0.52,105.7,25.9,10.133,209,77.24,472.9,79.14,1.8
Rohu,50.8,5943,5.0,116.99,25.5,7.68,4.43,0.95,0.11,104.6,27.8,0.823,148,7.86,38.86,83.18,1.53
Common Carp,6.1,8596,21.1,1409.18,24.7,6.52,6.52,0.33,0.76,77.9,33.2,5.369,131,33.36,200.81,70.02,1.89
Mrigal,30.6,2969,48.9,97.03,29.7,8.05,6.52,0.36,0.37,74.4,30.6,3.76,132,77.46,212.95,92.59,1.71
Catla,22.4,6758,19.7,301.7,25.1,7.06,6.17,0.68,0.76,103.4,25.0,2.45,193,34.39,161.91,69.66,1.73
Tilapia,13.0,6579,45.9,506.08,30.3,7.94,3.98,0.66,0.3,88.3,34.5,7.549,214,94.83,451.37,72.35,1.52
Rohu,76.7,6910,16.1,90.09,27.0,7.55,4.55,0.43,0.92,164.3,32.9,3.26,145,25.42,151.41,86.18,1.69
Silver Carp,72.9,8800,72.4,120.71,28.5,7.05,3.99,0.58,0.93,115.9,26.3,16.756,225,132.37,792.11,68.0,1.82
Silver Carp,16.1,3600,20.4,223.6,27.3,7.52,5.01,1.03,0.62,145.8,30.5,1.241,113,27.65,59.72,60,1.76
Mrigal,43.2,3138,69.2,72.64,29.0,7.65,3.82,0.17,0.58,155.9,30.4,4.669,225,125.92,303.02,76.69,1.72
Silver Carp,38.3,7349,44.2,191.88,26.1,8.35,5.62,0.74,0.55,176.0,28.6,5.132,235,76.29,355.66,63.44,1.84
Thai Koi,82.2,3534,13.9,42.99,25.9,6.95,4.46,1.19,0.5,173.6,29.5,1.302,221,27.42,72.43,74.74,1.53
Common Carp,54.1,1668,57.0,30.83,29.6,6.53,5.05,0.46,0.74,123.8,29.7,2.672,239,111.26,147.97,79.73,1.67
Catla,83.4,1965,72.0,23.56,31.2,6.69,3.78,1.12,0.85,177.1,31.4,2.999,224,121.77,143.57,60,1.96
Thai Koi,83.8,5074,44.7,60.55,24.5,7.21,5.68,1.03,0.72,144.2,31.8,5.149,114,65.7,231.71,69.51,1.53
Thai Koi,99.9,9056,15.0,90.65,25.9,7.17,6.74,0.31,0.45,90.6,27.9,3.111,135,27.13,223.27,90.86,1.56
Gulsha,27.8,4350,67.5,156.47,24.0,7.84,5.45,0.81,0.8,172.9,28.6,6.812,239,132.15,384.99,66.97,1.83
Rohu,5.6,1588,32.3,283.57,28.8,8.35,7.2,1.17,0.94,117.8,33.3,0.851,191,50.64,48.25,60,1.72
Silver Carp,91.5,2597,56.8,28.38,28.7,6.86,7.13,0.43,0.17,81.4,27.2,4.13,91,77.83,181.23,89.66,1.77
Thai Koi,81.0,6756,26.6,83.41,24.8,7.84,4.91,0.67,0.09,148.0,29.7,4.079,105,41.26,237.48,85.2,1.55
Magur,8.2,3138,7.4,382.68,25.8,7.89,5.95,0.23,0.76,79.3,33.2,0.446,144,12.02,28.78,76.34,1.6
Pabda,35.3,9043,67.9,256.18,26.4,7.52,6.36,0.58,0.57,82.4,28.5,13.631,195,117.27,738.4,69.63,1.88
Pangasius,19.5,321,24.8,16.46,29.4,7.34,6.56,0.22,0.8,90.8,28.6,0.119,95,37.76,10.32,85.18,1.35
Common Carp,33.8,2114,21.0,62.54,27.4,8.44,5.53,0.76,0.49,144.5,28.2,1.128,189,40.06,65.46,77.29,1.69
Pangasius,64.2,6774,54.9,105.51,28.7,6.55,4.98,0.61,0.76,74.6,28.9,7.103,199,109.4,542.7,73.23,1.68
Common Carp,55.8,8209,68.7,147.11,29.9,7.49,6.32,0.36,0.93,118.4,31.8,12.463,223,137.78,947.47,83.77,1.64
Koi,39.8,4062,28.5,102.06,26.5,8.34,5.23,0.69,0.37,121.5,26.7,2.142,186,54.52,177.09,79.97,1.46
Pabda,99.6,3274,16.1,32.87,27.9,8.08,5.97,0.69,0.61,116.0,33.4,0.917,218,30.9,78.01,77.1,1.68
Rohu,91.1,8070,60.5,88.58,25.4,7.51,6.76,0.93,0.2,76.8,33.5,9.96,166,106.34,715.66,83.39,1.54
Thai Koi,46.5,379,41.3,8.15,29.6,7.24,3.52,0.32,0.62,170.9,34.2,0.293,115,62.96,18.41,77.17,1.61
Magur,47.7,7749,28.0,162.45,27.2,6.55,6.7,0.66,0.47,101.8,27.2,3.602,132,44.34,243.0,70.72,1.64
Thai Koi,52.0,5454,72.1,104.88,24.4,6.86,3.79,0.43,0.47,169.8,29.9,7.983,138,121.1,568.96,86.14,1.61
Pangasius,70.5,6838,23.5,96.99,25.3,6.5,4.42,0.51,0.11,76.4,25.6,3.407,203,53.32,299.98,82.28,1.47
Koi,46.9,7223,62.7,154.01,30.4,8.47,6.3,0.19,0.64,80.9,26.8,10.779,151,101.55,544.23,74.2,1.57
Shing,71.5,4419,50.9,61.8,28.8,7.78,6.8,0.36,0.32,146.9,28.6,6.5,91,78.42,318.47,91.9,1.56
Tilapia,33.7,9091,76.9,269.76,30.8,8.38,6.94,0.11,0.11,137.0,30.9,11.675,142,150.83,1100.22,80.24,1.48
Mrigal,38.6,2750,36.0,71.24,28.5,8.11,4.59,0.9,0.69,74.0,33.4,2.059,111,52.87,110.17,75.77,1.8
Thai Koi,61.4,9685,48.9,157.74,26.1,6.88,5.01,0.36,0.53,133.1,25.8,10.751,180,92.31,681.04,76.18,1.65
Magur,85.7,9141,37.1,106.66,28.1,6.61,4.43,0.11,0.79,102.0,34.1,6.376,176,70.65,512.48,79.35,1.53
Magur,66.2,1876,38.6,28.34,26.7,7.53,6.4,0.32,0.56,118.1,28.7,1.535,92,58.66,93.01,84.52,1.58
Pabda,47.4,9160,68.0,193.25,31.6,6.52,4.42,0.88,0.38,157.0,33.8,13.89,95,95.67,636.38,72.62,1.62
Silver Carp,14.5,9968,30.8,687.45,27.0,7.05,5.74,0.83,0.88,176.5,25.2,5.373,173,48.97,329.31,67.47,1.79
Gulsha,66.4,1298,9.5,19.55,24.3,7.52,4.39,0.77,0.52,109.7,34.7,0.269,218,19.0,19.13,77.58,1.8
Pabda,98.2,8345,32.1,84.98,28.9,7.03,4.73,0.35,0.51,72.5,32.8,4.286,111,48.98,330.6,80.89,1.51
Thai Koi,41.7,4829,26.8,115.8,30.1,7.61,5.72,1.07,0.41,137.0,34.2,3.468,115,39.92,141.73,73.52,1.68
Koi,22.1,1768,34.9,80.0,30.1,8.13,5.49,0.25,0.94,83.4,29.0,1.037,100,51.48,75.44,82.88,1.47
Silver Carp,95.6,870,39.2,9.1,30.7,8.12,4.05,0.67,0.5,82.9,33.9,0.761,96,56.67,41.26,83.7,1.74
Thai Koi,41.9,9865,55.5,235.44,30.4,6.75,5.47,0.42,0.55,164.6,29.0,8.924,237,111.82,783.09,70.99,1.55
Catla,50.4,9480,57.2,188.1,30.9,7.43,6.95,1.16,0.21,145.9,25.1,10.628,150,88.37,562.31,67.12,1.96
Thai Koi,32.7,6849,42.6,209.45,31.1,7.05,7.36,1.19,0.75,156.4,27.3,7.207,189,72.94,312.61,62.58,1.75
Magur,18.2,7782,75.0,427.58,27.2,7.56,5.82,0.45,0.66,176.7,30.4,11.44,193,134.1,789.14,75.62,1.57
Gulsha,98.2,5413,60.5,55.12,31.3,8.46,5.51,0.59,0.53,103.7,32.4,9.497,167,97.4,372.42,70.64,1.7
Thai Koi,47.6,6493,78.3,136.41,29.1,7.09,6.71,0.26,0.17,142.6,31.6,12.558,101,118.33,703.42,91.55,1.53
Shing,61.6,6639,7.0,107.78,30.2,8.39,7.15,0.29,0.74,82.7,30.1,0.716,141,11.98,61.91,77.85,1.42
Koi,93.5,7923,69.8,84.74,31.0,6.87,3.68,1.09,0.12,145.3,27.5,8.351,90,92.75,514.18,69.97,1.54
Catla,83.4,2163,76.9,25.94,27.9,6.76,7.01,0.34,0.72,177.6,26.0,4.607,207,141.5,242.98,79.39,1.67
Tilapia,91.8,6148,71.3,66.97,29.3,6.86,4.95,0.82,0.6,118.5,29.9,10.652,145,132.68,645.81,79.17,1.52
Tilapia,77.5,4110,22.2,53.03,29.6,7.68,5.98,0.28,0.2,101.4,30.6,1.46,163,48.69,184.86,92.37,1.28
Catla,74.4,5742,22.6,77.18,27.9,7.27,4.18,0.41,0.14,154.3,33.0,2.427,237,46.58,243.76,91.13,1.67
Catla,84.6,7568,35.4,89.46,30.6,6.84,4.26,0.7,0.2,126.5,29.4,4.501,102,52.9,332.91,83.15,1.8
Rohu,96.8,1892,21.2,19.55,24.5,7.5,6.33,0.3,0.35,116.9,27.1,0.931,180,39.46,67.25,90.07,1.58
Thai Koi,35.2,5644,50.8,160.34,29.5,7.2,6.47,0.79,0.16,160.8,26.1,8.171,187,95.4,406.74,75.54,1.61
Pangasius,59.0,3511,67.5,59.51,25.9,7.8,7.04,0.47,0.57,127.9,33.2,6.114,105,112.63,339.07,85.74,1.38
Catla,52.9,6010,68.4,113.61,29.2,7.55,4.63,0.93,0.12,72.1,28.6,8.838,110,102.93,501.32,81.04,1.84
Koi,55.4,5043,32.9,91.03,25.1,8.31,4.22,0.95,0.41,153.5,25.1,3.833,95,49.1,196.37,79.3,1.58
Rohu,36.6,1820,54.1,49.73,27.3,6.95,3.79,0.4,0.98,130.7,28.5,1.497,94,70.44,100.67,78.53,1.67
Magur,14.4,9009,61.4,625.62,27.1,8.23,4.91,0.6,0.76,108.0,32.1,10.012,178,98.88,571.19,64.12,1.8
Common Carp,99.1,7757,40.0,78.27,24.3,7.98,5.57,0.23,0.38,113.9,34.1,5.306,106,58.94,420.68,92.02,1.66
Rohu,95.6,5167,73.9,54.05,31.9,7.82,4.85,0.95,0.43,171.5,25.9,8.21,202,140.81,616.77,84.77,1.57
Thai Koi,91.1,8201,44.5,90.02,27.1,7.85,6.41,0.19,0.3,142.6,28.8,8.503,205,95.17,708.87,90.82,1.37
Tilapia,93.1,4267,75.0,45.83,25.3,7.27,6.1,0.17,0.05,100.0,25.1,7.201,223,194.82,795.98,95.75,1.26
Tilapia,61.3,7509,76.3,122.5,31.6,6.57,5.04,0.95,0.6,126.3,30.4,14.667,199,154.17,837.45,72.34,1.56
Tilapia,9.1,2606,43.3,286.37,25.1,8.21,4.79,0.54,0.21,122.6,25.9,1.726,149,76.94,148.9,74.26,1.55
Pangasius,90.7,5655,13.3,62.35,26.5,7.47,4.06,0.34,0.92,104.6,31.3,1.888,189,28.2,133.83,83.92,1.51
Mrigal,50.5,4460,45.3,88.32,26.5,6.79,3.52,1.04,0.11,100.0,25.6,4.788,180,71.09,193.59,61.06,1.84
Silver Carp,85.4,7846,6.9,91.87,27.0,7.56,5.35,0.72,0.71,175.8,29.5,1.126,215,13.14,75.99,73.7,1.98
Pangasius,80.4,9258,71.4,115.15,27.2,7.77,7.36,0.9,0.1,96.8,28.3,18.839,197,163.66,1320.18,87.13,1.55
Thai Koi,53.4,9286,7.3,173.9,28.4,6.95,4.12,0.86,0.83,95.1,30.2,1.823,152,11.63,77.54,71.78,1.74
Catla,83.2,1018,57.3,12.24,27.2,7.7,6.0,0.11,0.72,112.5,30.5,1.353,132,92.67,78.19,82.88,1.67
Pangasius,54.8,5203,23.1,94.95,29.7,7.38,4.77,1.08,0.57,155.4,26.9,2.512,188,44.44,160.17,69.28,1.7
Magur,49.0,4329,20.9,88.35,25.8,7.12,7.2,0.88,0.84,117.4,27.0,2.253,146,35.2,116.16,76.23,1.8
Pangasius,23.0,556,57.8,24.17,31.4,7.72,5.26,0.48,0.91,74.9,30.5,0.691,172,123.53,59.07,86.0,1.35
Catla,94.5,2968,72.8,31.41,29.8,7.92,5.5,0.18,0.53,77.9,28.3,5.402,170,120.49,291.16,81.42,1.85
Rohu,44.2,5481,22.4,124.0,25.7,7.89,6.48,0.61,0.17,157.3,27.1,3.364,192,40.09,183.45,83.49,1.67
Pabda,94.9,4961,38.1,52.28,27.0,8.48,4.66,0.5,0.28,131.2,25.5,4.215,106,59.92,251.24,84.52,1.61
Thai Koi,52.4,5973,22.0,113.99,25.9,7.61,5.84,0.44,0.48,71.1,28.1,3.693,208,47.28,255.16,90.35,1.54
Common Carp,49.1,7024,22.6,143.05,28.8,7.75,5.56,0.77,0.38,139.5,27.0,3.746,190,41.67,245.92,84.01,1.5
Pabda,37.0,9924,57.1,268.22,29.3,7.79,6.81,0.28,0.21,90.6,31.5,13.827,182,101.97,836.96,82.71,1.58
Magur,35.5,3182,5.6,89.63,26.7,8.47,5.46,0.25,0.19,73.3,31.3,0.515,219,11.61,32.12,86.93,1.67
Magur,86.7,300,28.1,3.46,26.5,6.73,6.63,0.66,0.58,173.8,30.5,0.149,210,54.15,11.65,71.69,1.75
Rohu,66.3,7652,9.5,115.41,27.8,8.18,5.54,1.13,0.13,145.2,25.2,1.803,198,16.67,95.68,75.01,1.82
Koi,29.1,9440,68.7,324.4,25.3,8.27,4.32,0.43,0.94,159.7,33.8,15.046,205,129.86,888.52,72.48,1.65
Koi,55.3,678,44.3,12.26,29.8,7.86,5.92,1.06,0.9,117.0,29.5,0.478,142,74.38,33.98,67.37,1.63
Mrigal,82.0,1159,71.3,14.13,26.2,7.42,4.35,0.51,0.67,91.6,31.2,2.124,177,117.25,101.92,75.0,1.72
Mrigal,51.7,4048,54.9,78.3,24.9,8.38,7.3,0.98,0.82,80.4,29.9,4.311,138,81.18,237.82,72.37,1.84
Shing,42.4,5087,44.2,119.98,26.7,8.13,5.4,1.14,0.6,93.3,31.6,3.418,177,76.47,259.18,66.63,1.65
Rohu,87.6,1564,68.8,17.85,25.3,8.17,7.11,0.49,0.39,112.7,27.9,1.818,169,127.22,182.85,91.9,1.55
Tilapia,24.4,5506,59.0,225.66,29.2,7.82,4.99,1.12,0.66,143.5,29.7,7.374,213,118.46,402.81,61.76,1.38
Magur,25.7,9220,44.9,358.75,26.4,6.92,4.52,0.35,0.8,171.0,25.2,9.108,162,80.57,563.23,75.82,1.73
Gulsha,19.7,9293,11.5,471.73,30.1,8.38,4.21,0.75,0.75,93.4,29.7,1.956,165,18.22,106.34,62.81,1.65
Pabda,12.6,5159,35.1,409.44,31.7,7.93,4.73,0.57,0.92,173.9,29.7,3.278,142,53.5,192.98,69.92,1.75
Shing,84.4,556,28.9,6.59,24.8,7.39,7.05,0.6,0.29,92.5,28.0,0.328,92,42.57,20.28,85.7,1.65
Pangasius,51.2,8027,22.5,156.78,30.0,7.99,5.56,1.09,0.5,154.3,25.1,4.985,189,41.74,234.03,69.85,1.66
Common Carp,73.0,5751,43.1,78.78,28.2,7.99,6.04,0.58,0.55,105.3,30.7,5.081,151,69.52,311.88,78.01,1.82
Common Carp,56.4,6913,36.0,122.57,25.4,7.15,4.82,0.24,0.27,87.1,28.6,5.6,123,59.42,375.97,91.53,1.67
Pabda,46.4,8730,79.5,188.15,26.3,7.92,3.64,0.86,0.46,107.0,27.7,12.076,216,142.29,852.53,68.63,1.62
Gulsha,26.4,7002,31.0,265.23,28.1,8.24,4.16,0.38,0.44,142.2,32.8,5.253,204,59.15,318.93,77.0,1.57
Catla,30.6,5377,57.9,175.72,31.1,7.84,5.62,0.4,0.28,101.5,34.5,5.044,113,83.69,377.57,83.9,1.57
Thai Koi,63.2,3831,56.1,60.62,27.9,6.75,4.26,0.36,0.1,167.7,34.3,3.396,126,97.56,321.8,86.1,1.47
Tilapia,47.9,1207,51.9,25.2,31.6,6.73,5.07,0.77,0.13,146.4,28.4,1.848,185,113.29,114.15,83.48,1.24
Common Carp,94.4,2341,12.3,24.8,31.7,7.95,4.94,0.8,0.6,124.6,26.2,0.481,190,21.96,39.47,76.78,1.63
Common Carp,24.2,7086,44.3,292.81,30.5,7.48,6.49,0.42,0.03,116.0,26.6,4.928,127,70.25,419.74,84.32,1.57
Pabda,27.7,6735,49.1,243.14,30.1,6.53,4.92,0.4,0.85,87.7,25.7,8.466,227,94.34,451.36,71.04,1.83
Shing,93.9,1096,63.2,11.67,28.6,7.26,4.41,0.36,0.09,124.3,29.9,1.496,160,123.64,122.2,90.18,1.58
Common Carp,55.5,9313,60.0,167.8,28.3,8.15,4.48,0.99,0.13,143.4,34.4,14.025,200,109.74,800.22,78.3,1.62
Koi,19.4,7214,65.1,371.86,24.6,6.58,5.98,0.14,0.98,100.8,27.0,7.514,119,102.82,541.08,72.95,1.61
Pabda,33.3,6112,12.2,183.54,25.3,8.47,5.38,0.27,0.03,110.6,26.4,2.185,115,17.92,85.94,78.47,1.68
Tilapia,40.2,9879,66.3,245.75,27.3,7.62,6.63,0.13,0.7,129.2,27.4,16.964,183,131.57,1009.64,77.68,1.6
Pabda,12.1,7740,65.5,639.67,27.7,8.15,6.93,0.7,0.68,104.6,29.8,11.204,215,114.37,599.22,67.69,1.78
Pangasius,74.8,1933,7.7,25.84,25.8,8.15,6.03,0.76,0.55,72.2,27.0,0.436,231,18.3,27.91,78.92,1.68
Thai Koi,72.7,5739,64.3,78.94,30.2,7.42,6.41,0.44,0.57,98.3,28.7,6.679,227,138.21,671.36,84.64,1.47
Mrigal,57.8,9530,32.3,164.88,28.0,7.76,4.38,1.03,0.26,92.4,27.8,6.649,92,42.51,266.18,65.71,1.7
Shing,32.7,2002,30.0,61.22,31.9,8.46,4.26,0.83,0.46,134.5,26.1,1.628,144,49.2,79.32,80.53,1.46
Catla,40.6,3257,69.1,80.22,31.5,7.37,3.78,0.72,0.09,124.3,30.4,4.884,238,136.26,332.53,74.93,1.73
Catla,13.0,7840,41.0,603.08,29.2,8.34,6.13,1.04,0.74,170.3,30.7,8.486,188,61.8,290.71,60,1.81
Catla,54.1,4257,51.5,78.69,26.5,7.95,5.62,0.52,0.2,157.4,30.6,5.591,107,72.79,253.3,81.74,1.59
Common Carp,25.4,6639,22.2,261.38,27.4,7.49,3.7,0.73,0.46,114.2,33.2,2.756,194,37.52,169.51,68.04,1.78
Tilapia,9.5,8732,31.6,919.16,30.8,6.84,6.1,0.12,0.48,87.6,26.8,6.429,93,50.8,388.95,87.68,1.34
Silver Carp,26.9,4033,43.5,149.93,26.3,7.12,7.28,0.87,0.11,112.1,31.9,3.719,94,59.34,199.92,83.53,1.82
Common Carp,42.3,8289,30.8,195.96,29.1,6.73,4.5,0.69,0.63,170.8,34.6,3.855,128,46.5,247.21,64.14,1.86
Magur,23.3,2558,27.2,109.79,27.2,6.79,6.45,0.43,0.62,137.5,28.1,1.12,168,49.03,99.15,79.06,1.42
Thai Koi,53.1,2536,41.5,47.76,24.3,8.2,4.64,0.46,0.91,95.8,34.3,1.726,234,95.86,204.21,84.0,1.46
Mrigal,89.6,9679,37.5,108.02,26.2,8.17,4.79,1.05,0.11,96.5,33.4,9.764,113,53.48,390.91,75.52,1.72
Thai Koi,55.1,7501,59.4,136.13,25.4,7.18,7.12,1.05,0.34,73.9,28.2,7.619,192,109.85,620.63,75.32,1.69
Mrigal,12.2,2615,62.8,214.34,26.6,7.96,5.58,0.65,0.37,173.9,26.6,3.317,151,103.98,210.15,77.29,1.8
Pangasius,67.1,1397,26.0,20.82,24.4,7.24,6.66,0.82,0.61,96.3,28.6,0.963,186,54.94,59.59,77.64,1.59
Pangasius,67.7,8939,43.9,132.04,26.2,6.92,3.58,0.25,0.87,142.0,26.0,10.988,209,99.19,689.18,77.73,1.72
Tilapia,70.5,3470,47.2,49.22,26.5,7.08,4.57,1.03,0.16,92.7,27.3,4.782,95,72.59,190.49,75.63,1.51
Thai Koi,81.6,7911,42.5,96.95,26.7,7.48,4.82,0.96,0.77,159.6,33.1,8.372,161,72.61,434.36,75.62,1.58
Catla,81.3,9438,69.1,116.09,27.4,8.37,4.91,0.88,0.87,106.5,25.5,13.5,181,118.28,784.08,70.24,1.93
Mrigal,22.3,9533,42.4,427.49,24.7,6.87,4.99,1.09,0.34,142.8,30.7,10.752,227,73.54,468.05,66.76,1.87
Mrigal,54.1,8529,11.9,157.65,25.8,8.44,6.03,0.61,0.26,104.8,28.5,2.629,143,18.5,114.08,72.32,1.78
Koi,59.9,3470,14.4,57.93,25.0,7.48,7.27,0.33,0.17,109.8,29.8,1.339,134,24.53,78.9,92.7,1.56
Thai Koi,17.3,5438,39.8,314.34,27.2,8.27,7.1,1.07,0.75,89.7,31.5,5.108,167,66.24,216.14,60,1.73
Gulsha,17.7,2654,8.3,149.94,27.7,7.21,7.47,0.49,0.4,134.0,26.1,0.502,157,14.56,35.08,90.75,1.72
Koi,84.0,7109,79.3,84.63,30.8,6.59,5.06,0.9,0.14,125.7,31.1,16.856,190,158.26,896.89,79.72,1.46
Common Carp,34.0,4880,23.0,143.53,24.1,7.89,5.63,0.78,0.4,154.8,28.6,2.604,221,47.54,194.79,83.96,1.53
Thai Koi,28.6,8716,76.2,304.76,24.4,7.58,7.45,0.49,0.81,87.6,30.8,18.995,138,122.36,830.6,77.88,1.55
Mrigal,97.4,1872,16.8,19.22,28.0,6.63,5.66,0.73,0.03,140.7,26.8,0.874,142,27.29,41.29,80.84,1.61
Thai Koi,13.1,1462,22.3,111.6,27.4,6.79,6.05,0.57,0.85,161.2,27.9,0.844,171,39.91,41.79,71.62,1.69
Tilapia,98.9,3220,47.9,32.56,25.2,7.31,5.11,0.27,0.99,154.3,33.9,4.473,162,103.1,282.17,85.0,1.35
Shing,24.3,4053,35.2,166.79,27.3,8.24,4.69,0.43,0.94,178.5,29.7,2.753,95,50.95,152.4,73.81,1.55
Catla,7.3,8866,28.7,1214.52,26.0,7.67,3.65,0.21,0.72,89.6,29.1,5.242,127,43.01,260.68,68.36,1.97
Thai Koi,8.4,9364,26.0,1114.76,28.4,7.32,4.58,1.03,0.11,154.8,30.1,6.695,216,48.63,317.79,69.78,1.77
Common Carp,26.3,7622,54.2,289.81,27.1,7.88,5.73,0.25,0.37,95.9,28.7,8.097,138,91.71,577.86,82.67,1.46
Mrigal,76.1,4090,54.8,53.75,29.7,7.66,3.55,0.24,0.77,174.3,28.3,3.631,193,96.67,302.77,76.58,1.73
Silver Carp,71.6,3091,15.3,43.17,24.5,6.89,4.52,0.23,0.03,73.2,25.6,1.267,129,25.49,72.14,91.56,1.58
Catla,91.1,8781,32.3,96.39,29.1,7.54,5.11,0.37,0.85,150.1,30.9,8.225,157,54.27,399.94,83.92,1.84
Common Carp,40.2,3730,23.0,92.79,30.7,6.63,7.06,0.7,0.21,155.1,26.1,1.724,228,43.7,127.1,77.97,1.69
Catla,58.2,6654,10.1,114.33,30.6,8.17,6.84,0.77,0.99,141.7,28.5,1.875,110,14.59,72.97,75.15,1.96
Thai Koi,42.5,9148,72.1,215.25,28.4,6.66,4.39,0.9,0.27,157.3,28.2,14.313,94,101.37,673.42,72.62,1.74
Catla,8.6,2649,16.0,308.02,29.6,7.63,7.28,1.0,0.33,179.1,32.7,1.021,150,24.94,50.36,76.24,1.9
Pabda,77.9,1077,38.3,13.83,27.6,7.02,5.47,0.79,0.65,139.0,30.0,0.883,107,56.51,46.14,75.81,1.84
Catla,66.8,8432,44.6,126.23,26.4,7.53,4.61,0.2,0.76,179.6,33.7,5.979,143,74.14,508.42,81.33,1.83
Common Carp,38.5,1660,68.5,43.12,26.6,8.42,4.01,0.71,0.32,144.5,34.6,2.968,198,131.07,172.28,79.18,1.69
Koi,38.6,4965,17.3,128.63,29.5,7.24,5.89,0.26,0.54,136.0,29.3,1.726,193,35.18,151.14,86.52,1.53
Mrigal,76.4,4347,26.0,56.9,29.4,7.82,7.21,0.4,0.86,90.8,29.7,2.701,205,47.6,169.37,81.85,1.66
Common Carp,50.3,6870,56.3,136.58,31.8,7.81,7.16,0.44,0.81,145.6,31.2,9.553,230,120.96,694.65,83.59,1.65
Magur,50.2,5883,27.9,117.19,31.9,6.65,6.91,0.66,0.69,162.0,26.9,4.3,151,46.02,195.12,72.07,1.74
Koi,40.2,9745,6.4,242.41,31.4,7.62,6.1,0.49,0.15,147.8,28.6,1.235,179,12.44,100.82,83.2,1.61
Common Carp,34.3,6444,40.2,187.87,32.0,7.42,6.1,1.17,0.28,149.2,33.3,7.461,165,62.09,268.66,67.15,1.63
Magur,12.7,7550,14.4,594.49,31.1,7.32,4.03,1.12,0.52,89.8,32.3,1.935,104,20.09,91.01,60,1.56
Pangasius,36.8,2499,56.4,67.91,26.9,8.28,7.47,0.64,0.92,142.3,31.3,2.227,198,113.72,204.21,71.86,1.58
Rohu,19.1,5010,28.9,262.3,31.7,8.18,5.79,0.95,0.69,168.0,27.7,2.896,103,39.9,136.5,68.29,1.66
Silver Carp,49.1,1655,7.4,33.71,27.2,7.42,3.67,0.62,0.49,135.3,34.3,0.278,239,14.61,17.82,73.73,1.81
Mrigal,64.1,577,72.7,9.0,27.7,7.89,7.49,0.9,0.76,131.7,33.4,1.225,157,112.33,48.88,75.41,1.68
Tilapia,78.1,5603,9.4,71.74,29.9,6.68,6.62,0.32,0.34,151.5,25.4,1.464,219,22.18,108.67,87.43,1.35
Silver Carp,74.0,8163,33.8,110.31,29.5,7.45,7.38,0.53,0.07,179.5,33.4,4.718,222,62.63,418.23,81.81,1.67
Silver Carp,72.1,5299,34.6,73.5,31.8,6.98,3.56,0.81,0.04,108.9,25.9,4.492,103,48.8,198.23,76.65,1.88
Common Carp,18.2,4522,68.6,248.46,24.6,7.45,6.16,0.91,0.19,106.6,26.0,7.321,207,122.73,419.39,75.57,1.81
Mrigal,52.2,3174,10.8,60.8,28.3,7.57,6.83,1.1,0.57,120.0,33.9,0.631,107,15.03,32.65,68.44,1.93
Shing,57.8,8969,33.2,155.17,24.6,7.67,5.46,0.88,0.18,129.4,33.8,8.278,138,51.61,357.1,77.14,1.82
Pabda,86.6,812,27.5,9.38,25.5,7.09,6.38,0.83,0.73,144.0,32.1,0.447,238,52.29,32.75,77.13,1.67
Rohu,95.9,1358,14.6,14.16,30.8,6.94,4.39,0.36,0.48,80.4,26.6,0.512,118,21.64,27.48,93.51,1.75
Magur,51.0,5902,60.9,115.73,27.5,6.72,6.85,0.89,0.13,144.9,30.5,10.495,91,88.58,406.91,77.83,1.59
Pabda,32.7,7138,26.8,218.29,30.4,6.61,4.29,0.21,0.82,73.7,27.2,4.4,145,41.6,208.28,70.14,1.8
Common Carp,12.6,4224,18.7,335.24,29.7,7.62,6.81,0.41,0.84,97.7,34.6,1.438,237,36.19,117.13,76.61,1.69
Mrigal,18.0,7607,37.4,422.61,24.0,7.47,4.99,0.28,0.9,87.5,34.5,6.657,120,56.7,337.6,78.27,1.94
Rohu,63.0,7526,61.4,119.46,25.6,6.85,4.25,0.1,0.78,164.6,34.5,13.447,140,100.67,648.72,85.62,1.63
Koi,47.2,9569,68.7,202.73,25.6,7.87,4.92,0.52,0.04,175.2,31.3,14.988,139,114.57,854.13,77.91,1.78
Pangasius,47.9,9898,74.8,206.64,31.0,8.31,5.08,0.18,0.6,179.4,26.9,14.363,171,141.74,1034.1,73.71,1.49
Pangasius,51.9,3549,10.0,68.38,28.7,7.44,7.13,0.65,0.54,152.7,34.4,0.873,192,21.13,58.2,77.63,1.6
Common Carp,95.2,9334,21.4,98.05,30.8,7.65,4.51,0.96,0.68,94.3,30.0,5.253,153,36.56,259.64,76.09,1.71
Common Carp,35.8,3651,13.8,101.98,29.9,7.48,7.39,0.21,0.53,99.6,26.5,0.786,211,26.46,82.02,84.9,1.67
Rohu,24.2,3902,60.9,161.24,26.8,7.9,6.19,0.92,0.29,161.6,30.5,4.087,207,104.84,311.55,76.16,1.83
Thai Koi,51.1,3237,30.1,63.35,30.2,7.51,4.87,0.24,0.47,131.2,30.8,2.017,161,58.95,172.8,90.55,1.47
Gulsha,84.4,612,60.4,7.25,29.0,7.94,4.04,1.12,0.59,152.9,33.0,0.706,118,89.29,35.42,64.82,1.7
Gulsha,5.9,2079,10.5,352.37,28.3,8.0,4.08,0.84,0.27,172.1,27.9,0.406,113,16.26,25.4,75.15,1.66
Pabda,15.6,369,52.4,23.65,30.7,8.4,7.19,0.59,0.66,143.1,30.8,0.422,92,72.37,18.93,70.88,1.78
Pangasius,40.7,1943,20.5,47.74,26.9,8.23,4.03,0.38,0.04,145.8,34.9,1.04,148,37.89,65.47,88.93,1.45
Tilapia,84.5,6356,77.7,75.22,32.0,6.83,3.85,1.04,0.88,81.1,25.3,9.877,182,142.66,568.8,62.73,1.51
Silver Carp,19.2,8002,44.1,416.77,30.9,7.15,5.91,0.51,0.42,165.2,28.6,9.14,180,76.98,467.76,75.94,1.93
Magur,33.6,7856,61.3,233.81,29.1,7.74,5.94,0.78,0.21,96.8,25.5,11.75,154,99.56,592.01,75.69,1.81
Common Carp,92.5,3130,71.5,33.84,28.2,7.02,5.46,0.97,0.92,89.0,27.8,4.521,177,130.89,317.09,77.4,1.73
Silver Carp,41.2,4371,47.1,106.09,26.6,7.18,6.61,0.15,0.24,136.2,25.6,4.632,188,83.56,331.43,90.74,1.75
Magur,36.0,3216,9.6,89.33,29.1,7.47,6.78,0.15,0.4,111.9,29.0,0.895,142,16.54,49.08,92.25,1.64
Gulsha,37.5,3774,59.4,100.64,27.3,6.97,5.3,0.88,0.77,175.5,27.7,4.439,99,84.94,246.9,77.02,1.61
Silver Carp,9.1,3079,16.1,338.35,27.5,6.54,5.76,0.57,0.05,82.6,32.7,1.175,190,28.18,62.41,71.93,1.96
Gulsha,21.1,4923,78.7,233.32,29.0,7.56,4.89,0.49,0.47,77.6,30.9,5.85,200,152.77,633.84,84.28,1.65
Tilapia,42.0,3987,19.3,94.93,26.0,7.08,6.91,0.53,0.78,139.4,33.4,1.47,115,32.38,102.48,79.39,1.61
Magur,86.4,8721,47.2,100.94,31.7,7.52,5.16,0.85,0.05,120.6,26.5,12.225,165,81.97,594.39,83.15,1.42
Catla,81.4,3785,79.6,46.5,31.2,7.51,3.69,0.79,0.25,142.9,27.6,6.146,90,103.32,301.29,77.04,1.8
Pabda,8.2,2782,74.8,339.27,26.4,7.39,5.62,0.64,0.09,84.1,26.4,5.577,103,108.87,232.86,76.88,1.87
Mrigal,82.7,4304,36.9,52.04,26.4,8.19,5.72,1.16,0.77,136.4,29.0,2.636,153,53.92,157.92,68.05,1.72
Pabda,99.7,6266,56.9,62.85,31.3,6.6,3.78,1.18,0.25,99.1,28.9,7.666,100,74.62,286.14,61.2,1.82
Rohu,36.0,5892,46.5,163.67,31.5,7.08,3.83,1.03,0.43,146.6,32.1,7.808,131,63.95,226.09,60,1.84
Shing,38.9,683,66.5,17.56,27.2,7.6,5.63,0.27,0.43,90.1,28.7,1.04,158,129.58,81.51,92.1,1.53
Shing,28.6,2904,65.1,101.54,30.7,8.02,4.35,1.19,0.26,93.8,25.2,5.293,123,103.28,226.63,75.56,1.57
Rohu,16.9,524,56.1,31.01,27.4,6.95,3.72,1.18,0.28,87.2,26.3,0.773,213,99.24,34.47,66.28,1.89
Tilapia,37.9,717,26.8,18.92,27.4,6.69,5.16,0.78,0.9,173.4,34.1,0.48,95,40.39,21.1,72.86,1.49
Magur,11.0,4557,54.9,414.27,30.3,8.43,4.31,0.12,0.58,73.3,32.2,6.405,156,90.08,296.31,72.18,1.7
Catla,93.5,5988,31.7,64.04,25.3,7.17,4.27,1.09,0.4,123.1,30.6,3.322,115,43.18,193.8,74.96,1.82
Koi,71.7,8166,73.9,113.89,27.2,7.43,3.95,0.61,0.91,155.4,25.9,15.871,179,126.71,742.73,71.78,1.57
Pangasius,19.8,7163,47.0,361.77,25.2,7.76,3.56,0.7,0.71,86.9,28.9,6.228,187,88.15,395.88,62.7,1.63
Pangasius,31.8,4741,53.5,149.09,32.0,8.33,5.79,0.75,0.55,155.9,32.1,6.671,149,95.39,326.78,72.26,1.72
Shing,98.2,3447,75.4,35.1,24.3,8.13,3.69,0.36,0.34,81.5,32.7,6.42,137,121.8,344.45,82.04,1.7
Catla,65.8,3285,31.1,49.92,25.6,8.27,7.48,0.59,0.93,134.2,28.2,2.799,192,55.09,127.59,70.5,1.86
Tilapia,10.7,8627,21.9,806.26,28.8,7.13,7.02,0.21,0.75,154.0,27.8,3.439,163,43.23,301.46,80.84,1.49
Gulsha,59.8,9609,59.0,160.69,24.9,8.36,6.35,1.16,0.41,80.3,25.6,14.797,223,106.17,641.88,62.92,1.79
Shing,34.3,333,31.7,9.71,24.4,8.16,6.52,0.75,0.16,117.3,28.1,0.305,236,70.22,19.77,84.56,1.55
Shing,28.5,8798,80.0,308.7,29.8,7.18,5.18,0.44,0.37,140.0,26.0,19.708,164,140.15,1038.82,84.25,1.59
Catla,39.2,9645,31.2,246.05,29.3,7.12,6.0,1.03,0.77,81.4,25.2,9.028,234,54.35,314.53,60,1.74
Pabda,64.4,6180,69.8,95.96,30.9,7.71,6.15,0.41,0.33,167.3,28.6,6.772,228,155.2,876.54,91.39,1.72
Gulsha,73.5,7516,26.5,102.26,29.0,6.62,7.01,0.65,0.98,124.4,25.7,4.442,123,38.98,206.32,70.42,1.71
Koi,88.3,3798,59.0,43.01,24.5,8.33,4.32,0.2,0.72,80.3,28.7,6.655,92,87.85,269.81,80.87,1.51
Thai Koi,10.4,9394,67.3,903.27,29.2,7.47,3.55,0.13,0.55,123.3,29.5,14.857,138,104.14,697.1,71.26,1.52
Magur,38.5,482,77.9,12.52,26.2,6.61,6.8,1.0,0.09,153.9,32.6,0.762,226,161.51,60.43,77.63,1.42
Tilapia,61.0,395,77.2,6.48,28.2,6.94,6.37,0.7,0.77,77.9,31.6,0.665,238,192.31,59.36,78.14,1.38
Koi,78.1,3154,38.3,40.38,27.0,8.44,6.38,0.47,0.33,126.5,27.6,3.105,213,80.5,218.92,86.22,1.58
Gulsha,33.5,4705,12.9,140.45,28.9,7.45,6.35,0.76,0.22,99.6,28.2,1.766,185,22.88,89.42,83.08,1.7
Silver Carp,17.2,4113,63.8,239.13,26.9,7.88,4.35,0.42,0.81,176.7,30.8,7.662,232,124.53,394.24,76.97,1.87
Mrigal,82.5,7037,76.5,85.3,29.2,7.45,7.03,0.55,0.77,142.1,32.2,12.543,234,139.75,752.7,76.54,1.73
Shing,40.9,6828,8.1,166.94,27.5,7.44,5.58,0.52,0.15,157.7,27.8,1.421,220,16.63,84.77,74.66,1.66
Shing,98.3,414,69.5,4.21,25.4,7.53,4.88,0.3,0.27,127.0,26.7,0.55,201,138.64,51.13,89.09,1.62
Pabda,78.0,2731,55.3,35.01,31.8,7.54,6.67,1.0,0.89,97.7,26.7,2.326,132,85.27,174.66,75.0,1.72
Pabda,8.7,808,77.0,92.87,28.4,7.54,6.71,0.12,0.71,73.2,34.1,1.219,207,150.32,98.96,81.48,1.5
Pabda,33.3,6183,69.7,185.68,29.8,6.94,6.44,0.1,0.5,112.1,32.3,12.067,125,105.06,539.92,83.12,1.52
Silver Carp,29.0,3653,26.0,125.97,29.1,7.57,6.53,0.35,0.27,108.8,32.2,2.688,94,37.5,125.81,91.84,1.77
Rohu,99.9,2020,76.0,20.22,26.9,7.02,5.31,0.76,0.95,98.7,25.1,4.529,130,114.84,174.97,75.43,1.88
Pabda,28.3,8709,66.3,307.74,25.2,6.83,5.96,0.47,0.1,82.9,30.5,13.973,123,108.9,784.99,82.77,1.65
Common Carp,24.0,8664,35.4,361.0,27.1,8.1,5.23,0.42,0.08,123.3,27.8,8.588,118,55.0,399.07,83.75,1.49
Thai Koi,11.7,7997,10.2,683.5,30.0,6.78,5.5,0.41,0.8,119.6,30.1,2.382,91,14.62,85.79,73.37,1.53
Common Carp,31.3,8657,76.8,276.58,27.7,6.59,5.68,0.93,0.08,111.6,28.1,13.164,186,129.49,813.87,72.6,1.66
Magur,55.1,1364,79.6,24.75,31.4,6.74,4.1,0.8,0.26,78.9,27.3,3.236,122,122.48,129.61,77.58,1.55
Rohu,6.0,4465,25.8,744.17,30.6,7.43,4.79,0.49,0.2,179.2,29.0,2.569,112,39.16,146.92,84.02,1.59
Pabda,33.5,5878,60.9,175.46,27.7,7.57,6.89,0.15,0.14,94.0,27.9,6.73,124,95.64,471.99,83.96,1.56
Shing,48.5,631,65.1,13.01,28.0,8.45,5.38,0.2,0.28,105.7,28.6,0.78,122,103.21,55.17,84.71,1.56
Tilapia,41.0,9636,39.2,235.02,29.8,7.35,6.93,0.35,0.24,134.0,34.2,5.779,215,93.75,798.1,88.35,1.26
Pangasius,61.2,3258,19.8,53.24,26.0,6.88,6.39,0.78,0.27,160.6,33.3,1.658,199,43.92,123.28,86.15,1.56
Thai Koi,97.5,498,16.1,5.11,30.3,8.14,4.03,0.27,0.9,98.9,27.9,0.171,127,26.67,11.45,86.23,1.45
Tilapia,51.6,1287,33.5,24.94,27.6,8.0,7.15,0.19,0.98,127.3,26.4,0.923,111,57.91,63.71,85.49,1.44
Common Carp,76.5,5357,38.5,70.03,30.1,6.82,3.85,1.12,0.05,172.3,27.9,4.723,127,54.95,195.87,66.54,1.79
Koi,62.2,8020,21.1,128.94,28.1,7.7,4.8,0.46,0.83,115.2,30.6,3.215,97,33.05,226.36,85.41,1.4
Pangasius,51.6,9190,18.4,178.1,29.6,6.91,5.34,1.04,0.02,162.1,29.5,4.058,196,37.64,240.65,69.57,1.71
Pabda,21.4,5384,73.1,251.59,24.3,7.63,6.69,0.15,0.54,83.8,32.1,7.006,130,118.55,489.17,76.64,1.67
Thai Koi,48.7,6675,32.3,137.06,26.0,8.27,3.91,1.17,0.66,128.4,34.1,4.463,160,51.2,205.04,60,1.79
Pangasius,36.0,5791,40.7,160.86,28.0,7.92,6.88,0.66,0.11,142.4,28.4,5.987,232,94.33,416.4,76.23,1.52
Catla,22.8,7335,39.6,321.71,25.9,8.07,5.29,1.18,0.75,123.7,30.1,6.187,135,53.15,234.93,60.26,1.81
Mrigal,25.5,2246,31.0,88.08,28.4,7.75,3.83,0.13,0.5,161.1,25.8,1.581,154,50.52,93.78,82.65,1.51
Catla,21.3,1329,16.9,62.39,29.3,7.79,6.82,0.37,0.32,91.1,30.1,0.642,233,33.41,39.95,89.98,1.59
Magur,37.3,4307,22.2,115.47,28.9,7.67,5.69,0.47,0.39,143.3,29.8,1.778,164,43.39,169.94,90.94,1.56
Koi,21.5,6239,52.6,290.19,27.2,7.12,7.38,0.37,0.81,103.9,33.6,5.612,130,89.03,422.17,76.0,1.79
Pabda,48.4,7519,47.6,155.35,29.9,8.02,7.13,0.26,0.79,106.5,32.2,7.695,218,95.38,536.13,74.76,1.69
Tilapia,77.2,8542,21.9,110.65,29.6,7.16,6.29,0.59,0.22,95.6,31.4,3.461,168,46.56,345.96,86.98,1.25
Pabda,37.5,4333,14.2,115.55,29.0,7.61,6.78,0.8,0.47,71.0,25.5,1.84,170,24.57,89.12,83.71,1.55
Tilapia,36.4,5958,22.7,163.68,28.6,6.52,4.25,0.65,0.67,137.4,30.3,2.651,204,45.3,178.45,66.12,1.5
Rohu,28.7,4995,19.1,174.04,30.9,7.56,4.05,0.89,0.85,162.0,27.4,1.841,95,25.24,89.43,70.93,1.72
Thai Koi,88.2,5666,11.7,64.24,28.8,6.57,4.49,0.52,0.3,131.1,28.6,1.584,235,26.32,122.32,82.02,1.44
Shing,39.6,1479,66.1,37.35,28.1,7.72,7.43,1.19,0.24,162.1,28.1,2.297,195,127.54,142.12,75.34,1.58
Silver Carp,78.2,2988,65.5,38.21,31.8,7.49,4.15,0.79,0.83,144.8,32.2,3.151,91,84.56,187.07,74.04,1.73
Mrigal,49.5,509,20.8,10.28,31.1,8.03,6.51,1.13,0.92,78.8,32.4,0.294,165,33.67,11.75,68.56,1.87
Pabda,33.5,726,33.2,21.67,26.3,7.62,5.93,0.32,0.23,121.2,35.0,0.487,90,48.81,31.75,89.59,1.56
Shing,75.8,3436,27.1,45.33,26.0,8.14,7.34,0.41,0.05,175.0,25.7,2.756,217,57.13,182.0,92.72,1.51
Koi,65.6,6455,51.2,98.4,29.8,8.11,5.19,1.05,0.62,135.4,29.3,4.99,180,95.17,407.72,66.37,1.68
Pabda,84.0,3277,25.8,39.01,27.7,6.82,5.3,1.05,0.63,166.9,27.3,1.277,224,48.36,103.98,65.61,1.7
Koi,27.9,2128,10.4,76.27,30.2,6.8,4.87,0.17,0.42,177.6,28.7,0.5,231,24.73,48.46,92.08,1.56
Thai Koi,67.7,4615,20.4,68.17,29.3,7.04,7.01,0.38,0.89,154.9,34.4,2.391,230,44.17,175.52,86.11,1.4
Tilapia,47.2,7879,70.2,166.93,31.8,7.48,3.79,0.45,0.7,98.3,35.0,13.828,150,124.48,715.35,72.94,1.51
Common Carp,43.2,4050,15.1,93.75,28.1,6.53,5.82,0.61,0.25,165.1,34.1,1.737,104,20.97,68.22,80.34,1.62
Tilapia,52.6,8130,9.5,154.56,29.5,6.75,5.45,0.82,0.44,105.2,26.0,2.309,144,16.61,102.17,75.68,1.59
Silver Carp,28.4,9444,56.0,332.54,31.3,6.55,4.36,0.33,0.15,161.4,34.6,11.265,170,96.03,724.24,79.86,1.82
Common Carp,23.1,7369,74.9,319.0,31.8,6.9,7.0,1.01,0.88,85.5,26.8,16.503,206,131.35,580.76,60,1.8
Catla,14.7,3605,32.0,245.24,25.0,7.19,3.9,0.65,0.62,177.2,26.7,1.73,98,40.65,91.79,62.64,1.87
Gulsha,96.0,7000,16.9,72.92,30.8,7.79,3.93,0.1,0.2,138.3,27.2,3.159,90,24.97,143.36,82.01,1.54
Thai Koi,48.7,2387,47.3,49.01,28.0,7.96,4.38,0.29,0.98,147.1,29.1,1.829,113,75.6,156.21,86.56,1.42
Pabda,57.1,1382,7.8,24.2,26.3,6.52,4.49,0.79,0.19,85.5,28.6,0.25,127,12.46,13.8,80.15,1.52
Pangasius,11.1,9443,31.9,850.72,31.1,6.68,6.99,0.13,0.39,135.4,31.1,4.639,233,74.03,558.87,79.94,1.49
Rohu,92.0,3866,55.8,42.02,28.4,6.71,4.75,1.14,0.6,179.8,32.2,4.789,198,89.74,216.46,62.39,1.86
Rohu,16.8,5580,48.5,332.14,28.6,6.68,7.06,0.97,0.96,137.2,30.6,5.304,195,76.34,278.0,65.26,1.77
Thai Koi,81.6,981,18.7,12.02,26.7,8.32,4.47,0.51,0.3,96.0,27.9,0.523,171,34.72,27.36,80.34,1.45
Catla,53.8,7239,11.2,134.55,30.6,7.82,7.17,0.36,0.95,77.0,32.6,1.313,175,18.8,112.95,82.98,1.62
Silver Carp,43.3,4465,55.8,103.12,27.9,6.64,5.79,0.83,0.26,170.7,30.3,4.609,164,96.07,339.45,79.13,1.67
Mrigal,18.6,6301,16.4,338.76,26.6,7.85,3.56,0.92,0.34,109.9,27.2,1.829,177,25.88,111.75,68.54,1.81
Shing,18.2,4993,41.6,274.34,26.8,7.54,3.71,0.6,0.52,111.7,26.5,4.881,221,73.73,233.06,63.31,1.67
Magur,26.0,470,60.4,18.08,30.1,7.47,4.22,0.82,0.31,163.7,34.0,0.434,201,119.57,47.43,84.4,1.48
Pabda,75.2,6013,77.2,79.96,28.5,8.49,4.62,0.11,0.08,179.7,32.3,10.909,152,135.6,708.29,86.87,1.67
Mrigal,12.9,8223,69.6,637.44,26.3,8.41,7.34,0.96,0.41,95.7,32.3,9.958,129,101.8,606.33,72.43,1.69
Common Carp,69.6,8042,17.5,115.55,24.8,8.02,6.7,0.58,0.29,176.4,29.7,2.604,176,31.7,210.37,82.52,1.73
Thai Koi,12.1,7785,52.8,643.39,26.1,7.73,3.9,1.1,0.74,76.8,30.8,11.304,223,97.3,454.49,60,1.62
Koi,9.9,4173,58.4,421.52,26.2,7.42,5.75,1.01,0.44,84.3,26.6,4.874,233,119.71,342.7,68.6,1.64
Pangasius,62.1,3895,51.9,62.72,30.7,7.31,4.09,0.45,0.04,163.3,25.7,4.447,197,121.02,447.48,94.93,1.43
Rohu,83.9,2016,70.2,24.03,25.6,8.3,5.95,0.62,0.25,79.8,26.9,3.453,98,102.03,166.87,81.13,1.54
Common Carp,62.6,2386,48.9,38.12,28.6,6.89,6.94,1.01,0.61,152.7,31.9,3.034,127,73.03,114.85,65.91,1.85
Silver Carp,33.5,799,73.6,23.85,28.5,7.52,4.18,0.63,0.54,94.1,27.3,1.652,131,115.48,70.74,76.67,1.91
Pangasius,64.6,3383,61.8,52.37,25.1,6.77,7.48,0.33,0.76,149.4,32.1,4.788,232,147.28,394.01,79.08,1.32
Pangasius,82.7,8243,26.7,99.67,25.6,6.91,4.19,0.89,0.91,106.4,27.2,6.074,192,57.68,376.23,79.13,1.7
Shing,75.2,6540,67.2,86.97,26.0,7.74,6.16,0.33,0.16,134.5,33.4,6.724,192,133.66,805.52,92.15,1.67
Magur,23.6,928,67.8,39.32,29.5,8.34,5.45,0.89,0.02,85.1,31.8,1.705,106,102.99,74.25,77.69,1.6
Pabda,99.3,1398,75.6,14.08,27.7,7.61,3.62,0.4,0.17,148.1,32.2,2.79,150,126.49,146.77,83.0,1.62
Pangasius,14.2,9054,7.9,637.61,24.0,7.2,5.18,0.2,0.68,152.6,27.1,1.967,161,14.89,104.31,77.39,1.51
Pabda,83.3,2331,34.6,27.98,29.3,7.78,6.62,0.7,0.53,83.1,30.7,1.565,144,52.97,95.19,77.09,1.83
Common Carp,5.2,475,67.5,91.35,31.9,7.33,7.09,0.63,0.86,156.5,26.4,0.827,207,130.35,46.34,74.84,1.8
Pabda,94.0,7082,29.7,75.34,31.9,7.34,6.41,0.81,0.78,179.6,28.3,5.006,170,51.92,281.09,76.44,1.83
Pangasius,26.8,7199,36.0,268.62,26.5,7.44,4.38,0.05,0.24,128.8,33.8,6.22,214,80.42,496.85,85.82,1.42
Pabda,36.9,9230,72.7,250.14,28.6,7.41,6.89,0.15,0.87,122.9,31.3,16.373,94,100.29,699.23,75.54,1.65
Silver Carp,68.1,7275,35.5,106.83,24.6,7.11,3.53,0.87,0.67,134.9,28.2,6.018,118,49.54,247.74,68.74,1.82
Pangasius,64.1,3127,35.6,48.78,27.4,8.3,6.97,1.09,0.52,140.3,28.8,1.87,164,64.27,131.31,65.34,1.49
Magur,88.2,5579,67.6,63.25,27.4,7.49,5.96,0.4,0.16,152.7,26.5,7.995,187,137.43,698.66,91.12,1.55
Magur,80.9,2587,77.7,31.98,27.9,8.39,5.31,0.74,0.04,138.9,31.6,3.256,136,131.96,275.05,80.57,1.56
Silver Carp,68.7,2617,16.9,38.09,25.5,7.86,4.04,0.5,0.68,160.2,31.6,0.867,233,33.94,75.24,84.71,1.67
Koi,50.2,5407,24.7,107.71,27.0,6.83,5.02,0.33,0.15,113.2,30.8,3.686,213,53.73,265.64,91.44,1.59
Mrigal,56.9,2850,25.9,50.09,26.7,7.58,3.74,0.48,0.04,160.8,30.6,1.159,224,48.65,116.9,84.31,1.66
Magur,55.2,7685,7.0,139.22,24.8,6.64,7.41,1.02,0.68,122.2,29.0,1.076,116,10.2,48.37,61.74,1.8
Catla,69.4,2850,54.9,41.07,27.7,6.75,7.08,0.89,0.72,138.8,33.9,3.849,101,73.7,151.28,72.02,1.85
Pabda,13.1,7688,26.1,586.87,30.2,6.71,6.44,1.12,0.31,130.9,31.5,4.374,142,40.21,192.18,62.17,1.74
Koi,78.3,9035,43.5,115.39,24.5,7.59,3.56,0.27,0.24,113.0,34.0,6.485,139,73.14,566.98,85.8,1.45
Pabda,10.1,3030,26.3,300.0,25.4,8.28,6.64,0.19,0.43,143.3,31.6,1.721,229,50.14,120.51,79.33,1.5
Rohu,63.9,2271,19.5,35.54,29.8,7.99,4.3,0.87,0.68,113.2,26.9,1.324,226,35.96,63.59,77.87,1.88
Shing,27.8,6722,37.3,241.8,26.1,7.89,7.42,0.1,0.94,136.7,34.1,6.695,234,78.78,408.16,77.07,1.66
Koi,50.6,7002,60.1,138.38,30.5,7.41,5.0,0.08,0.07,70.7,33.5,8.753,100,95.44,605.81,90.65,1.61
Rohu,71.8,2541,38.0,35.39,28.9,8.39,4.42,0.07,0.88,125.7,33.1,1.902,220,69.2,137.37,78.13,1.65
Catla,72.6,1986,43.3,27.36,24.1,8.34,4.63,0.45,0.63,120.6,31.2,1.806,125,67.41,105.62,78.89,1.64
Mrigal,33.9,8176,72.2,241.18,26.3,6.61,5.0,0.74,0.15,128.9,30.6,15.997,149,108.26,639.61,72.26,1.7
Koi,34.3,7139,67.3,208.13,27.2,6.63,6.88,0.32,0.64,145.5,26.3,12.396,95,96.28,486.29,70.75,1.55
Mrigal,85.0,1503,54.4,17.68,25.6,8.19,6.28,1.12,0.4,79.1,26.0,1.684,189,94.07,105.3,74.48,1.71
Pangasius,87.5,7650,57.0,87.43,30.7,7.5,3.81,0.92,0.27,71.3,26.7,7.674,169,106.51,621.84,76.32,1.67
Magur,59.7,4232,77.8,70.89,29.8,6.76,5.19,0.23,0.59,141.9,25.9,5.301,134,126.29,430.68,80.58,1.47
Pangasius,20.7,9333,45.1,450.87,26.6,8.19,5.19,0.8,0.79,76.3,29.2,7.114,96,64.22,433.89,72.39,1.65
Catla,82.6,319,56.8,3.86,25.5,6.78,5.32,1.04,0.32,157.1,28.2,0.449,198,95.33,21.12,69.44,1.89
Thai Koi,10.5,7800,16.6,742.86,27.5,7.15,5.88,0.96,0.83,84.3,25.5,2.641,211,31.26,169.59,69.55,1.65
Thai Koi,42.2,1203,54.3,28.51,25.1,7.19,4.74,0.07,0.5,88.2,30.4,1.515,108,87.45,97.85,93.01,1.41
Mrigal,67.4,1028,54.7,15.25,29.5,8.48,4.07,0.72,0.49,104.6,25.5,1.338,190,92.2,76.34,80.54,1.56
Common Carp,11.6,7572,16.7,652.76,29.5,8.15,6.52,0.16,0.75,112.8,27.0,3.654,139,27.19,161.1,78.25,1.6
Pabda,58.4,9371,79.1,160.46,26.4,6.74,6.42,0.62,0.54,148.5,30.7,15.64,196,137.22,819.13,63.7,1.89
Magur,73.8,6961,59.0,94.32,25.1,8.17,3.96,1.16,0.13,118.0,31.5,8.83,158,99.55,471.96,68.11,1.65
Tilapia,80.0,1865,51.7,23.31,28.3,7.81,4.65,1.01,0.66,120.2,27.5,2.873,216,108.47,143.94,71.15,1.53
Rohu,48.4,8525,8.9,176.14,29.7,7.15,6.8,0.63,0.39,151.4,29.4,2.155,112,12.3,79.27,75.57,1.91
Silver Carp,37.6,1345,48.9,35.77,26.2,8.34,6.64,1.11,0.31,167.2,33.8,1.427,131,67.93,62.65,68.57,1.78
Koi,20.8,1475,25.2,70.91,31.9,7.31,6.44,0.09,0.99,166.0,27.6,0.673,222,56.66,70.21,84.01,1.4
Koi,66.0,6047,55.8,91.62,25.6,6.74,6.26,0.47,0.16,77.9,31.9,6.613,161,109.18,583.2,88.34,1.48
Thai Koi,90.8,4686,20.8,51.61,30.7,8.01,3.94,1.08,0.72,112.0,31.4,1.598,125,31.18,90.47,61.92,1.69
Magur,17.7,1072,63.3,60.56,31.1,7.0,6.02,1.07,0.06,148.7,30.1,1.785,148,103.02,82.09,74.33,1.77
Koi,6.7,5540,57.7,826.87,29.5,7.59,4.89,0.57,0.89,168.4,29.5,4.955,104,87.76,333.48,68.59,1.66
Catla,20.2,9568,21.8,473.66,26.7,6.62,3.75,0.99,0.81,127.7,25.0,3.212,235,34.84,199.99,60,1.72
Mrigal,11.2,3122,52.3,278.75,30.4,7.44,5.87,1.17,0.39,149.3,27.7,2.808,123,75.82,160.54,67.82,1.69
Koi,66.5,9112,40.6,137.02,29.3,6.75,4.62,1.06,0.45,135.4,30.8,8.213,229,83.18,550.97,72.69,1.64
Rohu,72.5,6076,61.1,83.81,24.8,8.32,5.39,0.21,0.76,106.0,26.6,6.942,191,105.16,500.1,78.27,1.58
Silver Carp,38.0,7677,67.9,202.03,28.2,6.56,3.66,0.71,0.24,168.3,31.8,12.719,104,93.33,447.54,62.46,1.72
Shing,37.1,1974,5.6,53.21,26.5,7.58,3.77,0.69,0.63,134.2,33.6,0.256,164,9.72,13.25,69.08,1.82
Rohu,55.1,2201,11.6,39.95,31.7,8.38,4.33,0.77,0.12,112.6,30.7,0.6,190,20.31,35.68,79.83,1.57
Silver Carp,41.6,7640,68.9,183.65,29.1,6.52,5.35,0.87,0.95,175.0,27.0,15.423,101,93.38,467.27,65.5,1.78
Common Carp,51.6,5497,56.0,106.53,26.7,8.17,4.91,0.09,0.78,134.0,33.3,8.096,110,85.69,401.02,85.14,1.51
Catla,73.1,9011,74.6,123.27,26.9,7.04,4.09,0.85,0.54,92.6,33.0,17.142,209,138.4,929.58,74.54,1.89
Common Carp,15.2,1503,67.5,98.88,25.4,6.72,6.67,1.0,0.13,104.3,31.4,1.562,140,105.46,123.2,77.73,1.72
Tilapia,40.0,6121,27.6,153.03,24.9,6.7,5.16,0.96,0.99,137.1,25.1,3.413,167,49.61,197.69,65.1,1.45
Catla,61.2,8258,66.6,134.93,29.4,7.17,3.87,0.85,0.85,137.3,34.5,8.415,233,124.76,697.57,67.71,1.91
Catla,12.4,2657,42.4,214.27,30.3,7.87,7.14,0.6,0.04,176.6,30.0,1.746,145,62.9,127.9,76.53,1.83
Pabda,27.7,6667,58.0,240.69,29.3,7.24,6.0,0.59,0.78,162.6,33.3,7.695,145,90.14,400.29,66.61,1.75
Thai Koi,5.0,2536,13.6,507.2,30.5,7.04,5.51,1.06,0.87,112.3,27.1,0.742,112,18.9,28.76,60,1.69
Mrigal,87.4,8727,47.4,99.85,28.9,6.58,6.68,1.13,0.8,119.8,28.8,12.244,136,65.14,359.29,63.2,1.89
Koi,99.7,922,51.9,9.25,27.9,6.54,5.54,0.77,0.44,156.3,32.4,1.177,109,80.13,58.38,79.03,1.38
Shing,29.5,3819,21.1,129.46,32.0,7.67,5.03,0.77,0.61,178.5,30.2,2.127,95,31.13,91.05,76.59,1.8
Silver Carp,29.9,1243,63.9,41.57,25.1,7.51,6.35,1.16,0.7,105.6,33.0,1.311,132,96.12,77.56,64.92,1.74
Gulsha,21.3,8600,69.3,403.76,25.1,8.28,6.25,0.91,0.63,72.4,28.4,9.476,148,109.3,602.36,64.08,1.78
Common Carp,53.0,5474,5.1,103.28,27.4,7.27,6.07,0.71,0.73,87.9,26.5,0.69,143,8.17,33.38,74.62,1.6
Common Carp,45.4,6722,44.2,148.06,24.4,8.14,7.47,1.12,0.57,147.9,30.2,4.516,104,58.58,263.5,66.92,1.88
Pangasius,38.5,8088,61.2,210.08,31.9,7.69,4.62,0.84,0.63,108.9,28.9,9.949,99,89.51,524.5,72.45,1.55
Rohu,43.7,9080,61.2,207.78,29.4,7.38,5.01,0.3,0.58,130.6,31.6,14.559,169,101.52,699.4,75.87,1.86
Gulsha,19.6,6276,73.4,320.2,25.8,8.25,4.64,0.82,0.93,101.2,25.2,9.213,209,133.36,550.88,65.82,1.87
Pabda,27.7,813,22.5,29.35,31.8,6.53,3.6,0.1,0.76,74.4,25.3,0.276,105,33.26,19.01,70.31,1.87
Koi,85.1,6225,73.9,73.15,31.1,7.61,5.97,0.22,0.35,75.0,32.3,8.142,105,117.5,686.79,93.9,1.36
Magur,77.1,9237,20.1,119.81,24.3,7.83,5.58,0.8,0.54,160.4,34.2,4.215,141,33.82,241.48,77.3,1.67
Rohu,60.8,2186,30.5,35.95,24.9,6.73,6.71,0.25,0.25,138.3,30.2,1.667,168,51.49,100.42,89.22,1.65
Thai Koi,26.4,1468,37.0,55.61,26.2,8.14,4.09,1.01,0.14,75.6,27.7,1.075,167,69.48,78.04,76.51,1.74
Magur,51.2,4412,60.9,86.17,29.6,8.21,4.9,0.41,0.78,136.8,29.2,5.508,225,128.11,456.35,80.74,1.63
Tilapia,55.8,3311,49.1,59.34,25.1,8.45,4.84,0.32,0.49,160.6,29.8,3.219,221,118.33,345.41,88.16,1.39
Rohu,78.3,1507,75.6,19.25,24.8,7.87,4.77,1.1,0.39,166.0,31.1,2.005,127,108.0,120.88,74.27,1.87
Gulsha,61.5,2269,20.0,36.89,31.1,8.37,5.03,0.33,0.94,156.9,31.7,0.948,118,28.96,51.91,78.98,1.62
Silver Carp,17.6,4705,6.2,267.33,27.7,6.65,4.84,0.2,0.02,152.3,25.1,0.808,136,10.01,37.03,78.62,1.72
Koi,89.3,6135,40.0,68.7,27.4,7.67,4.71,1.17,0.87,173.6,34.3,6.626,198,70.85,301.61,69.39,1.53
Pabda,76.1,2786,25.1,36.61,32.0,8.21,6.52,0.61,0.96,129.5,27.2,2.07,115,37.96,76.44,72.28,1.77
Pangasius,17.0,6531,32.2,384.18,26.6,6.89,6.01,0.14,0.07,119.1,28.3,5.026,200,70.55,394.24,85.56,1.44
Tilapia,43.7,5724,52.8,130.98,29.0,7.98,7.08,0.92,0.17,91.8,31.4,6.165,129,94.66,469.6,86.67,1.31
Mrigal,25.1,7843,58.7,312.47,26.3,7.06,3.9,0.38,0.05,103.8,31.1,12.154,227,106.48,647.14,77.49,1.76
Rohu,95.7,7227,7.9,75.52,26.7,8.39,7.16,0.82,0.33,158.0,34.2,1.65,132,11.54,67.99,81.52,1.55
Gulsha,8.1,5258,12.2,649.14,24.3,6.64,4.55,0.4,0.12,72.5,28.9,1.014,181,22.0,92.58,80.03,1.62
Thai Koi,18.5,8455,18.5,457.03,29.3,8.1,7.32,0.67,0.08,97.9,25.5,3.864,111,29.88,192.31,76.13,1.63
Koi,62.0,4499,63.6,72.56,31.1,7.61,6.57,0.68,0.38,119.0,34.0,7.039,194,131.63,507.71,85.73,1.48
Koi,12.5,4451,30.7,356.08,30.7,7.0,5.42,1.15,0.79,100.1,27.6,2.159,182,53.46,142.78,60,1.78
Common Carp,77.3,9190,54.9,118.89,31.3,6.5,7.3,0.6,0.85,119.5,31.8,11.251,146,84.14,561.74,72.65,1.63
Silver Carp,95.4,2376,72.6,24.91,31.6,7.63,5.03,0.18,0.12,160.4,33.2,2.587,146,127.12,277.81,91.98,1.8
Pangasius,90.3,4293,73.1,47.54,27.1,6.69,6.53,1.11,0.17,164.3,26.7,9.226,214,155.55,487.68,73.03,1.7
Silver Carp,51.1,7989,50.5,156.34,29.8,7.86,5.65,1.16,0.65,136.5,33.3,7.504,100,67.88,325.38,60,1.96
Tilapia,89.4,7885,44.3,88.2,27.1,6.84,6.69,0.31,0.33,152.0,25.6,9.501,121,84.0,628.87,94.95,1.46
Rohu,79.4,8323,46.0,104.82,31.6,6.8,4.22,1.11,0.15,144.9,27.5,7.351,183,79.27,508.07,77.01,1.8
Gulsha,88.4,9293,9.8,105.12,26.6,7.37,7.23,0.77,0.22,132.2,29.6,2.058,238,20.0,155.01,83.42,1.45
Pangasius,83.0,5670,56.1,68.31,24.2,7.99,6.36,1.16,0.91,150.6,34.7,8.27,162,104.06,410.55,69.58,1.54
Koi,51.8,1251,65.4,24.15,31.4,8.16,3.79,0.29,0.04,113.9,29.1,1.407,216,146.58,157.29,85.78,1.47
Rohu,54.5,7619,10.8,139.8,24.8,8.06,5.08,0.13,0.84,96.6,29.0,1.432,197,19.36,127.45,86.42,1.8
Mrigal,20.2,8239,64.3,407.87,25.6,8.12,4.21,0.51,0.48,127.8,33.0,8.264,92,91.17,574.76,76.52,1.8
Thai Koi,57.4,7895,17.2,137.54,27.3,7.8,4.59,0.69,0.54,176.5,25.5,3.313,156,29.26,174.01,75.34,1.73
Magur,67.9,2834,54.0,41.74,26.7,6.65,3.84,1.17,0.13,178.5,33.1,4.3,123,79.93,138.42,61.11,1.74
Common Carp,59.3,6335,16.7,106.83,29.9,7.75,4.27,1.14,1.0,151.3,33.7,1.883,161,25.58,110.04,67.9,1.63
Pabda,88.3,9220,44.5,104.42,24.3,8.03,5.65,0.38,0.4,94.1,30.9,11.365,108,69.56,565.13,88.12,1.67
Pangasius,67.8,9871,48.9,145.59,31.3,7.6,6.85,0.1,0.09,108.4,30.4,10.281,115,89.41,833.09,94.39,1.43
Catla,41.2,5885,14.5,142.84,31.5,6.89,4.27,0.8,0.47,129.4,30.6,2.159,123,21.98,109.32,84.53,1.68
Pabda,56.3,9785,35.5,173.8,26.2,7.77,4.65,0.33,0.42,137.4,29.2,6.669,116,55.86,453.66,83.0,1.61
Koi,33.1,6218,34.9,187.85,28.9,7.47,5.01,0.66,0.55,166.9,32.5,4.796,90,48.58,210.22,69.59,1.57
Koi,79.8,4392,70.0,55.04,25.0,7.53,4.88,0.61,0.66,122.9,33.2,8.824,223,146.34,493.04,76.71,1.58
Tilapia,12.5,8631,40.1,690.48,29.1,6.75,3.76,0.14,0.41,112.4,34.2,9.31,102,65.57,417.78,73.82,1.5
Common Carp,46.9,8943,12.6,190.68,26.7,8.39,4.15,0.68,0.06,101.1,34.9,2.716,170,21.5,138.25,71.89,1.65
Silver Carp,16.6,7405,49.4,446.08,31.4,6.7,5.92,0.84,0.84,95.2,27.6,6.987,222,88.75,409.74,62.35,1.75
Mrigal,50.3,5094,48.5,101.27,30.7,7.66,3.52,1.15,0.09,168.0,30.8,6.078,132,70.63,241.36,67.08,1.71
Tilapia,8.9,3562,23.3,400.22,29.8,7.82,6.47,0.92,0.72,117.0,29.0,2.208,196,46.97,119.29,71.29,1.45
Thai Koi,67.3,8333,25.3,123.82,29.5,7.04,3.63,0.58,0.07,117.2,32.4,3.9,118,41.21,269.24,78.41,1.69
Shing,28.0,4922,5.7,175.79,27.5,8.07,6.36,0.75,0.67,83.3,32.7,0.471,173,9.77,32.91,68.44,1.79
Shing,13.4,3217,51.0,240.07,29.7,7.4,7.0,0.54,0.25,142.1,28.0,2.609,237,106.1,259.89,76.14,1.69
Silver Carp,67.2,1348,10.2,20.06,31.5,7.06,3.61,0.22,0.07,136.9,27.5,0.346,109,14.61,16.32,82.88,1.57
Mrigal,64.4,9708,72.1,150.75,26.7,7.39,5.6,0.21,0.76,87.5,27.4,11.969,210,133.39,991.04,76.53,1.8
Pabda,30.9,4171,6.3,134.98,25.3,7.44,6.19,0.59,0.69,164.7,34.3,0.473,116,9.82,30.84,75.31,1.66
Thai Koi,64.1,3539,42.1,55.21,31.9,8.42,5.98,0.31,0.98,102.7,32.2,4.008,142,73.09,203.68,78.74,1.6
Pangasius,82.9,480,10.7,5.79,26.3,7.96,6.33,0.11,0.52,99.3,27.1,0.093,195,23.33,9.47,84.6,1.5
Catla,23.2,600,5.2,25.86,26.4,8.38,4.88,0.31,0.29,93.0,28.7,0.072,96,7.44,3.73,83.55,1.65
Rohu,60.7,1595,77.7,26.28,29.2,8.38,5.49,0.1,0.72,109.0,32.6,2.95,176,135.14,172.7,80.12,1.64
Silver Carp,58.3,3895,68.0,66.81,29.3,7.39,4.54,0.85,0.83,157.5,29.0,6.886,175,113.25,332.67,75.42,1.75
Common Carp,60.6,6516,57.2,107.52,25.6,7.68,5.05,0.88,0.38,129.0,33.2,10.585,148,99.03,548.85,85.06,1.65
Mrigal,68.8,1544,13.1,22.44,30.8,6.67,6.27,1.11,0.62,76.8,26.0,0.526,194,20.69,19.56,61.22,1.82
Pangasius,43.7,4965,38.0,113.62,27.9,7.11,7.26,0.08,0.69,72.8,29.2,2.943,225,94.96,406.14,86.14,1.59
Pabda,19.7,6341,77.4,321.88,28.2,7.97,6.67,0.69,0.55,128.5,26.3,9.767,178,127.16,555.71,68.92,1.74
Pabda,17.8,8440,54.8,474.16,28.0,6.75,6.71,0.42,1.0,129.8,32.5,11.748,227,99.68,588.8,69.99,1.85
Koi,79.9,5411,35.3,67.72,26.6,6.65,4.13,0.27,0.65,146.8,27.4,3.877,209,70.56,312.23,81.78,1.64
Magur,81.4,3561,20.5,43.75,25.0,7.35,5.17,0.84,0.72,87.4,25.3,1.132,208,40.78,113.47,78.14,1.6
Tilapia,77.2,9158,48.4,118.63,29.5,6.65,4.48,1.06,0.68,108.0,29.7,10.86,115,79.16,461.49,63.66,1.61
Thai Koi,35.6,2166,39.9,60.84,25.4,7.93,4.26,0.36,0.32,91.0,34.1,1.754,204,83.54,163.61,90.42,1.56
Rohu,18.9,5542,13.8,293.23,28.2,7.57,4.3,0.3,0.21,132.5,31.0,2.134,153,23.45,108.77,83.69,1.7
Thai Koi,19.1,6017,67.2,315.03,24.8,8.05,4.47,0.56,0.07,169.3,33.0,8.532,183,133.58,634.38,78.93,1.71
Common Carp,66.0,7545,7.1,114.32,27.1,7.84,5.13,1.11,0.23,133.6,33.3,0.959,173,11.77,67.42,75.91,1.76
Pangasius,36.9,726,28.9,19.67,27.6,7.64,5.88,0.48,0.06,123.9,30.6,0.554,226,71.65,47.9,92.09,1.53
Pangasius,21.3,9989,35.9,468.97,27.4,7.13,7.27,0.31,0.81,117.9,34.2,7.316,153,68.79,547.81,79.72,1.65
Mrigal,64.5,9592,29.0,148.71,25.9,7.69,5.17,0.46,0.54,168.8,34.0,4.479,108,40.64,328.62,84.29,1.74
Gulsha,82.6,9647,16.2,116.79,30.6,8.43,5.72,0.16,0.21,105.1,33.7,3.376,156,29.47,244.44,85.97,1.68
Koi,93.3,8372,11.5,89.73,30.0,7.34,5.65,1.12,0.11,175.1,27.5,2.715,168,21.45,136.84,76.21,1.54
Magur,90.9,8808,43.2,96.9,29.1,8.42,5.84,0.21,0.8,90.6,33.7,9.893,217,84.58,585.34,78.57,1.48
Catla,72.3,2867,79.3,39.65,27.9,8.17,6.8,0.69,0.2,174.6,32.2,6.252,146,129.02,304.9,82.43,1.55
Koi,77.4,9737,27.3,125.8,24.4,7.69,5.43,1.18,0.2,85.6,31.5,4.147,168,47.71,345.83,74.44,1.54
Silver Carp,23.9,9965,11.2,416.95,25.5,6.8,4.74,0.97,0.33,116.5,34.0,3.225,164,17.69,135.1,76.65,1.89
Pabda,41.0,2594,48.3,63.27,28.1,7.42,3.99,0.19,0.13,154.2,32.1,2.568,150,77.71,165.07,81.89,1.61
Mrigal,45.6,622,5.4,13.64,27.6,8.05,5.19,0.41,0.04,135.4,30.6,0.089,170,9.5,5.43,91.88,1.77
Shing,63.6,6282,47.7,98.77,30.8,6.87,5.97,0.78,0.13,89.6,25.3,5.454,109,70.96,380.51,85.36,1.46
Thai Koi,63.8,7608,74.0,119.25,29.0,6.96,4.1,0.78,0.52,115.5,34.3,10.528,226,151.43,889.38,77.2,1.6
Rohu,37.6,9239,40.1,245.72,31.3,6.5,5.03,0.88,0.34,89.8,27.2,8.225,159,61.29,418.13,73.84,1.89
Pangasius,58.8,7802,21.4,132.69,30.1,7.84,4.8,0.22,0.48,89.1,26.1,4.525,174,45.48,332.97,93.83,1.41
Koi,66.5,1664,22.4,25.02,29.1,7.29,3.95,0.24,0.49,147.2,29.7,0.581,240,49.46,71.0,86.27,1.49
Pangasius,65.4,2529,68.3,38.67,25.0,7.28,4.6,0.42,0.73,109.2,30.2,4.854,180,139.82,295.94,83.69,1.53
Gulsha,7.4,4306,14.5,581.89,29.0,7.64,4.28,0.66,0.9,86.2,26.7,1.648,229,28.09,84.5,69.85,1.72
Mrigal,38.6,3114,50.0,80.67,30.3,7.6,7.31,1.02,0.68,150.0,32.2,3.83,94,63.57,134.03,67.71,1.71
Common Carp,44.1,8193,24.1,185.78,31.0,6.89,7.13,0.57,0.55,143.1,27.8,5.232,117,35.2,198.58,68.86,1.7
Pangasius,27.0,5809,58.5,215.15,24.4,8.47,4.92,1.14,0.58,172.7,28.4,6.287,107,86.39,301.1,60,1.67
Catla,65.5,3753,59.7,57.3,25.8,7.24,6.5,0.24,0.44,78.7,26.8,3.406,208,119.41,410.06,91.5,1.73
Magur,84.1,6341,62.5,75.4,28.3,7.44,3.78,0.59,0.28,113.6,31.2,8.759,172,113.86,546.71,75.72,1.6
Thai Koi,91.8,1221,37.4,13.3,24.0,6.83,7.25,0.34,0.62,142.3,34.1,1.164,179,74.5,76.77,84.4,1.6
Pabda,39.2,1313,78.4,33.49,29.2,7.21,5.65,0.41,0.22,81.2,30.2,1.74,162,141.62,167.35,90.0,1.64
Tilapia,18.1,3253,42.9,179.72,25.0,8.08,3.75,0.24,0.56,80.3,31.1,3.07,226,96.71,227.23,72.23,1.51
Pangasius,23.6,2184,20.3,92.54,25.6,7.68,4.79,0.57,0.14,81.3,25.9,1.126,184,44.07,80.9,84.05,1.36
Shing,45.7,6413,50.8,140.33,29.6,6.93,5.85,0.19,0.21,132.4,34.2,7.102,157,90.15,537.36,92.95,1.69
Common Carp,19.4,5005,23.1,257.99,31.4,8.12,6.03,0.7,0.4,171.2,33.3,2.659,158,36.7,143.05,77.88,1.73
Thai Koi,21.7,8186,74.7,377.24,24.6,7.88,5.2,1.04,0.87,148.1,33.4,14.554,99,98.94,485.96,60,1.66
Mrigal,9.4,7140,41.1,759.57,30.7,7.78,3.84,0.44,0.8,142.0,29.5,5.253,196,71.65,356.01,69.59,1.68
Koi,44.3,6128,31.3,138.33,30.8,7.3,7.09,1.17,0.5,87.5,29.7,4.987,226,67.61,304.53,73.5,1.76
Tilapia,35.1,9530,79.3,271.51,30.2,7.26,3.95,0.43,0.86,166.6,29.4,20.934,200,164.68,1112.07,70.86,1.51
Mrigal,49.4,5111,64.9,103.46,26.6,8.07,4.29,0.41,0.25,123.0,34.9,9.686,202,125.36,589.72,92.04,1.59
Koi,97.9,8427,75.0,86.08,27.3,7.75,6.82,1.15,0.75,175.4,30.8,11.819,164,126.17,740.24,69.62,1.54
Mrigal,48.1,4901,19.6,101.89,29.0,6.69,5.94,0.82,0.26,70.6,30.5,2.718,188,34.94,137.8,80.46,1.57
Common Carp,10.2,8042,35.0,788.43,31.8,7.17,4.94,0.16,0.11,133.6,34.2,8.388,185,64.27,437.09,84.57,1.52
Shing,48.3,6390,68.5,132.3,29.8,6.84,5.95,0.42,0.56,81.2,32.4,11.687,160,118.93,633.13,83.31,1.5
Pangasius,78.6,6478,21.0,82.42,30.5,8.19,4.18,0.42,0.11,108.4,31.2,3.605,148,42.3,252.18,92.02,1.32
Thai Koi,6.7,6517,7.2,972.69,28.0,6.69,5.51,0.6,0.16,126.4,27.5,0.84,233,14.35,69.05,73.84,1.76
Pangasius,65.4,2062,66.6,31.53,27.2,7.13,4.45,1.19,0.87,162.3,33.2,2.719,204,139.24,200.2,69.73,1.69
Thai Koi,75.6,1418,43.7,18.76,25.6,7.13,6.71,0.21,0.11,122.8,26.0,1.326,168,85.06,113.12,93.79,1.51
Pangasius,56.5,8042,47.3,142.34,25.6,7.03,3.59,0.21,0.85,115.6,28.4,9.548,110,77.81,491.42,78.53,1.59
Shing,65.2,488,10.2,7.48,26.2,7.51,4.11,0.99,0.87,127.9,31.0,0.084,144,17.52,6.55,76.54,1.81
Silver Carp,91.6,8106,24.0,88.49,25.4,7.8,4.3,0.8,0.55,106.0,25.5,4.377,118,33.89,207.3,75.46,1.82
Tilapia,74.9,6024,38.6,80.43,25.8,6.61,7.45,0.95,0.8,166.0,25.6,6.534,139,65.54,287.44,72.81,1.37
Silver Carp,18.3,8955,14.3,489.34,26.0,6.91,4.19,0.94,0.86,93.6,29.4,2.471,204,25.24,156.77,69.35,1.88
Magur,17.8,8129,21.5,456.69,24.4,8.44,5.26,0.64,0.43,72.3,33.0,3.024,126,32.13,186.24,71.3,1.74
Magur,12.2,9909,9.3,812.21,26.3,7.26,3.62,0.48,0.53,146.2,31.1,2.221,157,15.85,106.34,67.72,1.72
Gulsha,92.3,4391,34.3,47.57,27.6,8.45,6.61,0.73,0.16,142.5,27.3,2.696,161,58.73,199.89,77.51,1.48
Pabda,15.9,8982,63.9,564.91,29.0,7.33,3.95,0.86,0.63,150.7,33.2,12.11,200,104.99,573.73,60.84,1.72
Gulsha,7.6,1399,13.5,184.08,25.5,7.14,3.95,0.36,0.36,124.1,33.0,0.446,150,21.81,22.93,75.16,1.8
Pabda,86.1,6848,77.8,79.54,30.0,8.34,5.82,0.44,0.25,80.2,30.4,9.43,170,143.15,823.08,83.96,1.56
Magur,50.2,6399,27.3,127.47,27.4,7.18,3.78,0.12,0.09,151.6,29.5,3.669,101,41.08,222.69,84.71,1.61
Magur,45.8,9773,6.0,213.38,29.9,7.37,4.82,0.34,0.9,156.1,34.3,1.237,217,12.25,93.46,78.09,1.8
Magur,24.6,8934,51.6,363.17,30.9,6.65,5.89,0.22,0.24,104.7,28.4,12.631,112,75.92,531.61,78.38,1.43
Mrigal,28.1,1626,34.2,57.86,24.8,7.49,4.6,0.39,0.08,154.0,31.0,1.001,154,61.2,89.29,89.73,1.68
Tilapia,49.2,8320,28.9,169.11,26.2,6.73,5.59,0.18,0.99,149.0,25.6,3.943,135,53.12,330.12,74.7,1.55
Pabda,69.8,7567,13.8,108.41,28.3,6.65,4.19,0.7,0.22,112.2,34.3,3.122,234,27.12,156.95,76.47,1.74
Shing,58.9,9785,13.0,166.13,31.0,7.68,4.35,0.76,0.83,150.5,26.2,2.582,169,22.13,152.46,70.4,1.82
Shing,64.7,6429,8.4,99.37,29.3,7.23,6.18,1.06,0.2,152.1,28.4,1.28,109,11.89,55.76,72.93,1.69
Pabda,45.3,1792,69.0,39.56,24.4,8.42,6.68,1.05,0.22,170.9,34.7,2.473,220,122.22,155.59,71.04,1.64
Pangasius,31.1,5919,76.4,190.32,28.0,7.5,6.0,0.74,0.22,104.9,30.2,11.848,166,147.72,688.8,78.78,1.71
Gulsha,36.7,9322,38.9,254.01,25.0,7.02,5.6,0.56,0.5,133.2,32.6,10.371,108,57.0,393.56,74.07,1.76
Catla,63.9,1516,55.9,23.72,29.5,7.13,4.34,0.77,0.6,100.5,29.7,1.619,106,81.55,92.93,75.17,1.97
Gulsha,31.4,765,66.9,24.36,28.8,7.69,4.85,1.15,0.79,135.9,27.2,0.768,122,96.61,50.27,68.01,1.85
Catla,45.1,881,63.0,19.53,28.4,7.06,4.39,0.89,0.7,165.0,31.1,1.565,228,118.77,80.58,77.01,1.95
Tilapia,98.3,1751,29.3,17.81,32.0,7.71,4.04,0.35,0.54,148.4,28.4,0.785,102,50.78,75.95,85.42,1.21
Catla,93.0,5855,8.5,62.96,29.9,6.75,5.72,1.09,0.47,134.7,27.7,1.035,201,14.91,60.83,69.69,1.97
Catla,50.8,6789,42.1,133.64,29.5,8.49,7.47,0.36,0.75,133.9,32.0,5.745,185,70.45,366.94,76.72,1.62
Silver Carp,74.1,3357,43.0,45.3,26.3,8.34,5.43,0.56,0.83,135.8,34.6,3.205,158,69.09,166.2,71.66,1.84
Mrigal,72.1,3474,70.2,48.18,25.6,7.32,6.6,0.29,0.62,158.1,29.9,4.463,234,142.67,409.06,82.53,1.68
Shing,91.5,4124,15.1,45.07,27.0,7.29,6.22,1.02,0.9,116.1,28.2,1.115,211,27.09,74.95,67.09,1.58
Koi,40.4,7930,22.6,196.29,30.6,8.27,5.43,1.2,0.45,170.6,32.1,3.692,115,34.58,176.61,64.4,1.79
Koi,9.6,8681,17.6,904.27,26.4,8.42,5.58,0.2,0.07,142.1,28.6,3.606,161,30.99,218.82,81.34,1.44
Common Carp,23.2,1885,11.4,81.25,26.5,8.15,6.97,1.02,0.36,89.6,32.9,0.4,176,20.14,28.53,75.16,1.88
Rohu,74.3,1723,72.3,23.19,26.2,7.19,5.38,0.52,0.14,161.5,26.3,3.563,93,96.83,143.19,85.83,1.78
Rohu,83.1,6615,73.0,79.6,31.7,7.97,7.46,0.52,0.67,137.5,26.3,8.789,110,98.93,513.64,78.49,1.74
Magur,72.2,5186,21.8,71.83,27.9,7.51,7.14,0.42,0.41,137.7,31.7,3.211,225,50.11,236.17,90.88,1.49
Catla,28.8,889,50.2,30.87,31.6,7.02,6.47,0.43,0.53,155.1,25.0,0.736,153,84.16,60.73,81.17,1.85
Tilapia,40.4,9700,67.6,240.1,29.0,8.49,5.61,0.73,0.84,151.2,32.6,13.377,156,122.69,782.94,65.79,1.51
Thai Koi,71.8,9699,16.2,135.08,25.7,8.13,4.7,1.12,1.0,114.0,34.2,3.724,137,26.89,172.36,66.09,1.75
Mrigal,68.9,1983,61.7,28.78,31.7,6.96,4.16,0.31,0.21,145.3,31.5,2.08,102,90.54,160.64,89.47,1.67
Silver Carp,83.7,4077,12.0,48.71,29.8,7.7,6.48,0.24,0.15,114.4,29.9,1.164,180,22.05,80.21,89.21,1.79
Catla,46.6,7827,77.8,167.96,25.6,7.83,4.48,0.36,0.75,129.2,25.3,11.631,133,120.34,721.7,76.62,1.9
Catla,9.6,5380,48.3,560.42,30.6,8.49,6.45,0.46,0.54,173.9,27.9,6.808,148,74.11,290.74,72.92,1.74
Pangasius,60.1,8934,62.2,148.65,26.8,8.29,4.86,0.62,0.6,82.3,30.1,9.725,90,89.57,584.51,73.04,1.74
Thai Koi,68.4,9961,62.0,145.63,27.1,7.43,4.21,1.05,0.67,165.5,32.6,17.107,176,107.14,746.2,69.92,1.53
Pangasius,14.5,504,46.5,34.76,29.4,8.09,6.84,0.52,0.4,149.2,30.3,0.602,117,83.06,35.05,83.72,1.55
Koi,44.2,4276,77.2,96.74,29.1,8.04,6.76,0.82,0.79,142.8,25.4,7.031,236,173.13,574.56,77.61,1.79
Gulsha,20.1,9910,12.8,493.03,24.1,8.12,5.04,0.71,0.96,106.6,26.5,3.577,198,23.17,156.83,68.3,1.76
Silver Carp,95.3,7213,66.5,75.69,26.8,7.66,3.69,1.04,0.61,139.0,31.1,11.272,229,114.37,498.42,60.42,1.74
Rohu,71.0,6613,57.3,93.14,27.3,8.04,3.54,0.56,0.31,113.2,25.6,6.442,160,92.13,475.91,78.11,1.77
Mrigal,94.0,8597,48.9,91.46,30.2,8.21,5.12,0.67,0.68,169.7,30.2,10.089,152,79.45,501.63,73.44,1.68
Mrigal,7.3,1614,70.2,221.1,27.1,8.09,5.99,0.98,0.77,82.7,31.4,2.912,148,103.09,112.63,67.69,1.93
Common Carp,53.8,2773,21.8,51.54,29.2,6.67,5.34,0.88,0.76,77.8,30.6,1.427,98,30.96,61.94,72.14,1.75
Tilapia,98.1,7182,39.4,73.21,24.1,6.99,5.82,1.07,0.59,114.9,28.9,4.386,226,83.84,412.39,68.49,1.49
Rohu,36.3,3027,55.2,83.39,29.3,7.41,7.34,1.08,0.22,174.3,33.5,2.941,207,95.2,220.62,76.56,1.88
Gulsha,6.0,1813,17.9,302.17,30.0,6.59,7.38,0.08,0.75,142.3,31.7,0.782,221,34.5,44.39,70.98,1.67
Magur,6.5,7011,36.2,1078.62,26.9,7.53,4.38,0.84,0.54,163.8,27.2,5.888,127,53.58,258.72,68.87,1.66
Shing,70.6,5735,32.8,81.23,25.3,7.06,6.56,1.02,0.84,147.7,28.3,4.176,111,45.78,175.63,66.89,1.56
Catla,73.3,5822,27.4,79.43,29.8,7.74,3.71,1.04,0.31,172.3,32.4,3.972,209,48.41,183.61,65.14,1.83
Rohu,65.7,5586,25.9,85.02,25.0,7.59,4.81,1.19,0.16,158.3,32.3,2.271,151,41.57,174.54,75.16,1.7
Magur,35.4,9683,27.0,273.53,24.7,8.5,5.23,0.88,0.53,153.1,31.0,5.203,166,42.51,271.35,65.92,1.71
Magur,36.3,2061,51.1,56.78,28.3,8.0,4.47,0.54,0.07,151.2,32.0,1.885,172,97.08,165.15,82.54,1.64
Gulsha,83.5,2647,43.1,31.7,30.8,7.55,3.83,0.57,0.6,150.4,31.7,3.126,146,67.48,121.89,68.24,1.61
Catla,82.3,3895,75.8,47.33,27.0,6.75,7.2,0.6,0.52,127.4,34.7,8.769,182,119.84,337.72,72.35,1.74
Tilapia,82.8,2844,31.7,34.35,25.8,7.81,4.06,0.53,0.68,125.3,32.3,2.281,167,60.17,138.39,80.88,1.62
Koi,49.1,8827,52.5,179.78,30.1,7.79,4.27,0.98,0.53,139.7,27.9,13.763,131,86.64,544.38,71.18,1.57
Catla,92.5,6181,27.4,66.82,24.4,7.4,5.23,0.96,0.44,144.9,26.6,3.353,99,37.36,193.29,83.7,1.68
Pabda,11.6,8595,13.6,740.95,31.3,6.61,4.14,0.37,0.4,70.8,29.1,1.94,133,21.47,145.83,79.03,1.49
Koi,34.5,7629,10.8,221.13,27.5,7.34,4.88,0.17,0.76,116.5,28.7,1.804,125,17.71,104.74,77.52,1.78
Silver Carp,93.1,373,43.8,4.01,28.9,8.13,5.32,0.69,0.72,151.7,32.7,0.328,228,78.96,22.01,74.72,1.86
Silver Carp,13.3,1701,72.9,127.89,24.6,7.6,6.57,0.34,0.93,161.0,25.5,2.393,161,126.06,181.15,84.48,1.68
Catla,52.4,7218,75.0,137.75,28.0,7.28,3.57,1.02,0.95,161.7,32.2,15.158,229,132.67,575.32,60.08,1.73
Common Carp,94.3,3361,23.8,35.64,28.4,8.22,4.14,0.25,0.15,72.9,33.6,1.776,121,36.13,103.69,85.39,1.52
Koi,83.2,2695,31.3,32.39,27.7,8.39,5.43,0.2,0.48,164.0,32.4,2.311,137,52.75,122.27,86.01,1.53
Thai Koi,15.2,8984,35.9,591.05,27.8,6.76,5.54,0.66,0.36,147.4,26.5,4.935,137,57.16,379.03,73.81,1.77
Catla,83.6,6997,49.9,83.7,29.5,7.22,4.38,0.17,0.81,173.1,26.6,6.18,172,90.05,519.13,82.39,1.85
Catla,87.4,6738,38.1,77.09,24.8,6.89,5.22,0.62,0.2,95.4,31.8,4.57,106,54.3,306.76,83.84,1.62
Pangasius,34.6,2338,75.4,67.57,26.3,6.94,4.94,0.68,0.95,148.4,32.5,4.795,147,143.24,260.82,77.88,1.45
Thai Koi,73.0,8334,67.1,114.16,29.5,8.1,4.55,0.6,0.36,75.1,28.9,15.322,96,100.14,702.57,84.18,1.57
Pabda,50.5,5774,8.9,114.34,25.9,8.18,4.42,1.15,0.57,165.7,29.0,1.465,201,16.28,63.65,67.71,1.73
Pabda,84.3,1062,42.0,12.6,28.0,7.48,4.59,1.03,0.07,171.1,33.8,1.249,129,61.71,48.35,73.77,1.86
Common Carp,47.7,5603,59.5,117.46,25.2,8.38,5.58,0.95,0.28,140.2,34.6,7.801,225,122.09,541.45,79.15,1.57
Tilapia,15.1,4303,32.3,284.97,31.2,8.49,7.42,0.74,0.9,70.4,33.8,3.975,96,49.81,143.73,67.06,1.5
Mrigal,38.5,5740,74.0,149.09,26.1,7.44,5.41,0.99,0.51,71.4,31.4,9.939,134,106.68,458.83,74.93,1.65
Pabda,99.8,6781,50.6,67.95,27.5,8.33,3.82,1.07,0.21,165.8,32.1,7.789,204,81.99,351.37,63.2,1.73
Mrigal,55.9,3792,31.2,67.84,29.8,7.78,3.66,0.64,0.28,166.1,29.3,3.005,133,49.25,143.84,77.02,1.7
Koi,85.8,876,19.7,10.21,25.5,8.33,6.52,0.36,0.88,101.7,30.1,0.343,211,38.88,26.64,78.21,1.38
Shing,19.9,4390,18.2,220.6,26.9,8.08,6.81,0.75,0.81,147.8,29.3,2.013,152,29.74,88.95,68.14,1.68
Silver Carp,54.4,3978,62.3,73.12,29.1,8.34,3.72,0.94,0.07,88.4,34.6,4.387,235,115.66,318.15,69.15,1.93
Silver Carp,70.3,9422,77.7,134.03,24.5,7.66,4.23,0.94,0.74,98.8,32.8,19.327,148,119.78,855.89,75.84,1.73
Gulsha,82.5,5530,16.6,67.03,26.4,8.36,7.24,0.12,0.84,178.8,25.8,2.662,202,31.5,139.45,80.06,1.61
Silver Carp,21.6,4571,25.0,211.62,30.7,8.03,4.44,1.08,1.0,155.6,32.5,2.994,234,43.55,119.44,60,2.0
Rohu,95.6,4865,6.4,50.89,31.3,7.89,5.99,0.35,0.23,88.6,31.8,0.66,221,13.4,61.06,93.68,1.58
Catla,14.6,8916,64.8,610.68,31.0,7.47,5.54,1.17,0.21,174.1,28.6,15.253,195,107.01,626.37,65.65,1.94
Pangasius,10.9,6232,29.6,571.74,30.7,6.59,5.16,1.17,0.95,100.4,26.9,5.036,119,43.97,164.41,60,1.55
Mrigal,84.6,9691,18.4,114.55,30.9,7.69,4.54,0.24,0.08,110.1,34.1,4.226,230,38.85,337.35,89.59,1.77
Pabda,10.1,6721,29.6,665.45,25.5,7.11,5.35,0.43,0.17,92.9,32.9,3.621,94,41.93,230.96,81.95,1.57
Gulsha,10.5,7221,20.5,687.71,27.0,7.01,3.51,0.87,0.81,162.4,26.5,4.041,156,30.53,134.55,61.04,1.67
Shing,25.5,7780,48.5,305.1,25.8,7.5,6.94,0.26,0.93,91.9,26.5,6.867,148,82.05,498.18,78.04,1.8
Rohu,48.3,1836,69.0,38.01,30.8,6.94,3.63,0.31,0.87,114.9,29.5,3.598,91,95.5,134.75,76.85,1.8
Koi,94.8,5683,50.1,59.95,29.7,7.56,4.47,0.99,0.37,100.3,25.7,6.833,132,88.93,428.11,84.71,1.6
Gulsha,10.1,4966,44.5,491.68,24.9,8.09,6.82,0.09,0.05,71.2,30.4,4.132,121,68.37,276.23,81.36,1.5
Pabda,55.0,4224,26.2,76.8,31.4,7.51,5.02,0.67,0.81,147.4,32.9,2.822,208,46.83,146.24,73.93,1.74
Catla,10.8,9189,51.0,850.83,29.7,7.88,7.12,0.94,0.99,105.2,28.0,13.497,141,76.89,489.6,69.3,1.84
Rohu,21.1,6546,55.3,310.24,27.3,7.03,5.4,0.99,0.93,134.7,25.9,7.204,153,84.52,383.18,69.26,1.78
Mrigal,14.3,6473,9.0,452.66,24.9,6.63,4.08,0.75,0.03,173.3,28.4,1.177,235,16.21,74.99,71.48,1.92
Common Carp,21.5,1272,38.2,59.16,28.4,8.28,6.38,0.57,0.78,177.1,32.3,0.913,130,56.02,51.61,72.43,1.71
Rohu,92.3,4904,41.8,53.13,25.0,8.22,7.2,0.81,0.88,91.5,31.5,5.104,208,73.13,258.37,72.04,1.77
Pangasius,5.7,9932,67.6,1742.46,25.1,8.16,5.34,0.82,0.84,105.0,34.6,17.859,121,110.13,793.59,72.55,1.7
Tilapia,81.6,689,77.4,8.44,29.5,8.48,5.78,0.75,0.19,100.1,26.5,1.307,91,120.56,66.63,80.21,1.38
Pangasius,78.2,8893,63.3,113.72,29.2,7.17,3.56,0.59,0.77,149.7,33.4,11.54,181,122.56,771.15,70.75,1.45
Common Carp,19.9,6907,5.4,347.09,27.3,7.78,5.93,0.35,0.46,124.1,32.1,0.768,220,10.59,61.15,83.58,1.58
Tilapia,92.8,696,36.2,7.5,26.0,8.03,5.57,0.72,0.79,99.1,32.5,0.66,118,63.65,35.45,80.03,1.51
Silver Carp,64.2,2017,68.8,31.42,24.5,7.23,7.08,0.8,0.13,125.7,27.2,2.109,147,111.11,181.64,81.05,1.62
Silver Carp,60.5,3124,72.2,51.64,29.6,6.56,6.5,0.33,0.26,109.4,30.0,4.579,222,145.97,393.21,86.23,1.8
Common Carp,63.4,8533,25.5,134.59,31.4,7.06,5.2,0.55,1.0,148.0,32.0,4.439,148,42.47,274.39,75.72,1.85
Gulsha,74.1,3757,59.5,50.7,31.8,8.25,6.86,0.16,0.49,166.8,30.7,6.259,123,98.5,317.64,85.83,1.68
Koi,21.5,3567,69.7,165.91,26.4,7.83,6.75,0.69,0.97,79.4,25.4,4.475,107,105.95,264.47,69.98,1.6
Pangasius,96.4,7952,18.6,82.49,27.3,7.24,4.46,0.35,0.47,157.5,32.5,4.038,177,41.89,314.49,94.42,1.51
Catla,86.0,6883,56.9,80.03,25.9,7.84,3.59,0.21,0.18,160.0,34.1,10.104,237,113.54,646.66,82.75,1.7
Silver Carp,78.4,8749,27.1,111.59,25.7,8.01,6.5,0.91,0.6,83.8,29.1,6.52,145,41.47,268.33,73.96,1.85
Koi,56.3,9941,20.4,176.57,30.3,8.46,4.41,1.04,0.29,123.0,30.0,5.374,193,36.46,230.11,63.48,1.53
Rohu,65.3,8914,21.2,136.51,27.9,6.85,6.28,0.66,0.79,88.6,28.6,4.989,101,28.21,197.81,78.67,1.91
Pabda,64.1,8218,63.3,128.21,29.5,8.18,7.11,0.79,0.8,166.0,31.6,13.421,238,132.78,828.41,75.92,1.72
Magur,61.4,7766,46.3,126.48,31.6,7.26,7.01,0.99,0.07,84.3,26.4,6.94,156,83.2,530.53,82.11,1.44
Tilapia,12.9,8505,69.4,659.3,25.7,7.34,5.75,0.75,0.97,147.9,30.3,13.989,165,136.68,821.86,70.7,1.47
Gulsha,35.0,8024,30.8,229.26,29.8,8.43,5.65,0.75,0.21,173.5,32.1,5.264,239,59.4,329.57,69.15,1.74
Thai Koi,94.7,4027,10.1,42.52,30.1,6.94,5.58,0.17,0.74,71.3,29.3,1.009,106,16.35,54.95,83.45,1.36
Pangasius,27.7,7712,20.7,278.41,28.9,7.95,4.28,0.1,0.4,162.1,29.3,4.135,136,37.02,247.85,86.82,1.58
Gulsha,63.1,3625,29.8,57.45,24.8,7.46,5.07,1.03,0.8,148.6,27.7,3.003,127,43.36,105.4,67.05,1.86
Koi,37.2,7061,43.8,189.81,24.1,8.1,3.61,0.24,0.28,104.1,34.3,6.093,239,92.34,512.46,78.6,1.72
Tilapia,39.4,9633,51.3,244.49,27.3,7.97,7.21,0.37,0.1,132.3,30.2,10.872,203,116.9,971.48,86.27,1.24
Koi,54.0,6526,45.9,120.85,27.9,7.03,4.83,0.05,0.65,161.2,25.6,6.68,227,104.26,571.27,83.96,1.51
Magur,78.5,6541,9.9,83.32,24.7,7.23,5.29,1.13,0.39,99.9,28.4,1.01,133,14.99,74.28,75.75,1.61
Magur,12.6,3904,49.7,309.84,26.6,6.76,3.82,0.67,0.22,155.0,29.7,5.025,183,81.21,205.69,64.88,1.7
Magur,46.2,7338,44.2,158.83,31.6,7.57,6.69,0.88,0.54,106.8,33.4,7.881,230,90.27,456.71,68.95,1.61
Tilapia,32.2,7875,27.2,244.57,28.9,6.54,6.73,0.31,0.68,114.0,33.8,4.562,236,61.16,353.98,73.49,1.65
Koi,80.8,3667,66.3,45.38,29.8,6.84,6.74,1.07,0.83,143.9,32.3,5.519,130,108.27,271.36,68.35,1.57
Common Carp,77.3,2626,18.1,33.97,26.8,7.46,3.73,1.2,0.81,128.1,30.2,0.913,142,25.44,40.26,60.27,1.83
Magur,9.4,6089,44.7,647.77,24.1,6.79,4.85,1.07,0.97,77.4,34.4,7.73,96,59.29,216.61,60,1.56
Koi,23.8,2544,48.7,106.89,32.0,7.27,4.53,0.33,0.38,103.0,28.1,3.073,186,99.91,237.25,93.34,1.42
Shing,66.2,2630,16.3,39.73,26.7,7.78,5.89,0.9,0.71,80.4,27.4,1.239,115,24.31,48.83,76.38,1.56
Pabda,92.6,4893,70.5,52.84,25.7,8.26,5.62,0.43,0.39,162.5,34.0,7.175,133,120.33,495.28,84.12,1.63
Pangasius,49.7,2957,76.8,59.5,25.9,6.55,7.31,0.82,0.96,173.5,27.4,4.701,171,146.4,312.48,72.18,1.49
Pabda,7.0,7555,56.4,1079.29,27.2,6.97,6.59,0.44,0.43,103.6,25.2,8.991,176,103.8,662.63,84.5,1.51
Gulsha,61.9,1713,50.6,27.67,28.5,7.94,4.33,0.19,0.95,147.7,33.9,1.543,114,80.07,111.86,81.56,1.67
Silver Carp,87.1,7825,69.3,89.84,28.7,6.52,4.65,1.13,0.13,152.6,33.9,14.696,229,119.67,631.98,67.49,1.8
Shing,55.9,1911,52.2,34.19,31.1,6.8,7.27,1.17,0.9,170.9,32.6,1.766,123,81.6,105.86,67.89,1.69
Pabda,43.6,2088,73.2,47.89,26.4,7.23,5.67,0.44,0.42,147.7,32.3,2.614,97,112.72,208.63,88.64,1.64
Silver Carp,13.5,7603,47.8,563.19,26.8,6.59,4.13,0.94,0.72,140.6,30.9,8.504,132,69.36,343.71,65.18,1.92
Mrigal,47.7,4992,52.9,104.65,24.7,8.4,5.33,0.33,0.95,170.9,25.2,6.127,229,99.59,397.85,80.03,1.75
Catla,87.4,3283,63.1,37.56,27.9,7.17,3.69,0.39,0.43,88.9,30.0,4.309,114,93.71,252.25,81.99,1.67
Catla,12.2,517,29.5,42.38,26.2,8.07,5.69,0.7,0.44,83.1,34.8,0.328,204,53.61,22.52,81.25,1.84
Silver Carp,65.1,4049,32.2,62.2,25.2,8.47,6.49,0.58,0.88,175.9,33.0,2.581,100,45.31,132.5,72.23,1.73
Mrigal,69.4,1835,58.2,26.44,28.5,6.96,5.92,0.42,0.89,145.2,25.6,2.371,179,101.82,160.12,85.7,1.56
Pangasius,50.3,9055,30.6,180.02,28.4,7.36,5.84,0.76,0.15,171.3,25.9,4.156,178,62.08,437.73,77.87,1.7
Pabda,28.3,2730,47.8,96.47,24.7,7.28,4.42,0.86,0.34,144.6,27.5,3.902,207,94.15,209.21,81.39,1.47
Shing,92.4,8385,41.2,90.75,31.9,6.86,5.43,0.95,0.13,109.9,34.8,5.32,170,77.93,554.31,84.83,1.51
Gulsha,5.2,6879,51.8,1322.88,28.6,6.51,7.16,0.4,0.03,176.6,25.2,7.127,229,101.44,554.73,79.5,1.72
Mrigal,33.9,4848,79.8,143.01,30.8,7.0,3.97,0.58,0.75,172.0,30.5,10.368,205,132.41,445.48,69.4,1.69
Thai Koi,52.1,1485,47.4,28.5,27.3,7.93,6.01,0.35,0.95,105.4,32.2,1.154,226,103.63,132.24,85.93,1.59
Shing,95.6,9427,25.3,98.61,25.5,7.23,4.82,0.63,0.42,134.5,34.7,7.036,189,49.47,385.98,82.76,1.46
Shing,22.7,7554,71.7,332.78,30.0,7.42,4.14,0.69,0.03,100.6,25.9,11.699,234,144.19,832.7,76.45,1.6
Pangasius,87.0,9585,10.2,110.17,30.8,6.75,4.89,0.35,0.95,146.4,25.0,2.737,206,23.04,181.57,82.23,1.55
Shing,45.0,9005,12.5,200.11,25.2,8.43,4.56,0.99,0.86,138.5,32.5,2.476,106,16.75,100.24,66.45,1.81
Tilapia,52.7,8194,18.1,155.48,25.8,7.08,5.3,0.48,0.88,175.4,28.1,4.123,162,36.68,235.54,78.36,1.55
Silver Carp,50.2,2883,61.9,57.43,31.3,6.74,6.3,0.61,0.45,88.5,33.0,4.479,90,84.7,191.26,78.32,1.79
Shing,75.8,9770,16.2,128.89,30.2,6.75,4.39,0.91,0.86,109.4,31.3,2.849,105,22.38,158.16,72.35,1.66
Tilapia,89.2,8458,57.3,94.82,28.5,6.8,5.04,0.19,0.6,99.1,33.8,9.063,164,116.17,864.94,88.03,1.5
Thai Koi,23.6,5433,53.1,230.21,24.9,7.81,3.54,0.6,0.26,164.4,30.7,7.76,196,99.34,373.43,69.19,1.52
Common Carp,57.6,3335,40.5,57.9,30.9,7.95,3.59,1.19,0.52,80.9,31.9,2.985,173,62.09,124.25,60,1.71
Rohu,13.0,2636,12.1,202.77,30.0,7.71,5.88,0.47,0.82,155.8,30.1,0.651,157,18.73,37.36,75.66,1.76
Tilapia,25.3,8129,31.2,321.3,27.1,7.83,5.13,0.99,0.82,124.2,26.5,6.163,103,46.22,271.8,72.34,1.43
Thai Koi,82.6,8115,37.9,98.24,24.7,8.07,6.31,0.7,0.77,149.7,31.6,8.089,240,85.85,537.84,77.2,1.51
Catla,13.5,1092,71.0,80.89,26.2,8.2,4.37,0.87,0.16,158.0,28.8,1.419,214,135.2,121.6,82.36,1.64
Silver Carp,57.8,1534,11.1,26.54,30.2,7.55,5.47,0.89,0.73,91.3,28.6,0.504,131,16.43,18.76,74.44,1.9
Thai Koi,92.4,575,9.5,6.22,30.3,6.89,5.98,0.62,0.44,136.9,25.2,0.129,212,20.41,9.87,84.12,1.63
Silver Carp,79.6,2017,9.4,25.34,30.3,7.9,3.5,1.15,0.53,134.1,33.0,0.319,132,12.88,15.58,60,1.92
Magur,69.8,9601,47.7,137.55,25.4,8.43,5.3,0.77,0.5,111.8,34.9,12.915,98,68.4,512.4,78.02,1.49
Silver Carp,12.4,5818,25.9,469.19,31.5,8.42,5.29,1.19,0.14,173.8,32.6,3.737,225,42.91,159.6,63.93,1.79
Pabda,90.4,7002,18.3,77.46,31.6,7.23,5.19,0.15,0.31,127.7,31.0,3.473,233,39.5,250.36,90.52,1.52
Magur,52.9,1005,68.7,19.0,27.2,7.77,4.31,0.56,0.11,138.3,27.0,1.837,171,126.22,107.16,84.47,1.68
Pabda,19.1,7430,57.7,389.01,26.6,6.92,6.19,0.27,0.48,95.5,34.1,10.289,156,98.11,590.26,80.97,1.69
Rohu,70.5,5065,14.3,71.84,26.2,8.43,6.25,1.09,0.54,102.3,33.7,1.42,95,19.47,61.53,62.39,1.87
Pabda,86.1,3638,31.6,42.25,24.6,8.2,4.82,0.34,0.43,84.7,28.1,2.598,232,68.53,221.24,88.74,1.52
Koi,53.1,2106,13.1,39.66,30.7,7.2,7.22,0.94,0.51,93.1,28.1,0.466,191,25.69,40.82,75.45,1.61
Rohu,65.5,817,23.1,12.47,24.1,7.23,6.2,0.49,0.15,144.2,27.3,0.506,203,46.64,34.35,90.13,1.53
Catla,45.0,7120,8.2,158.22,28.8,8.23,7.32,0.63,0.51,110.8,30.8,0.998,211,13.97,64.77,65.12,1.74
Thai Koi,79.3,1365,62.2,17.21,28.2,7.83,6.25,1.07,0.83,94.4,27.4,2.335,183,106.32,97.05,66.87,1.64
Pangasius,97.1,7630,9.4,78.58,27.7,8.22,7.29,1.06,0.32,75.7,31.5,2.094,229,20.23,112.07,72.62,1.75
Common Carp,55.6,7297,26.1,131.24,31.6,7.13,5.08,0.93,0.7,130.9,27.6,5.618,170,44.06,242.79,75.51,1.66
Thai Koi,58.2,6943,32.2,119.3,30.6,7.42,5.75,0.12,0.38,76.2,27.6,4.27,154,58.93,369.6,90.34,1.58
Tilapia,78.2,9576,14.1,122.46,25.0,7.53,5.23,0.06,0.73,129.7,30.7,3.133,126,26.58,224.34,88.15,1.45
Magur,26.8,2447,45.3,91.31,27.3,6.83,7.45,0.29,0.04,106.1,30.8,3.048,237,99.83,226.21,92.6,1.57
Gulsha,58.2,4291,33.5,73.73,27.8,7.01,5.99,0.82,0.13,162.2,26.6,2.472,161,60.12,212.43,82.35,1.62
Pangasius,11.8,8152,6.9,690.85,26.3,8.46,5.3,1.09,0.88,171.0,25.5,1.541,157,11.66,57.01,60,1.61
Pabda,50.4,9209,39.3,182.72,24.6,7.31,5.81,0.7,0.91,157.3,28.2,7.564,131,56.45,355.42,68.37,1.77
Thai Koi,87.1,1520,22.7,17.45,30.7,6.84,7.21,1.17,0.75,92.1,34.9,0.918,160,38.07,39.11,67.59,1.66
Shing,57.7,7599,74.9,131.7,29.2,8.12,5.78,0.7,0.89,92.8,27.7,10.757,225,153.55,911.87,78.15,1.6
Silver Carp,76.7,2218,29.2,28.92,29.4,6.77,6.33,1.13,0.74,74.9,27.8,1.639,129,39.18,53.26,61.29,1.8
Mrigal,11.9,5600,68.7,470.59,29.1,8.46,4.94,0.13,0.08,99.9,29.5,9.656,101,98.2,442.24,80.42,1.58
Tilapia,22.4,9956,54.5,444.46,28.2,6.58,5.41,1.17,0.18,157.5,32.0,9.93,193,106.65,695.17,65.47,1.52
Pangasius,80.7,1823,68.7,22.59,30.4,6.71,7.22,0.12,0.82,106.7,25.2,3.018,219,160.64,240.75,82.21,1.3
Thai Koi,23.4,2382,33.2,101.79,25.7,6.82,5.12,0.25,0.35,169.4,30.8,2.009,148,62.05,133.14,90.08,1.59
Thai Koi,18.2,2603,76.6,143.02,29.1,7.29,4.96,0.94,0.83,74.9,31.0,2.991,214,161.63,330.65,78.59,1.62
Mrigal,22.3,4886,53.6,219.1,28.3,7.6,4.82,0.73,0.91,142.9,26.6,4.295,215,96.27,323.77,68.83,1.83
Mrigal,81.4,4424,8.4,54.35,24.4,6.67,5.15,0.64,0.97,77.3,31.9,0.858,238,16.15,52.31,73.19,1.73
Shing,76.3,2839,8.8,37.21,30.0,8.03,5.63,0.53,0.2,76.5,30.5,0.517,206,17.44,40.57,81.93,1.65
Mrigal,39.3,6905,38.6,175.7,25.2,7.9,4.32,0.21,0.47,81.2,28.3,4.531,108,58.43,334.6,82.94,1.72
Rohu,18.2,959,63.7,52.69,26.6,8.24,3.89,0.7,0.18,168.0,31.9,1.307,161,101.54,72.19,74.13,1.65
Rohu,76.2,5067,59.0,66.5,26.0,7.4,3.64,1.15,0.4,168.9,32.7,4.514,152,93.62,328.64,69.28,1.94
Pabda,69.7,6272,7.9,89.99,26.7,7.16,4.81,0.2,0.91,123.5,27.8,0.842,234,16.68,87.69,83.81,1.6
Thai Koi,51.9,6513,37.8,125.49,30.2,7.95,5.42,0.67,0.23,91.8,25.6,5.268,229,81.98,443.27,83.02,1.59
Magur,69.4,9293,61.0,133.9,26.0,7.93,6.56,0.33,0.71,107.8,29.3,9.297,164,110.85,846.79,82.2,1.62
Magur,76.5,3862,46.3,50.48,25.1,6.56,4.38,0.55,0.38,137.4,25.9,5.078,106,69.64,209.66,77.96,1.5
Koi,86.2,2500,58.7,29.0,27.4,7.63,6.73,0.64,0.13,125.2,28.7,2.979,144,105.94,227.07,85.74,1.41
Pabda,11.5,7421,18.9,645.3,27.1,6.53,5.0,0.19,0.64,162.0,34.6,2.244,215,35.75,193.22,72.82,1.73
Catla,95.4,8573,11.4,89.86,31.9,7.39,4.73,0.95,0.55,76.3,28.9,2.219,123,17.29,110.59,74.63,1.74
Catla,9.7,8975,12.7,925.26,25.9,6.58,6.67,0.81,0.94,154.9,31.1,2.325,115,17.09,94.98,61.94,1.91
Gulsha,62.0,6992,6.5,112.77,27.2,6.75,3.71,1.02,0.2,158.4,31.1,1.141,218,11.1,48.97,63.07,1.86
Common Carp,7.6,7541,74.6,992.24,27.3,7.9,6.07,0.85,0.7,164.2,26.5,9.957,225,142.81,757.63,70.35,1.87
Pangasius,48.4,6050,29.9,125.0,25.3,7.88,3.58,0.89,0.55,85.2,26.0,4.812,220,65.19,285.89,72.49,1.68
Koi,36.8,2093,30.8,56.88,26.4,7.86,6.08,1.16,0.28,153.2,33.6,1.128,160,54.26,84.75,74.62,1.54
Shing,37.1,3023,51.9,81.48,30.1,7.05,4.93,0.41,0.75,93.1,34.6,4.691,194,100.24,249.93,82.48,1.5
Mrigal,46.8,2475,33.4,52.88,28.0,7.79,3.65,0.92,0.04,147.5,27.1,1.91,105,48.5,89.4,74.48,1.74
Gulsha,6.6,6731,26.1,1019.85,31.1,6.79,4.5,0.29,0.84,141.9,27.5,3.988,140,41.1,197.11,71.25,1.9
Catla,51.6,5410,9.5,104.84,24.3,8.27,3.84,1.16,0.95,137.3,29.4,0.879,121,12.73,41.31,60,1.92
Tilapia,85.9,7546,33.9,87.85,29.1,8.47,7.32,0.24,0.86,141.2,34.2,4.988,220,76.11,459.04,79.93,1.43
Koi,64.5,6612,23.0,102.51,27.0,8.03,5.98,0.56,0.39,168.6,28.3,3.148,101,35.86,203.68,85.91,1.4
Pabda,54.3,1154,74.3,21.25,29.9,8.07,6.65,1.11,0.51,171.7,32.3,2.075,97,99.45,74.69,65.08,1.79
Pangasius,68.4,6135,68.8,89.69,26.9,7.71,5.99,0.17,0.82,81.9,33.4,6.753,136,132.5,693.06,85.26,1.33
Pabda,84.0,8565,5.6,101.96,30.9,6.98,5.59,0.25,0.37,150.8,33.6,0.935,129,9.11,68.99,88.41,1.57
Pangasius,44.0,9728,79.1,221.09,30.9,8.24,5.12,0.93,0.78,137.0,31.3,16.852,164,135.44,888.2,67.41,1.54
Pabda,93.1,1839,73.5,19.75,27.6,8.32,3.64,0.73,0.27,121.7,29.8,2.636,235,148.53,193.39,70.8,1.67
Silver Carp,18.3,1861,64.4,101.69,24.7,8.47,7.45,0.11,0.94,152.0,29.3,2.876,109,91.93,135.48,79.19,1.73
Silver Carp,36.7,9521,10.6,259.43,28.9,7.96,5.26,0.72,0.3,127.4,26.9,2.543,194,17.83,131.34,77.36,1.91
Pabda,74.8,9198,42.0,122.97,29.8,6.81,4.21,0.07,0.86,111.5,29.4,9.31,123,67.67,502.93,80.8,1.54
Pabda,97.7,1761,45.9,18.02,27.6,7.5,5.38,0.76,0.67,128.5,34.2,1.972,240,91.43,123.8,76.89,1.8
Shing,87.2,4960,43.3,56.88,25.1,7.24,5.12,0.66,0.6,142.2,29.0,5.477,154,75.92,281.98,74.88,1.79
Pangasius,82.1,1217,56.2,14.82,31.3,8.32,7.41,0.15,0.32,89.5,25.2,1.518,105,97.04,106.07,89.82,1.43
Pabda,49.1,4908,74.8,99.96,30.5,8.06,7.03,0.98,0.48,122.0,27.7,9.729,96,108.05,434.47,81.93,1.73
Rohu,35.3,5340,29.9,151.27,30.3,7.12,5.51,0.64,0.07,101.5,32.0,4.63,237,54.84,224.08,76.52,1.69
Thai Koi,98.6,4104,54.7,41.62,27.1,7.64,5.86,0.46,0.68,82.2,25.8,5.882,164,100.58,354.83,85.96,1.54
Thai Koi,61.4,6654,6.0,108.37,27.9,8.03,5.16,0.49,0.34,175.9,32.6,0.715,102,9.99,62.11,93.42,1.42
Gulsha,17.7,395,67.3,22.32,31.6,7.3,3.97,0.17,0.93,122.6,26.7,0.728,111,101.14,30.14,75.44,1.64
Pabda,9.9,9846,51.8,994.55,24.9,6.86,7.13,0.08,0.75,167.3,33.9,11.782,140,82.67,613.08,75.32,1.83
Catla,8.0,4980,49.5,622.5,26.3,8.19,5.54,0.89,0.83,100.7,27.2,6.779,129,68.59,232.47,68.06,1.94
Thai Koi,71.7,3997,77.6,55.75,30.0,7.98,6.96,0.35,0.9,144.7,29.6,6.265,193,159.87,534.21,83.6,1.56
Mrigal,97.6,1018,65.8,10.43,30.4,7.55,4.16,0.4,0.79,166.0,31.0,1.889,203,119.19,101.75,83.86,1.77
Shing,27.9,4551,76.1,163.12,24.1,7.35,4.38,0.32,0.93,135.5,33.2,10.321,200,144.91,499.91,75.8,1.67
Common Carp,99.0,8557,72.7,86.43,30.1,6.59,7.2,1.17,0.95,71.9,25.5,16.299,128,99.98,540.71,63.2,1.84
Pabda,89.2,8234,73.8,92.31,30.9,6.74,4.43,0.97,0.22,96.6,33.2,13.551,99,102.84,665.55,78.6,1.72
Pabda,80.0,1910,56.7,23.88,29.5,7.18,7.33,0.74,0.92,151.7,30.2,2.783,204,109.91,154.85,73.76,1.76
Catla,43.9,9516,72.5,216.77,24.3,7.94,4.47,1.07,0.69,103.1,33.8,13.453,173,107.35,612.92,60,1.75
Catla,52.7,6982,76.6,132.49,26.3,6.63,6.79,1.07,0.68,89.5,26.6,10.91,154,110.83,485.57,62.75,1.73
Rohu,28.8,5885,57.9,204.34,31.0,8.28,5.52,0.88,0.78,172.0,30.2,7.292,98,75.3,285.23,64.37,1.79
Gulsha,53.9,2808,72.5,52.1,26.7,8.36,4.64,0.25,0.86,122.9,26.2,6.046,170,127.25,279.6,78.25,1.65
Silver Carp,45.5,5227,78.3,114.88,24.5,8.3,5.21,0.89,0.92,104.4,32.1,8.554,144,116.39,429.13,70.54,1.86
Tilapia,14.9,9801,11.4,657.79,26.0,6.68,6.4,0.21,0.05,127.9,29.4,2.95,203,24.43,197.99,82.69,1.24
Common Carp,64.8,4770,56.3,73.61,31.4,7.91,7.06,0.3,0.79,76.4,34.7,5.935,107,86.62,349.4,84.57,1.47
Pabda,81.3,9023,76.1,110.98,28.9,6.59,4.62,0.92,0.27,111.2,26.1,13.802,220,145.5,1049.77,79.96,1.47
Common Carp,9.0,4482,35.3,498.0,29.2,8.4,3.62,0.69,0.15,160.5,27.8,3.449,165,54.02,152.33,62.92,1.86
Common Carp,48.8,4071,20.5,83.42,31.6,7.88,6.72,0.5,0.76,71.5,34.6,2.395,150,33.74,116.66,84.92,1.5
Catla,83.5,8252,25.2,98.83,30.5,6.75,7.03,1.05,0.34,77.6,31.2,5.947,167,38.13,213.49,67.85,1.78
Pabda,74.6,4095,32.8,54.89,31.7,7.11,5.26,0.82,0.78,148.3,33.4,2.834,111,48.86,150.24,75.09,1.66
Common Carp,69.5,5003,28.1,71.99,29.1,7.72,6.49,0.07,0.11,160.9,25.8,3.458,178,55.71,254.73,91.39,1.61
Thai Koi,33.1,8958,36.1,270.63,30.6,7.76,6.21,0.69,0.53,168.1,33.0,5.465,136,59.31,371.45,69.91,1.59
Mrigal,54.9,7816,13.8,142.37,30.9,7.21,4.29,0.36,0.48,149.0,28.7,2.103,91,19.54,137.5,90.05,1.53
Magur,69.1,4082,6.7,59.07,24.8,7.06,5.77,0.06,0.95,119.5,31.0,0.632,195,13.11,44.1,82.44,1.46
Catla,23.9,7380,10.8,308.79,26.2,8.23,4.82,0.56,0.88,159.6,29.9,1.482,152,16.45,78.26,64.47,1.77
Pangasius,10.9,3570,20.7,327.52,30.3,7.65,4.66,0.14,0.53,77.0,30.9,2.054,182,41.8,118.25,79.25,1.6
Shing,41.8,6663,45.8,159.4,31.0,7.83,5.98,0.88,0.17,76.7,34.7,5.127,132,74.7,385.24,77.4,1.79
Koi,81.8,9825,30.8,120.11,28.3,7.0,4.62,0.99,0.54,88.4,27.0,8.352,154,55.23,427.6,78.8,1.64
Tilapia,32.4,5595,66.6,172.69,24.1,8.19,6.56,0.89,0.4,80.7,25.3,6.409,124,112.84,489.37,77.51,1.51
Gulsha,46.2,3245,12.9,70.24,28.1,6.61,4.77,0.35,0.49,84.7,28.3,1.009,134,20.98,57.3,84.15,1.62
Rohu,62.5,9364,24.4,149.82,26.1,8.09,6.53,0.14,0.32,97.5,34.4,6.352,93,36.19,307.25,90.66,1.51
Tilapia,62.4,6946,50.2,111.31,27.7,7.2,5.19,0.91,0.11,148.5,29.5,10.356,191,111.44,666.8,86.14,1.3
Tilapia,62.9,7242,40.8,115.14,25.0,6.62,4.29,1.09,0.63,136.5,26.8,5.703,162,71.28,337.02,65.29,1.43
Thai Koi,100.0,8133,71.7,81.33,31.7,8.28,4.62,1.14,0.38,165.4,33.0,14.812,155,118.7,699.52,72.46,1.55
Pangasius,90.0,2689,43.3,29.88,28.6,7.54,6.22,0.54,0.47,179.8,29.2,3.097,180,91.1,204.73,83.57,1.56
Common Carp,19.4,990,27.2,51.03,29.5,8.03,6.45,0.84,0.57,152.7,33.2,0.498,115,41.75,32.32,78.2,1.6
Pangasius,9.4,9094,18.6,967.45,24.1,8.3,5.81,0.89,0.75,154.8,25.6,2.757,170,33.5,202.71,66.54,1.72
Thai Koi,46.8,9561,10.2,204.29,32.0,7.21,3.6,0.77,0.42,145.2,31.9,1.59,229,21.4,139.2,68.04,1.55
Rohu,70.8,7645,18.8,107.98,24.5,6.92,3.74,1.08,0.46,177.2,29.5,2.328,183,31.41,166.74,69.43,1.87
Tilapia,10.3,8940,53.0,867.96,24.3,7.03,4.28,0.09,0.21,129.8,34.5,11.419,155,105.47,829.84,88.01,1.4
Koi,83.8,8769,72.9,104.64,27.5,8.44,6.58,0.94,0.19,148.4,28.9,15.278,191,145.29,1031.7,80.98,1.6
Rohu,64.8,449,30.5,6.93,30.8,6.55,5.51,0.32,0.94,152.1,33.3,0.244,100,43.17,15.31,78.98,1.59
Catla,44.5,8704,73.4,195.6,25.7,8.29,7.09,0.29,0.84,180.0,33.3,9.903,170,113.6,689.57,69.74,1.88
Pabda,68.4,8990,56.5,131.43,26.0,7.9,4.62,0.09,0.92,97.3,32.0,14.273,229,113.7,847.86,82.95,1.65
Thai Koi,82.3,3215,65.4,39.06,30.8,8.3,3.95,1.17,0.73,149.0,32.4,4.626,201,116.89,225.48,60,1.68
Pabda,33.1,385,9.9,11.63,24.1,7.44,4.52,1.18,0.92,140.2,29.9,0.082,238,19.31,4.9,65.98,1.7
Gulsha,19.2,6092,18.6,317.29,30.8,7.73,6.24,0.68,0.62,163.6,31.0,2.096,92,25.71,107.36,68.56,1.64
Common Carp,37.2,8185,53.6,220.03,27.7,7.34,6.44,0.91,0.86,168.1,33.9,6.712,143,83.47,467.72,68.46,1.87
Koi,35.8,9727,41.8,271.7,27.9,7.8,4.02,0.99,0.28,173.1,29.1,9.108,172,80.26,606.08,77.63,1.65
Mrigal,9.5,8671,75.8,912.74,30.9,8.06,4.63,0.99,0.96,124.5,25.2,15.577,100,101.18,607.39,69.23,1.71
Mrigal,54.6,5432,29.0,99.49,31.8,7.26,3.82,0.07,0.83,158.0,29.5,2.394,130,42.47,179.21,77.68,1.88
Pangasius,33.8,8992,66.3,266.04,24.1,8.33,6.45,1.12,0.98,99.4,32.9,11.983,101,92.6,499.58,60,1.71
Silver Carp,51.9,4059,71.6,78.21,25.1,7.3,4.18,0.73,0.93,128.5,28.6,5.406,202,129.07,404.48,77.21,1.81
Silver Carp,42.9,7884,22.0,183.78,30.1,7.56,5.91,0.89,0.67,83.8,31.7,4.458,197,37.13,203.41,69.48,1.79
Tilapia,5.8,7036,45.3,1213.1,24.6,6.82,4.35,0.27,0.23,113.7,31.8,7.777,172,93.39,575.12,87.53,1.37
Common Carp,79.9,6151,63.3,76.98,31.9,7.74,4.0,0.49,0.42,107.5,29.7,7.592,176,114.48,654.04,92.88,1.69
Magur,48.1,4207,5.5,87.46,30.0,7.17,5.58,0.34,0.36,145.9,25.7,0.659,133,9.83,38.07,92.05,1.41
Common Carp,72.7,6323,33.2,86.97,25.8,7.24,6.06,0.77,0.52,133.1,27.8,5.563,210,64.98,307.79,74.91,1.85
Shing,12.7,5806,72.9,457.17,31.0,8.0,3.7,0.36,0.11,118.9,25.2,8.507,229,147.07,643.75,75.39,1.76
Pangasius,10.4,7598,19.8,730.58,27.7,6.53,7.06,0.26,0.47,174.3,29.9,2.828,92,29.42,178.05,79.64,1.41
Shing,40.4,3086,43.4,76.39,29.6,7.85,5.83,0.18,0.62,162.2,33.7,3.804,127,68.88,178.33,83.89,1.42
Magur,63.9,4495,65.4,70.34,26.6,8.16,5.02,0.79,0.74,147.8,27.3,5.909,133,107.6,375.62,77.66,1.58
Magur,81.2,9634,29.9,118.65,26.8,8.35,5.43,1.15,0.04,139.1,31.8,7.115,101,43.13,290.13,69.82,1.74
Gulsha,32.7,6601,49.4,201.87,30.2,6.65,3.63,1.04,0.56,73.0,28.9,7.989,223,83.44,330.46,60,1.75
Pabda,39.8,7919,42.1,198.97,26.9,7.8,4.55,0.75,0.09,129.7,29.0,8.701,160,73.63,440.04,75.47,1.68
Rohu,22.0,8005,24.6,363.86,30.5,6.52,5.66,0.91,0.29,167.3,29.9,4.411,174,39.26,233.77,74.39,1.74
Pangasius,37.9,304,71.1,8.02,29.1,7.57,5.3,0.45,0.47,125.9,30.9,0.545,191,166.64,46.96,92.7,1.39
Pangasius,87.1,7044,50.4,80.87,30.3,7.47,6.01,0.42,0.32,76.6,32.4,9.621,154,105.21,692.03,93.38,1.52
Mrigal,26.3,1351,27.9,51.37,25.0,7.65,4.29,0.33,0.65,120.4,31.4,0.867,120,40.8,46.02,83.5,1.65
Gulsha,39.4,9074,50.1,230.3,24.9,7.57,6.31,0.5,0.33,119.5,25.9,7.683,238,102.01,765.7,82.72,1.49
Mrigal,35.3,5674,13.4,160.74,27.7,8.18,6.08,0.88,0.61,118.2,31.8,2.114,110,17.96,71.7,70.36,1.8
Thai Koi,32.0,6632,7.3,207.25,27.7,7.23,6.93,1.09,0.5,175.0,31.0,1.123,146,11.44,50.31,66.33,1.55
Koi,23.6,3334,7.1,141.27,28.6,7.42,6.56,0.13,0.06,152.9,25.5,0.552,92,10.56,32.11,91.18,1.62
Catla,74.7,326,19.9,4.36,28.0,8.16,5.62,0.17,0.1,123.8,32.2,0.182,131,32.49,9.69,91.53,1.84
Shing,89.9,6210,42.9,69.08,28.4,8.34,4.56,0.57,0.18,87.9,28.7,7.193,225,84.32,405.19,77.38,1.47
Pabda,69.1,5320,45.8,76.99,26.8,6.74,3.65,0.48,0.29,102.7,28.7,3.898,104,69.18,289.35,78.62,1.64
Common Carp,62.6,8551,37.6,136.6,24.4,8.15,6.02,0.73,0.9,150.4,26.4,7.234,123,58.91,387.4,76.91,1.77
Catla,96.5,3859,70.6,39.99,25.8,8.14,7.48,0.05,0.64,111.3,26.8,4.168,197,135.58,432.27,82.62,1.73
Gulsha,66.3,347,25.1,5.23,31.7,6.81,7.16,0.51,0.89,157.3,29.1,0.194,170,42.16,11.08,75.74,1.65
Thai Koi,9.0,3510,60.2,390.0,28.0,6.59,4.58,0.97,0.54,170.2,32.3,6.001,199,114.1,263.0,65.67,1.56
Mrigal,92.5,6780,54.2,73.3,24.8,6.73,6.82,0.83,0.75,113.1,34.1,6.357,210,96.27,478.83,73.36,1.86
Catla,19.0,4365,69.1,229.74,31.8,7.66,3.72,1.12,0.56,73.8,32.7,8.476,117,94.07,246.38,60,1.86
Rohu,10.5,2247,50.0,214.0,25.4,8.12,4.55,0.24,0.42,90.9,27.4,2.91,142,78.34,146.63,83.3,1.61
Shing,89.6,8987,49.5,100.3,29.4,7.55,6.61,0.94,0.86,101.8,30.3,13.301,108,74.12,501.05,75.22,1.7
Magur,23.8,1387,79.1,58.28,27.6,7.76,7.5,0.83,0.88,156.2,26.1,2.359,202,145.73,155.37,76.87,1.67
Pabda,43.4,6384,52.9,147.1,25.2,8.09,3.75,0.88,0.71,136.5,28.2,5.302,159,82.15,349.69,66.68,1.8
Catla,62.7,2446,59.7,39.01,29.6,6.86,4.01,0.09,0.08,115.5,25.7,3.84,230,122.14,273.25,91.46,1.68
Mrigal,68.2,1488,22.3,21.82,30.9,7.44,4.17,0.67,0.26,159.4,30.4,0.986,99,31.01,37.94,82.23,1.57
Catla,20.5,6179,13.1,301.41,28.8,7.19,3.58,0.95,0.19,126.3,25.9,1.538,210,23.16,95.7,66.88,1.92
Pangasius,30.0,529,59.5,17.63,29.9,6.52,7.12,1.12,0.19,123.5,27.7,0.762,219,131.57,49.37,70.93,1.46
Magur,21.5,3681,51.6,171.21,29.1,8.18,4.84,0.48,0.11,161.7,26.8,5.242,148,86.34,262.07,82.46,1.68
Shing,14.1,3152,62.9,223.55,31.6,8.08,5.15,0.5,0.38,155.7,33.6,5.036,152,115.08,301.5,83.12,1.6
Gulsha,82.5,6789,58.1,82.29,30.2,7.76,5.55,1.07,0.09,153.2,31.5,8.283,149,96.31,472.2,72.22,1.87
Magur,8.4,9577,29.3,1140.12,28.6,7.4,6.7,0.84,0.52,100.1,33.1,6.061,239,60.8,401.9,69.02,1.72
Rohu,38.8,1864,79.1,48.04,26.9,6.95,6.64,0.17,0.54,103.8,25.6,2.389,181,136.4,216.57,85.18,1.71
Pabda,44.1,8479,43.1,192.27,31.2,7.73,7.41,0.82,0.85,114.4,33.6,6.395,213,75.02,422.69,66.45,1.72
Silver Carp,46.1,2697,61.4,58.5,24.7,7.39,3.58,0.91,0.66,163.9,29.2,2.765,224,108.43,201.17,68.79,1.92
Pabda,8.8,6613,22.2,751.48,31.3,7.5,6.48,1.17,0.75,159.4,34.9,3.127,208,37.18,147.51,60,1.61
Thai Koi,90.1,5733,65.0,63.63,24.1,8.46,5.21,1.06,0.3,117.6,32.2,6.67,134,99.44,393.52,69.03,1.65
Catla,63.0,4784,17.6,75.94,24.7,7.89,5.84,0.4,0.14,88.2,30.4,2.433,177,30.79,133.78,90.81,1.83
Thai Koi,60.7,7164,68.7,118.02,27.2,6.89,6.63,0.83,0.19,95.7,34.7,11.566,167,136.65,825.88,84.36,1.35
Koi,19.7,7538,71.3,382.64,31.4,7.23,6.25,0.82,0.88,171.4,25.6,14.243,199,133.0,714.9,71.31,1.7
Mrigal,88.0,1008,56.1,11.45,27.8,7.84,5.74,0.32,0.53,172.4,31.2,1.255,149,95.18,78.89,82.22,1.71
Mrigal,70.1,9221,35.2,131.54,27.0,8.45,5.93,0.3,0.86,98.8,26.0,4.901,207,62.13,464.6,81.09,1.67
Mrigal,31.1,4232,7.8,136.08,27.0,7.99,6.09,0.27,0.48,86.1,26.3,0.67,105,11.76,45.33,91.06,1.65
Catla,60.8,1618,61.0,26.61,28.4,8.11,3.92,0.54,0.03,140.4,31.9,1.994,153,97.51,117.45,74.44,1.7
Tilapia,19.0,6930,8.4,364.74,28.9,7.9,7.05,1.06,0.77,121.0,26.9,0.984,228,16.92,73.96,63.08,1.45
Pabda,59.1,1363,18.6,23.06,29.1,6.98,5.83,0.9,0.66,79.2,30.2,0.715,111,27.3,28.29,76.02,1.84
Tilapia,74.3,8037,55.0,108.17,29.9,6.82,4.98,0.46,0.18,125.3,28.6,9.371,113,95.66,716.82,93.24,1.48
Rohu,23.1,6656,26.7,288.14,26.6,7.73,5.84,1.08,0.26,168.6,30.9,3.928,191,43.69,198.7,68.33,1.84
Catla,13.5,9528,33.3,705.78,28.8,6.6,6.5,1.05,0.51,132.0,30.7,8.503,188,50.6,289.27,60,1.99
Pangasius,56.4,1062,18.4,18.83,27.7,7.1,3.84,0.99,0.91,104.7,25.4,0.41,174,35.63,26.4,69.78,1.48
Silver Carp,34.0,4101,64.7,120.62,29.8,6.62,5.16,0.71,0.27,167.6,26.2,5.89,163,103.44,333.82,78.69,1.79
Pangasius,76.0,5649,46.5,74.33,26.4,7.97,5.97,0.81,0.37,119.2,25.2,6.672,130,82.41,402.02,86.36,1.43
Tilapia,45.4,7777,42.5,171.3,28.0,8.37,4.64,1.11,0.86,134.4,33.6,5.883,185,75.86,353.98,60,1.42
Tilapia,30.4,8505,57.9,279.77,30.3,7.62,5.67,0.99,0.21,179.3,27.8,14.724,110,94.26,628.94,78.45,1.5
Rohu,21.9,4564,48.5,208.4,29.7,7.44,4.33,0.13,0.83,171.7,30.4,6.618,176,81.12,281.45,76.02,1.84
Silver Carp,31.1,466,27.0,14.98,26.7,7.9,5.1,1.16,0.89,105.7,26.4,0.307,105,34.82,10.95,67.49,1.93
Magur,92.0,3159,39.6,34.34,28.9,6.74,5.87,0.51,0.11,172.5,28.9,2.927,137,66.73,163.31,77.47,1.6
Pabda,80.7,676,31.8,8.38,24.5,6.66,6.26,0.57,0.56,129.0,31.6,0.355,240,60.46,28.77,70.39,1.79
Rohu,6.3,9933,64.5,1576.67,25.9,7.0,6.48,0.69,0.04,156.0,30.6,15.312,227,125.95,950.03,75.94,1.89
Shing,37.7,3577,38.2,94.88,29.5,7.68,7.38,1.06,0.96,170.1,27.2,3.908,204,70.34,173.13,68.81,1.69
Pabda,54.4,4343,28.2,79.83,25.0,7.92,7.2,1.19,0.29,82.4,27.4,3.527,139,46.44,145.62,72.2,1.88
Common Carp,41.0,2484,34.9,60.59,25.7,7.39,5.51,0.17,0.45,176.0,26.6,2.063,201,72.84,161.53,89.27,1.71
Gulsha,57.0,4597,12.4,80.65,26.1,8.14,5.54,0.14,0.79,162.5,33.0,1.664,222,24.79,93.53,82.08,1.65
Thai Koi,96.5,1163,27.3,12.05,25.0,8.42,5.74,0.54,0.7,98.5,26.0,0.759,194,50.26,43.05,73.65,1.76
Mrigal,66.3,7150,42.7,107.84,26.7,7.51,6.13,0.47,0.2,144.9,26.4,9.068,154,70.95,454.76,89.65,1.64
Rohu,50.9,8180,78.8,160.71,25.8,7.54,4.44,0.64,0.11,123.8,26.6,19.08,208,143.89,890.3,75.64,1.71
Common Carp,67.9,7536,35.5,110.99,28.5,7.31,5.01,0.38,0.17,75.7,30.0,4.173,220,77.53,530.82,90.85,1.45
Gulsha,73.9,8238,6.5,111.47,28.5,7.47,5.15,0.57,0.43,144.4,25.6,0.921,191,11.73,81.18,83.98,1.53
Thai Koi,73.6,5240,31.7,71.2,24.3,7.07,4.37,0.19,0.75,152.2,32.6,3.571,220,66.85,297.56,84.95,1.45
Magur,91.9,7389,71.7,80.4,24.8,8.29,5.27,0.09,0.61,124.4,25.8,15.417,229,142.07,824.47,78.54,1.66
Pangasius,32.9,6171,12.5,187.57,27.3,8.39,5.87,0.39,0.7,148.2,28.6,2.191,167,22.91,103.95,73.54,1.47
Common Carp,62.1,9300,64.9,149.76,28.3,6.72,4.72,0.96,0.65,113.7,32.1,11.468,217,124.75,811.06,69.91,1.69
Common Carp,7.6,5415,43.5,712.5,25.4,6.68,6.79,0.08,0.23,104.8,31.5,5.3,163,77.02,328.4,78.74,1.7
Mrigal,64.9,1274,75.1,19.63,30.0,7.37,4.41,0.73,0.86,138.1,28.7,1.569,238,136.86,133.79,76.73,1.79
Common Carp,86.5,5461,24.9,63.13,31.2,7.19,5.8,0.63,0.94,171.9,26.5,2.611,95,33.48,142.52,77.96,1.67
Koi,24.1,5814,66.4,241.24,25.8,7.44,5.68,0.1,0.54,130.4,27.7,10.887,97,99.82,439.62,75.75,1.67
Thai Koi,75.6,7180,25.0,94.97,30.8,8.46,7.38,0.85,0.68,179.0,30.8,5.385,107,36.92,189.15,71.36,1.5
Tilapia,38.6,4814,41.0,124.72,30.0,6.57,6.54,1.11,0.96,134.9,28.4,5.013,150,73.76,225.68,63.56,1.39
Mrigal,24.6,7857,37.8,319.39,24.9,8.45,4.3,1.08,0.97,107.0,33.9,8.227,117,48.01,226.32,60,1.65
Shing,39.4,8601,16.2,218.3,30.0,8.2,6.69,0.38,0.67,123.3,30.5,3.665,212,30.3,203.71,78.17,1.76
Rohu,14.3,9100,63.0,636.36,29.0,7.45,7.02,0.69,0.71,105.0,34.3,10.377,218,110.84,698.18,69.22,1.93
Gulsha,23.0,9783,14.0,425.35,30.4,7.84,3.77,0.24,0.61,81.0,29.6,2.397,98,19.08,126.03,67.52,1.76
Gulsha,41.5,5417,25.8,130.53,27.9,7.58,5.39,0.21,0.75,70.6,29.2,2.753,143,43.67,193.6,81.84,1.59
Gulsha,62.7,5937,37.9,94.69,27.4,6.63,5.22,0.69,0.75,88.4,26.9,4.298,200,64.79,275.25,71.56,1.89
Koi,59.9,1688,62.7,28.18,26.5,8.35,5.87,0.14,0.45,156.5,32.8,1.778,235,147.39,214.28,86.13,1.65
Catla,87.0,751,74.6,8.63,31.5,7.96,5.79,0.3,0.89,142.8,27.1,1.154,211,136.46,86.43,84.34,1.64
Magur,25.6,901,65.2,35.2,30.2,7.68,6.42,0.97,0.08,113.9,28.3,1.61,190,132.14,98.97,83.13,1.45
Pabda,85.2,331,57.8,3.88,31.8,6.91,6.75,0.17,0.38,98.4,25.1,0.329,191,112.21,33.88,91.22,1.62
Thai Koi,88.2,2973,69.2,33.71,29.2,6.94,6.93,0.56,0.14,130.2,26.1,3.333,126,116.11,297.8,86.27,1.58
Common Carp,94.6,2246,6.5,23.74,29.9,7.09,6.92,0.71,0.94,91.7,28.1,0.378,231,13.43,23.47,77.78,1.77
Pangasius,71.5,7687,21.8,107.51,24.6,7.08,3.91,0.98,0.26,103.8,34.7,3.653,221,48.05,292.59,79.22,1.71
Rohu,16.6,2407,71.7,145.0,27.6,8.48,6.74,1.1,0.19,121.6,30.4,4.297,164,116.37,194.36,69.39,1.82
Gulsha,22.4,1204,18.2,53.75,29.3,6.71,5.98,0.7,0.79,172.9,30.7,0.473,100,25.26,21.68,71.27,1.87
Pangasius,43.6,3143,15.6,72.09,31.3,7.24,7.03,0.4,0.85,174.7,27.7,0.77,130,29.27,78.9,85.76,1.48
Catla,48.9,5435,55.8,111.15,27.0,7.62,4.42,0.67,0.25,87.1,31.3,5.307,178,92.8,415.13,82.31,1.6
Koi,72.4,3490,14.8,48.2,28.6,7.45,6.97,0.94,0.16,167.4,26.3,0.847,130,24.02,70.61,84.23,1.41
Tilapia,37.9,3759,75.0,99.18,25.6,7.61,4.7,0.24,0.09,97.8,33.2,6.372,126,137.68,493.47,95.35,1.29
Pangasius,90.8,7661,44.1,84.37,24.2,7.62,4.14,0.27,0.27,75.2,31.4,8.852,177,99.7,716.56,93.82,1.42
Pabda,53.6,4621,10.6,86.21,31.2,7.85,5.43,0.74,0.94,82.6,26.7,1.043,149,17.32,59.55,74.41,1.89
Thai Koi,55.6,4599,39.3,82.72,29.7,7.22,7.43,0.15,0.61,155.8,25.6,3.163,185,79.73,304.7,83.1,1.61
Catla,93.9,6809,56.4,72.51,26.6,7.46,6.63,0.65,0.56,135.4,30.5,6.375,143,83.25,435.36,76.8,1.72
Pangasius,77.8,4243,55.8,54.54,25.6,7.74,5.66,0.96,0.52,79.6,29.7,5.256,225,125.35,424.43,79.8,1.47
Shing,41.9,3330,5.7,79.47,31.5,7.05,7.02,0.18,0.23,166.3,27.9,0.347,108,8.75,26.3,90.23,1.55
Koi,75.2,3883,78.3,51.64,28.8,8.42,4.17,1.19,0.53,97.3,32.5,7.297,232,156.87,396.78,65.14,1.71
Gulsha,96.2,1593,31.4,16.56,29.9,7.26,4.35,0.4,0.07,115.5,34.2,0.79,153,55.37,80.1,90.82,1.59
Mrigal,59.4,1304,59.0,21.95,29.3,7.22,6.33,0.48,0.57,104.9,32.8,2.223,174,100.96,108.12,82.13,1.72
Shing,20.5,8115,7.9,395.85,29.6,7.13,6.49,0.23,0.28,86.0,31.9,1.551,124,12.72,87.08,84.38,1.44
Koi,16.6,3415,44.2,205.72,27.3,7.18,4.27,0.61,0.29,177.9,28.3,4.226,149,80.29,208.61,76.08,1.52
Silver Carp,42.2,1197,24.9,28.36,31.7,7.34,5.64,0.19,0.52,171.5,29.9,0.769,226,50.09,49.78,83.03,1.8
Silver Carp,82.1,2561,29.6,31.19,30.1,8.43,5.37,0.18,0.35,82.5,25.5,1.418,136,49.15,106.46,84.57,1.66
Catla,56.3,7913,21.0,140.55,31.1,8.13,4.07,0.66,0.07,176.5,30.7,3.839,101,30.21,194.06,81.17,1.74
Gulsha,16.1,5930,69.8,368.32,27.3,6.8,3.56,0.8,0.57,80.7,33.6,11.755,145,106.5,378.94,60,1.6
Thai Koi,93.5,7131,77.9,76.27,30.1,6.75,5.88,0.73,0.24,155.3,29.9,15.054,93,117.88,664.82,79.09,1.38
Common Carp,58.1,5404,20.9,93.01,27.3,7.41,5.56,1.07,0.71,90.8,28.4,3.219,131,29.63,110.16,68.79,1.66
Mrigal,93.4,3974,65.0,42.55,29.5,6.83,5.85,1.11,0.2,90.6,27.5,4.598,93,86.58,251.99,73.24,1.65
Koi,76.9,7630,64.9,99.22,29.8,7.54,7.26,0.63,0.19,162.0,26.2,12.083,219,139.62,912.46,85.65,1.41
Catla,54.4,8718,54.7,160.26,26.4,7.85,5.15,0.27,0.1,156.2,26.4,10.396,206,100.48,728.44,83.16,1.71
Thai Koi,28.0,4929,12.0,176.04,26.2,6.51,6.84,0.27,0.13,174.1,30.0,0.958,111,19.34,75.59,79.29,1.43
Shing,49.3,6719,21.6,136.29,29.8,6.74,7.24,0.46,0.37,180.0,34.0,3.353,135,36.64,216.58,87.97,1.45
Catla,75.9,4389,46.2,57.83,29.8,7.06,3.83,1.02,0.79,161.3,25.9,5.008,123,63.45,168.88,60.64,1.8
Silver Carp,10.9,337,61.0,30.92,29.7,7.44,5.82,1.13,0.62,110.2,33.8,0.555,211,103.08,23.47,67.57,1.74
Pangasius,67.7,5019,15.9,74.14,29.5,8.2,3.88,0.22,0.64,145.1,26.7,1.62,100,24.56,94.44,76.63,1.49
Tilapia,50.8,6431,45.8,126.59,24.8,8.13,3.87,1.0,0.46,120.6,31.7,8.306,128,83.18,419.5,78.42,1.61
Shing,40.5,8930,43.6,220.49,31.8,8.46,6.03,0.2,0.92,135.1,34.3,11.603,139,72.04,469.28,72.95,1.67
Silver Carp,71.3,9885,58.7,138.64,24.1,8.23,5.71,0.72,0.45,86.3,27.8,8.82,140,94.58,722.6,77.29,1.74
Pangasius,21.8,8325,79.6,381.88,28.0,7.52,5.48,0.25,0.52,178.4,27.5,13.982,193,162.98,1054.52,77.72,1.65
Gulsha,31.9,6082,63.9,190.66,26.1,8.07,3.96,0.13,0.92,95.1,29.1,8.628,96,85.29,364.83,70.33,1.67
Catla,76.6,7584,46.3,99.01,26.9,7.85,5.26,0.28,0.93,146.9,33.7,5.267,183,83.5,524.75,82.86,1.64
Shing,76.3,2909,7.6,38.13,30.4,8.11,3.93,1.1,0.21,129.5,32.7,0.409,227,15.02,29.55,67.62,1.71
Mrigal,56.9,446,21.4,7.84,31.5,6.67,6.99,0.53,0.6,132.2,28.5,0.149,140,32.34,10.25,71.04,1.75
Pabda,63.4,1734,51.2,27.35,27.7,7.72,5.29,0.3,0.56,95.8,32.4,2.157,106,77.08,109.17,81.68,1.72
Koi,96.3,1567,5.1,16.27,25.7,8.1,7.0,0.79,0.84,99.6,28.7,0.205,105,7.75,9.6,79.09,1.56
Shing,24.2,4214,35.0,174.13,29.7,7.6,5.42,0.21,0.45,91.5,28.1,3.746,219,76.13,273.92,85.39,1.48
Catla,87.0,1271,13.8,14.61,28.3,7.25,7.44,1.09,0.79,146.9,32.1,0.365,238,25.51,22.03,67.95,1.72
Shing,35.8,1009,64.1,28.18,31.0,6.92,6.57,0.08,0.77,171.5,27.5,1.488,219,128.83,108.29,83.31,1.58
Magur,58.0,9698,32.2,167.21,28.4,8.0,5.53,0.52,0.36,70.8,28.0,7.869,239,69.9,514.42,75.88,1.83
Tilapia,91.1,4159,61.2,45.65,27.3,7.78,6.89,0.92,0.2,134.4,28.0,7.178,177,128.23,452.42,84.83,1.23
Shing,43.6,783,24.0,17.96,27.2,6.87,6.34,0.6,0.21,167.8,29.5,0.526,207,46.71,30.8,84.21,1.68
Catla,80.4,797,60.0,9.91,24.1,7.34,3.58,0.63,0.6,102.7,26.6,0.808,103,77.78,41.69,67.25,1.87
Mrigal,58.0,3501,57.4,60.36,30.9,7.4,7.13,0.55,0.06,83.9,33.0,5.747,205,111.73,334.87,85.61,1.72
Shing,95.5,7792,62.2,81.59,27.6,7.56,5.95,0.63,0.57,75.3,31.3,8.675,116,94.08,573.84,78.28,1.77
Gulsha,37.7,5393,13.3,143.05,29.4,7.72,6.32,0.79,0.59,122.0,26.5,1.757,205,23.81,98.41,76.64,1.76
Shing,51.7,5102,31.4,98.68,24.9,7.54,3.94,0.72,0.34,131.9,32.5,3.653,237,64.41,257.55,78.37,1.7
Magur,90.2,2834,21.8,31.42,25.0,7.78,4.67,0.17,0.05,156.2,31.0,1.52,113,34.02,88.78,92.09,1.46
Shing,52.2,3279,51.8,62.82,27.8,7.45,4.72,0.4,0.4,147.7,29.8,4.96,134,90.02,274.47,92.98,1.52
Rohu,86.3,9018,19.5,104.5,29.6,7.16,3.84,0.61,0.18,84.0,27.3,3.535,140,29.95,204.16,75.59,1.73
Common Carp,20.9,6095,24.2,291.63,29.6,7.69,3.75,0.12,0.67,176.5,29.1,3.245,208,41.68,173.46,68.28,1.69
Koi,26.3,9613,58.4,365.51,25.1,6.9,5.95,0.13,0.48,149.5,33.2,14.653,146,100.72,837.62,86.51,1.43
Gulsha,88.4,431,72.5,4.88,29.7,7.26,5.74,0.92,0.25,70.3,32.3,0.747,113,109.41,38.94,82.57,1.66
Magur,22.5,5445,59.6,242.0,26.0,7.24,6.86,0.69,0.97,159.8,33.0,8.6,185,102.79,381.75,68.21,1.61
Rohu,50.1,8589,53.7,171.44,24.6,7.84,6.08,1.09,0.6,106.4,25.0,7.287,219,86.86,447.65,60,1.8
Thai Koi,51.0,3267,79.7,64.06,24.4,7.87,6.83,0.86,0.62,95.6,27.4,5.494,111,117.14,297.25,77.67,1.55
Pangasius,49.2,1129,17.7,22.95,24.5,8.3,4.57,0.55,0.98,90.9,30.5,0.599,218,36.62,30.45,73.67,1.59
Shing,28.1,3258,45.3,115.94,30.9,8.38,4.53,0.35,0.93,104.6,25.5,2.361,93,66.33,172.4,79.78,1.7
Gulsha,84.2,4404,16.4,52.3,25.8,8.33,5.46,0.66,0.34,124.6,27.4,1.134,189,29.23,102.88,79.93,1.53
Pabda,59.9,391,20.0,6.53,24.0,8.32,4.38,0.7,0.91,116.3,29.2,0.145,231,38.44,10.8,71.88,1.64
Koi,96.1,3056,53.1,31.8,31.5,7.84,4.96,0.39,0.31,162.8,34.3,3.765,194,116.59,324.76,91.15,1.52
Koi,43.4,6997,7.7,161.22,24.3,7.63,5.64,1.09,0.71,102.4,32.4,1.557,123,11.81,49.59,60,1.66
Rohu,13.4,5072,45.0,378.51,28.0,7.1,4.9,0.31,0.83,154.0,25.9,4.2,211,83.84,320.5,75.37,1.8
Pabda,96.5,2936,8.5,30.42,26.0,8.26,4.67,0.64,0.55,158.4,25.8,0.674,209,16.26,34.28,71.8,1.88
Tilapia,9.0,3092,43.1,343.56,25.5,6.92,7.33,1.03,0.77,130.7,33.1,2.825,169,77.0,147.32,61.88,1.41
Shing,75.1,5130,39.6,68.31,28.4,7.34,4.12,0.65,0.18,92.9,26.0,4.733,189,73.13,312.39,83.27,1.65
Tilapia,28.1,6271,44.1,223.17,27.6,7.01,4.47,0.35,0.64,165.5,31.8,7.716,117,72.33,360.47,79.47,1.49
Silver Carp,77.0,7521,35.7,97.68,30.6,6.55,5.05,0.29,0.64,81.2,25.4,5.719,111,51.66,300.04,77.23,1.69
Silver Carp,40.4,2345,49.6,58.04,24.5,7.29,6.64,0.24,0.33,130.6,26.0,2.605,166,87.51,187.49,91.36,1.84
Magur,56.5,9937,33.0,175.88,25.3,7.01,4.73,0.2,0.58,125.7,26.1,5.903,157,56.74,425.71,75.5,1.8
Koi,28.8,8668,40.2,300.97,28.3,7.77,6.43,0.79,0.06,137.6,28.2,6.133,93,59.81,403.11,77.76,1.61
Magur,71.0,7763,15.1,109.34,31.7,8.32,3.78,0.96,0.84,120.7,28.2,3.27,211,27.44,133.86,62.85,1.55
Catla,67.6,1938,35.8,28.67,30.5,6.56,3.65,0.75,0.86,157.7,31.3,1.977,192,60.9,76.52,64.83,1.99
Rohu,90.8,6824,5.7,75.15,29.4,7.96,7.4,0.88,0.68,88.6,32.3,0.84,135,8.23,43.08,76.71,1.89
Pangasius,19.6,2900,15.2,147.96,24.8,6.76,6.19,1.03,0.56,156.3,32.7,0.719,149,25.98,47.83,63.49,1.69
Mrigal,50.9,2429,22.4,47.72,26.8,7.21,4.95,0.42,0.5,106.7,28.0,1.485,202,42.97,96.35,92.32,1.74
Catla,17.8,9881,75.1,555.11,24.6,8.4,5.46,0.17,0.45,146.4,27.3,16.696,208,134.09,1030.55,77.78,1.71
Magur,25.5,2940,44.1,115.29,30.3,7.63,4.17,1.08,0.45,132.2,30.3,1.971,194,78.57,171.56,74.27,1.74
Magur,19.9,8953,10.2,449.9,30.5,7.73,6.99,0.85,0.07,85.9,28.0,1.753,142,16.34,113.84,77.83,1.8
Tilapia,80.9,9441,68.0,116.7,29.1,6.62,6.68,0.11,0.2,135.8,27.2,19.195,225,172.67,1434.85,88.02,1.47
Koi,86.9,2375,56.9,27.33,31.9,8.27,4.02,0.57,0.65,99.2,30.4,3.189,134,90.1,153.24,71.61,1.73
Thai Koi,37.0,5681,56.3,153.54,28.7,6.62,5.77,0.69,0.03,180.0,26.5,8.38,233,114.65,466.61,71.64,1.66
Shing,40.6,6527,15.9,160.76,24.3,7.32,3.76,0.2,0.81,111.3,30.3,2.895,194,27.88,124.32,68.31,1.65
Common Carp,13.0,6317,17.9,485.92,31.5,6.72,3.86,0.37,0.7,144.7,34.0,2.567,143,25.72,106.25,65.4,1.71
Catla,61.9,4354,69.3,70.34,28.4,7.07,6.86,1.09,0.21,74.8,26.7,6.91,127,98.18,312.36,73.07,1.92
Mrigal,97.4,8703,44.3,89.35,29.8,8.48,3.73,0.8,0.95,112.6,33.9,7.171,127,65.74,362.9,63.43,1.93
Koi,9.9,3725,66.8,376.26,32.0,8.26,6.5,0.2,0.89,173.5,31.9,7.266,237,133.47,364.38,73.29,1.5
Common Carp,18.1,7171,5.4,396.19,25.4,6.78,6.88,0.87,0.04,151.0,25.8,0.991,203,9.59,48.38,70.33,1.8
Gulsha,75.7,7077,47.1,93.49,29.4,7.83,4.66,0.73,0.41,82.9,30.2,9.033,113,70.51,410.02,82.17,1.48
Gulsha,34.1,412,42.2,12.08,30.9,7.66,6.72,0.89,0.74,137.8,28.3,0.285,213,81.55,25.92,77.15,1.87
Mrigal,41.4,4495,9.1,108.57,24.5,6.75,6.06,0.44,0.4,121.7,28.3,0.978,118,13.84,52.65,84.6,1.61
Pangasius,60.5,6943,74.1,114.76,25.4,7.57,4.38,0.51,0.91,107.9,25.1,14.663,174,153.03,849.9,79.99,1.66
Common Carp,13.0,7618,15.4,586.0,26.8,7.02,7.31,1.11,0.46,92.1,29.4,3.508,96,21.08,106.42,66.27,1.81
Rohu,62.3,5565,12.5,89.33,24.2,6.61,5.53,0.52,0.2,170.9,34.3,1.934,155,20.53,90.18,78.94,1.51
Shing,68.8,9667,63.7,140.51,31.6,6.64,3.86,1.02,0.46,97.0,33.1,12.5,190,112.64,695.9,63.91,1.67
Shing,72.0,6957,21.7,96.62,26.2,6.9,3.7,0.1,0.24,143.4,32.7,2.4,120,35.96,213.77,85.45,1.53
Gulsha,5.2,4009,53.4,770.96,30.3,7.29,3.85,0.72,0.78,169.0,25.1,4.56,105,69.13,166.29,60,1.88
Tilapia,97.7,1716,66.3,17.56,24.6,7.5,4.41,0.07,0.43,87.4,29.3,1.832,194,149.69,242.85,94.54,1.24
Gulsha,21.0,6368,11.0,303.24,29.3,7.69,3.91,0.65,0.69,147.5,34.5,1.219,90,13.92,54.02,60.94,1.75
Silver Carp,56.5,6507,35.2,115.17,26.3,7.45,5.59,1.16,0.2,175.2,30.0,5.428,98,46.58,221.66,73.14,1.96
Rohu,96.8,2471,36.0,25.53,30.0,8.03,6.69,0.11,0.97,140.8,31.9,2.473,206,68.35,145.24,86.0,1.51
Gulsha,99.9,7420,77.9,74.27,31.8,7.08,3.5,0.26,0.78,159.3,28.8,12.254,108,109.5,598.23,73.63,1.69
Tilapia,53.5,679,53.2,12.69,31.5,7.01,4.68,0.12,0.44,164.7,33.1,1.044,224,137.06,86.04,92.45,1.21
Catla,28.8,527,6.3,18.3,29.9,7.33,7.3,0.31,0.3,99.4,30.1,0.073,182,11.84,5.58,89.34,1.58
Magur,41.6,809,15.8,19.45,27.0,7.86,4.98,0.07,0.64,91.1,27.8,0.248,162,28.73,19.76,85.03,1.43
Tilapia,19.8,8874,71.9,448.18,27.4,8.31,5.38,0.7,0.08,118.3,33.1,14.42,178,147.1,987.67,75.66,1.37
Pangasius,62.9,3584,20.3,56.98,27.3,7.77,6.69,1.19,0.34,171.2,31.1,2.001,223,44.15,119.28,75.39,1.66
Catla,39.4,6481,13.0,164.49,25.7,7.92,5.71,1.08,0.54,142.5,29.5,2.157,118,16.93,65.85,60,1.77
Shing,63.5,9075,74.8,142.91,29.6,7.86,7.3,0.78,0.34,153.5,30.9,19.414,134,130.24,1001.55,84.74,1.4
Silver Carp,71.6,9836,38.5,137.37,26.5,6.58,5.4,0.57,0.76,102.9,29.0,9.391,157,62.44,432.79,70.47,1.95
Pabda,54.1,2448,52.9,45.25,25.1,8.14,4.82,0.4,0.32,126.9,28.3,3.484,195,108.45,241.61,91.01,1.48
Mrigal,77.2,5715,56.6,74.03,28.4,7.94,5.24,1.17,0.27,144.5,30.8,6.308,109,81.38,344.17,74.0,1.79
Pabda,68.0,9493,72.2,139.6,25.4,7.48,7.13,0.38,0.73,97.9,33.5,17.957,208,141.56,1108.01,82.45,1.53
Gulsha,28.7,8665,52.6,301.92,30.8,8.34,3.88,1.15,0.19,140.4,25.9,12.899,118,72.75,378.21,60,1.81
Silver Carp,86.8,9216,52.5,106.18,26.3,7.67,4.28,0.76,0.93,71.7,29.5,7.693,200,93.02,657.08,76.65,1.81
Pangasius,69.1,5043,24.1,72.98,30.7,7.76,5.83,0.42,0.31,146.6,32.4,3.002,174,52.73,250.59,94.23,1.48
Koi,67.1,8764,21.6,130.61,30.2,6.76,6.26,0.2,0.36,169.7,29.8,4.619,228,46.54,354.2,86.83,1.54
Silver Carp,62.8,5354,49.8,85.25,30.2,8.08,4.53,1.17,0.22,108.6,31.9,5.119,179,80.22,314.74,73.28,1.85
Common Carp,81.5,9984,32.2,122.5,30.2,7.61,7.01,0.09,0.03,123.9,32.9,6.301,132,54.9,500.45,91.31,1.73
Pangasius,85.9,1593,66.3,18.54,29.5,6.65,7.22,0.11,0.31,170.6,30.2,2.788,128,115.13,159.09,86.75,1.39
Magur,81.7,1256,50.7,15.37,25.6,7.22,5.86,0.6,0.82,129.9,25.5,1.834,185,95.24,93.38,78.06,1.8
Pangasius,22.2,1794,61.2,80.81,27.9,7.96,6.8,0.99,0.15,168.3,27.6,3.052,149,118.53,181.16,85.19,1.43
Mrigal,6.9,3026,67.1,438.55,24.6,6.54,3.52,0.1,0.47,90.6,34.7,3.716,207,113.64,249.71,72.62,1.82
Silver Carp,11.8,8989,32.3,761.78,26.4,7.02,5.41,0.12,0.86,170.0,34.8,5.371,105,46.81,319.15,75.85,1.74
Magur,98.8,2187,25.6,22.14,25.8,7.98,6.11,0.69,0.32,85.2,26.0,1.282,160,47.21,88.36,85.58,1.59
Mrigal,5.3,8018,20.8,1512.83,24.6,7.78,7.15,0.57,0.74,101.0,27.4,3.386,195,34.44,186.67,67.6,1.81
Thai Koi,45.1,8483,35.2,188.09,24.5,6.73,6.13,0.15,0.13,70.4,31.4,8.391,237,78.55,533.71,80.1,1.53
Mrigal,88.4,3015,39.3,34.11,31.0,6.99,5.15,0.81,0.29,136.8,29.4,3.389,152,62.81,159.97,84.47,1.68
Shing,29.7,5783,11.3,194.71,29.4,7.0,5.97,0.62,0.29,115.0,30.7,1.47,91,16.59,75.02,78.21,1.62
Common Carp,23.5,7635,28.9,324.89,29.5,7.46,4.02,0.38,0.26,79.5,28.2,5.869,186,52.45,327.95,81.9,1.55
Shing,43.4,1420,61.0,32.72,31.1,8.0,4.98,0.38,0.96,137.0,27.9,2.434,103,87.88,103.28,82.76,1.43
Gulsha,28.7,3793,25.1,132.16,30.6,7.95,5.31,0.43,0.09,159.8,27.7,1.961,155,44.95,156.58,91.83,1.5
Mrigal,29.3,1490,73.4,50.85,28.1,7.58,3.9,0.51,0.92,106.4,27.6,2.22,219,129.01,129.11,67.17,1.76
Pangasius,64.3,6271,74.8,97.53,29.6,7.51,5.02,0.4,0.79,152.7,34.8,10.413,106,117.38,643.94,87.48,1.49
Rohu,9.1,2763,33.3,303.63,28.1,8.39,5.5,0.25,0.8,129.8,29.1,1.463,197,58.82,120.72,74.28,1.92
Tilapia,57.0,1767,42.9,31.0,30.7,7.01,5.95,0.08,0.84,113.8,32.6,1.251,167,86.45,129.11,84.52,1.41
Rohu,21.0,8672,62.6,412.95,28.8,8.06,3.87,0.53,0.19,146.4,30.1,8.143,159,92.89,556.41,69.07,1.8
Gulsha,99.1,8448,62.2,85.25,29.1,8.47,7.36,0.45,0.03,71.6,26.8,13.189,170,108.94,796.0,86.49,1.6
Koi,95.3,825,25.0,8.66,31.5,7.36,3.59,1.06,0.09,109.9,33.9,0.594,217,48.71,27.74,69.02,1.56
Shing,58.9,2608,29.2,44.28,25.1,7.32,3.55,0.83,0.47,124.0,32.6,2.262,133,47.57,96.16,77.5,1.7
Shing,71.5,1626,26.8,22.74,26.6,7.84,5.47,0.48,0.37,113.7,31.1,1.277,222,59.79,89.41,91.96,1.61
Magur,95.9,2333,55.9,24.33,28.3,6.79,4.14,0.41,0.12,110.1,34.6,2.465,225,118.93,241.98,87.21,1.51
Mrigal,35.7,6820,11.3,191.04,27.7,7.24,7.31,0.97,0.04,108.2,31.0,2.158,206,20.89,109.3,76.72,1.76
Mrigal,13.3,8235,67.2,619.17,27.9,8.11,6.9,0.73,0.42,120.7,26.1,10.127,116,96.04,620.09,78.4,1.89
Koi,79.7,598,47.8,7.5,30.9,8.11,5.95,0.77,0.98,117.8,25.7,0.795,144,81.04,36.97,76.29,1.7
Rohu,67.7,3906,21.6,57.7,31.0,7.89,3.53,0.39,0.47,150.4,33.3,2.21,187,36.82,123.24,85.7,1.75
Pangasius,65.5,6345,61.7,96.87,31.0,8.16,7.21,0.3,0.61,153.0,30.8,10.022,156,126.53,692.36,86.24,1.34
Magur,84.3,1492,55.2,17.7,26.1,7.39,6.46,0.97,0.82,73.3,25.9,1.804,108,81.5,92.22,75.84,1.56
Silver Carp,33.9,2739,56.3,80.8,28.2,7.79,7.33,1.12,0.4,141.2,31.7,4.133,203,98.26,200.96,74.67,1.9
Gulsha,53.0,8835,75.0,166.7,26.6,6.87,4.2,0.9,0.88,115.8,28.1,14.777,186,130.57,807.86,70.03,1.71
Pangasius,20.6,9215,70.1,447.33,25.4,7.26,4.93,0.42,0.71,133.9,32.1,14.534,221,150.27,1100.02,79.44,1.63
Shing,59.7,735,75.7,12.31,31.4,7.5,7.11,0.24,0.35,78.7,34.1,0.84,191,149.55,99.75,90.75,1.45
Pangasius,82.5,4048,67.1,49.07,26.2,7.48,5.59,1.18,0.84,77.5,33.3,5.84,177,131.6,359.05,67.4,1.6
Tilapia,82.2,4912,28.2,59.76,30.5,7.66,4.49,0.06,0.99,149.5,32.1,3.034,103,47.6,198.9,85.07,1.27
Silver Carp,67.7,4239,33.2,62.61,30.6,7.49,4.74,0.68,0.3,160.5,28.9,3.645,239,65.26,230.43,83.3,1.78
Pabda,17.5,5713,12.6,326.46,25.6,7.51,7.49,0.92,0.23,71.1,26.3,1.253,134,18.81,82.25,76.56,1.8
Magur,30.0,5107,51.3,170.23,24.5,6.6,4.91,1.12,0.91,123.9,34.5,6.393,231,93.08,285.21,60,1.6
Shing,8.3,3955,63.2,476.51,25.6,6.59,3.96,0.72,0.33,95.9,32.2,6.749,239,127.11,323.96,64.44,1.67
Gulsha,64.8,4287,19.0,66.16,25.6,6.79,7.19,0.83,0.33,165.2,32.3,1.711,172,34.05,114.5,78.45,1.49
Thai Koi,12.5,6118,46.3,489.44,25.8,7.45,3.51,0.5,0.18,70.5,29.6,7.422,96,69.78,333.64,78.15,1.71
Silver Carp,15.7,3032,43.5,193.12,27.4,8.43,4.42,1.05,0.47,143.7,30.7,2.822,195,70.68,132.41,61.79,1.72
Rohu,93.3,5657,14.3,60.63,25.4,8.3,5.21,0.61,0.15,82.7,25.1,1.982,140,22.97,104.27,80.23,1.66
Koi,69.3,4879,19.1,70.4,28.4,7.48,6.06,0.69,0.51,99.6,27.7,2.786,126,30.52,113.37,76.13,1.73
Koi,15.3,2130,55.1,139.22,25.3,7.68,7.1,0.55,0.85,166.1,33.7,2.559,124,87.78,143.39,76.69,1.76
Pabda,89.4,1773,8.4,19.83,27.0,7.99,7.3,0.58,0.08,139.6,32.9,0.241,139,14.43,21.13,82.58,1.66
Koi,37.7,2967,15.4,78.7,25.7,7.88,4.32,0.14,0.9,71.4,30.0,1.357,207,32.05,82.22,86.46,1.64
Thai Koi,97.7,9385,21.3,96.06,30.1,7.55,4.13,1.07,0.31,79.0,27.7,5.377,230,43.97,318.14,77.09,1.61
Thai Koi,50.9,2016,49.1,39.61,27.5,6.56,6.89,0.69,0.56,169.5,25.5,2.089,222,100.42,144.43,71.34,1.74
Rohu,72.4,6950,10.3,95.99,27.5,7.31,3.93,0.58,0.05,113.9,35.0,2.097,172,16.69,90.63,78.12,1.83
Common Carp,77.5,9230,29.0,119.1,31.1,7.54,4.65,0.72,0.5,147.3,25.1,4.149,96,42.81,326.93,82.74,1.59
Magur,59.7,1586,28.4,26.57,29.9,6.75,5.88,0.32,0.97,86.5,28.0,0.986,146,47.56,59.87,79.38,1.6
Rohu,8.8,9858,59.9,1120.23,31.0,6.62,4.82,0.3,0.66,160.6,26.6,16.416,103,84.38,607.46,73.03,1.7
Silver Carp,53.4,9908,62.4,185.54,24.5,7.08,5.49,0.67,0.84,161.0,27.0,11.561,153,93.84,653.43,70.28,1.92
Catla,87.5,3585,53.7,40.97,24.9,8.19,7.38,0.32,0.1,84.7,34.1,3.176,215,111.84,366.19,91.33,1.84
Rohu,74.2,4500,13.4,60.65,28.4,8.02,5.36,0.05,0.53,154.7,28.2,1.152,104,18.87,72.74,85.66,1.71
Rohu,54.1,2521,8.1,46.6,30.6,6.91,5.92,1.07,0.37,125.3,32.2,0.329,220,14.66,28.16,76.16,1.66
Pabda,72.1,7001,30.3,97.1,29.5,6.95,4.73,0.73,0.26,94.3,30.0,4.285,99,41.89,248.01,84.56,1.62
Shing,25.5,5665,17.3,222.16,27.1,8.36,4.23,0.66,0.5,92.1,30.3,1.852,173,31.28,125.41,70.77,1.67
Silver Carp,11.0,5264,10.9,478.55,27.0,7.89,6.09,0.62,0.33,74.3,27.0,1.073,93,15.01,60.63,76.73,1.94
Rohu,45.5,7021,69.6,154.31,31.2,7.37,6.72,0.56,0.39,133.5,29.1,10.115,129,104.06,556.37,76.15,1.65
Pabda,53.6,8166,36.1,152.35,27.7,7.34,4.71,0.53,0.52,138.9,25.0,4.658,183,58.33,321.69,67.54,1.83
Pangasius,75.6,2386,33.9,31.56,28.2,7.19,6.27,0.6,0.72,77.6,27.6,1.229,233,75.01,138.25,77.25,1.7
Magur,37.5,9832,22.1,262.19,29.2,6.86,6.14,0.77,0.91,147.6,26.2,5.584,103,32.23,214.41,67.67,1.74
Tilapia,32.6,1647,79.1,50.52,30.1,7.97,3.89,0.43,0.95,148.2,31.7,3.335,149,151.46,193.91,77.73,1.51
Mrigal,86.6,1515,19.0,17.49,29.5,7.7,7.05,0.17,0.19,169.7,25.2,0.642,180,33.11,44.81,89.31,1.78
Koi,92.5,3849,52.2,41.61,30.4,7.93,3.9,0.11,0.43,145.9,33.0,4.259,203,103.94,338.66,84.65,1.53
Koi,21.4,8468,15.9,395.7,29.0,8.02,4.22,1.04,0.27,131.2,27.1,3.029,240,31.5,179.19,67.18,1.59
Silver Carp,99.1,587,65.9,5.92,31.7,7.97,4.19,0.28,0.1,167.7,30.2,0.921,144,105.89,56.58,91.03,1.62
Common Carp,27.0,8293,40.9,307.15,27.6,6.92,5.69,1.08,0.08,100.2,25.6,5.122,207,68.98,394.74,69.01,1.76
Pangasius,38.8,5495,8.3,141.62,29.8,8.43,7.09,1.01,0.43,159.0,27.0,1.272,176,16.29,65.37,73.04,1.46
Thai Koi,66.0,5342,60.4,80.94,26.5,7.01,6.92,0.39,0.5,81.7,34.8,9.163,186,123.92,616.3,93.1,1.38
Rohu,64.2,1931,18.0,30.08,31.4,7.4,7.47,1.19,0.72,139.9,27.9,0.772,198,31.26,42.3,70.07,1.88
Mrigal,100.0,2502,60.1,25.02,29.0,7.48,5.11,0.27,0.85,158.4,30.2,4.376,206,107.7,229.72,85.25,1.58
Rohu,65.0,7721,6.0,118.78,30.8,7.91,3.51,0.29,0.57,168.6,30.8,0.788,128,8.77,51.91,76.67,1.94
Catla,31.6,9460,42.5,299.37,29.3,8.47,7.19,0.28,0.59,163.0,31.4,6.513,210,72.35,484.9,70.85,1.87
Koi,54.5,496,75.1,9.1,25.8,7.37,7.49,0.7,0.82,99.6,26.0,1.062,137,129.03,49.06,76.66,1.65
Pangasius,30.6,1667,51.3,54.48,29.4,6.86,4.14,0.65,0.4,138.3,34.7,1.308,101,82.08,115.74,84.59,1.43
Silver Carp,70.6,7918,19.7,112.15,29.4,8.08,6.43,0.4,0.5,102.3,29.9,3.775,173,35.64,255.15,90.42,1.77
Rohu,76.8,4539,57.0,59.1,27.3,7.32,6.12,1.14,0.69,172.4,32.5,4.372,193,93.56,284.52,67.0,1.8
Koi,80.5,7305,78.2,90.75,25.8,7.09,5.4,0.55,0.41,134.8,32.7,16.052,159,141.02,883.32,85.75,1.58
Pabda,15.0,6971,10.2,464.73,30.8,6.72,5.55,0.3,0.96,106.3,32.6,1.344,189,17.67,88.43,71.78,1.8
Mrigal,31.5,8679,65.1,275.52,31.7,7.42,6.4,0.06,0.77,104.9,32.6,8.758,91,91.42,621.37,78.31,1.67
Thai Koi,96.5,7628,68.5,79.05,24.5,7.08,6.77,0.66,0.57,164.0,31.7,14.84,234,151.75,889.56,76.85,1.59
Pabda,62.5,1090,18.2,17.44,27.0,7.4,5.83,0.56,0.05,132.0,29.0,0.557,139,28.76,25.56,81.53,1.5
Shing,50.8,7563,45.5,148.88,27.0,8.34,3.92,0.95,0.65,100.1,31.9,9.188,144,69.99,347.46,65.64,1.76
Silver Carp,54.5,7445,17.9,136.61,25.6,7.73,5.59,0.45,0.75,108.5,28.4,3.452,214,35.28,217.73,82.9,1.63
Thai Koi,73.0,6770,7.6,92.74,27.5,7.31,5.45,0.54,0.63,170.6,30.8,1.363,195,14.92,79.9,79.1,1.79
Rohu,68.1,9410,39.2,138.18,25.9,7.67,3.53,1.04,0.35,160.7,30.6,10.07,174,63.89,406.01,67.53,1.83
Gulsha,30.3,1240,70.2,40.92,26.8,7.89,5.43,0.4,0.2,81.5,27.8,1.828,152,118.86,131.02,88.9,1.71
Gulsha,69.4,3825,32.3,55.12,30.8,7.0,4.57,0.15,0.55,129.3,32.2,2.706,191,63.53,204.71,84.24,1.48
Silver Carp,15.7,6258,70.1,398.6,31.3,7.9,6.22,0.24,0.49,83.4,31.7,11.23,175,125.97,660.69,83.81,1.75
Common Carp,36.8,3355,75.5,91.17,24.4,7.54,7.27,0.4,0.97,123.8,32.9,4.509,141,129.45,372.19,85.7,1.71
Magur,89.0,7891,22.2,88.66,30.4,7.04,7.18,0.72,0.45,161.2,31.4,3.661,124,34.16,222.29,82.47,1.56
Pangasius,62.8,4064,33.9,64.71,31.7,7.91,7.31,1.04,0.99,170.0,33.2,3.238,133,53.67,149.55,68.56,1.51
Mrigal,79.3,1709,40.3,21.55,31.3,7.79,7.41,0.56,0.85,80.7,32.3,1.123,118,57.03,73.04,74.95,1.73
Thai Koi,82.2,7261,52.9,88.33,28.6,6.59,3.62,0.79,0.05,130.6,32.8,11.101,98,80.09,424.65,73.02,1.58
Mrigal,19.0,517,14.5,27.21,31.4,6.94,5.31,1.14,0.78,176.3,33.0,0.16,155,22.85,8.13,68.83,1.92
Common Carp,76.8,1532,11.7,19.95,31.6,6.53,5.94,0.84,0.28,105.9,32.4,0.488,180,20.86,25.59,80.08,1.65
Thai Koi,5.5,8762,67.2,1593.09,26.3,6.92,4.26,0.81,0.83,81.4,28.5,17.252,115,99.74,611.46,69.97,1.8
Mrigal,7.9,485,59.1,61.39,25.7,7.81,4.17,0.09,0.9,118.4,34.1,0.473,134,96.75,39.73,84.68,1.73
Thai Koi,19.3,6823,42.1,353.52,26.4,7.17,6.76,0.86,0.25,85.8,26.1,5.573,149,75.17,394.65,76.95,1.51
Common Carp,65.9,8522,50.2,129.32,29.8,7.68,4.03,0.13,0.46,176.9,30.5,8.684,203,106.01,815.68,90.29,1.72
Catla,77.1,3296,73.9,42.75,25.8,6.75,4.34,0.35,0.94,103.2,29.8,4.311,167,119.05,314.42,80.13,1.66
Gulsha,30.4,3144,65.0,103.42,31.9,7.89,5.43,0.88,0.54,149.8,27.8,4.414,162,114.36,271.78,75.59,1.8
Shing,20.6,4579,8.2,222.28,31.4,6.69,7.12,0.19,0.69,123.8,31.4,0.972,103,12.2,40.31,72.14,1.84
Thai Koi,56.3,631,68.8,11.21,28.3,7.83,4.1,1.15,0.92,104.7,30.6,0.747,203,123.8,54.34,69.57,1.69
Gulsha,11.2,1766,63.0,157.68,31.9,8.36,4.48,0.91,0.28,75.2,33.6,2.036,145,103.74,131.93,72.01,1.61
Koi,6.2,2644,19.1,426.45,28.3,6.8,5.48,0.49,0.77,104.5,28.7,0.97,192,37.07,74.46,75.97,1.67
Pabda,85.9,7576,77.0,88.2,31.3,8.28,6.98,0.76,0.73,113.8,31.0,14.759,227,138.74,751.11,71.46,1.88
Mrigal,90.1,8317,11.1,92.31,29.6,6.65,7.34,0.34,0.63,101.2,26.6,2.326,103,15.1,100.64,80.16,1.72
Magur,15.5,9044,57.5,583.48,25.5,8.45,4.01,1.17,0.59,86.7,32.7,13.573,201,93.2,505.74,60,1.84
Mrigal,7.5,4651,17.4,620.13,26.9,8.28,6.72,0.12,0.81,177.0,25.2,1.683,209,30.08,102.71,73.42,1.75
Mrigal,72.0,3332,56.4,46.28,27.9,7.32,3.94,0.77,0.9,134.7,31.9,4.134,202,92.82,216.8,70.1,1.75
Tilapia,8.6,6194,22.5,720.23,30.2,8.2,4.25,1.11,0.42,160.0,28.7,2.383,210,45.38,197.81,70.38,1.61
Pabda,42.2,3808,24.7,90.24,28.7,6.92,7.43,1.02,0.63,151.9,34.7,1.994,162,41.32,102.31,65.02,1.83
Common Carp,12.3,4635,7.6,376.83,31.2,7.73,4.17,1.13,0.61,119.4,25.1,0.874,195,12.79,36.37,61.35,1.86
Tilapia,41.9,2318,30.2,55.32,25.2,8.26,5.59,0.35,0.18,92.3,27.1,1.155,119,52.59,107.05,87.82,1.35
Thai Koi,28.7,7385,42.6,257.32,29.4,7.77,4.48,0.43,0.97,130.4,26.3,5.694,111,68.47,400.66,79.24,1.67
Koi,34.5,6685,19.9,193.77,24.2,6.75,5.72,0.31,0.1,96.2,30.1,3.166,183,37.35,204.19,81.79,1.53
Gulsha,5.8,9632,45.2,1660.69,27.0,7.37,7.43,0.07,0.54,84.2,25.2,12.93,92,64.23,460.61,74.45,1.65
Silver Carp,55.4,5323,62.1,96.08,25.2,7.27,6.02,1.13,0.58,91.5,27.9,6.314,160,98.1,347.56,66.56,1.91
Mrigal,53.7,7361,66.5,137.08,28.6,7.92,4.09,0.42,0.64,125.6,25.9,11.65,96,92.86,570.41,83.45,1.61
Common Carp,37.5,9291,28.1,247.76,27.6,7.47,6.8,1.16,0.81,179.3,30.9,6.892,115,37.64,209.83,60,1.88
Magur,44.4,9500,45.6,213.96,24.5,8.4,4.92,0.85,0.59,121.9,27.2,9.141,130,69.01,429.04,65.44,1.76
Common Carp,62.3,458,13.4,7.35,31.8,8.28,6.9,0.99,0.84,111.0,27.4,0.125,152,22.22,7.47,73.41,1.88
Koi,22.0,528,25.2,24.0,24.7,6.68,5.74,0.41,0.53,117.4,28.6,0.254,150,42.87,17.71,78.25,1.44
Silver Carp,5.1,2269,55.7,444.9,25.6,7.44,5.19,0.27,0.59,86.9,25.5,3.261,150,87.6,149.85,75.39,1.77
Catla,55.4,8734,19.8,157.65,24.7,8.4,5.49,0.77,0.43,100.5,25.2,2.94,232,36.94,225.18,69.79,1.83
Common Carp,47.9,5271,37.4,110.04,25.1,7.48,5.83,0.82,0.08,112.9,26.8,4.022,218,73.86,330.75,84.96,1.58
Shing,9.5,1016,58.8,106.95,29.3,7.92,5.75,1.14,0.08,143.9,26.6,1.249,222,117.48,88.67,74.29,1.57
Gulsha,85.5,6361,53.8,74.4,27.6,6.83,7.49,0.56,0.38,160.9,29.5,9.856,133,86.11,457.36,83.5,1.71
Pangasius,86.2,2559,17.8,29.69,29.9,8.15,4.57,0.98,0.56,157.2,31.8,1.193,218,39.81,81.43,79.94,1.5
Catla,15.9,1420,46.1,89.31,27.2,8.21,5.3,0.93,0.9,108.8,29.5,1.047,175,78.85,79.89,71.35,1.77
Catla,72.9,546,29.3,7.49,28.5,6.98,5.71,0.27,0.17,175.6,31.9,0.294,94,41.92,21.0,91.75,1.55
Gulsha,45.9,3761,6.5,81.94,28.9,7.04,6.31,0.48,0.34,161.2,29.9,0.511,120,10.51,35.36,89.41,1.58
Shing,11.4,9176,44.6,804.91,28.2,7.94,4.29,0.85,0.59,137.4,34.7,6.139,175,78.5,487.48,67.68,1.73
Mrigal,89.8,5149,26.4,57.34,26.1,7.29,4.46,0.42,0.57,162.6,27.4,2.229,204,48.18,205.27,82.75,1.62
Koi,95.1,8420,23.2,88.54,28.6,7.26,5.76,0.87,0.1,117.4,31.3,4.552,103,35.81,260.08,86.26,1.62
Tilapia,45.5,6723,50.3,147.76,30.1,8.49,6.03,0.43,0.5,143.6,33.0,5.512,233,125.68,769.56,91.08,1.47
Catla,26.0,4940,30.0,190.0,28.9,7.76,4.52,1.01,0.32,125.8,33.7,2.92,110,39.42,129.46,66.48,1.83
Pangasius,11.2,9448,62.8,843.57,28.6,7.03,5.96,1.01,0.36,141.2,31.5,11.155,199,129.68,841.85,68.71,1.66
Mrigal,84.7,9826,41.1,116.01,31.1,7.26,4.88,1.1,0.69,137.1,30.6,7.431,148,61.92,404.58,66.5,1.71
Silver Carp,19.7,5753,70.5,292.03,30.2,7.11,6.44,0.52,0.18,115.8,30.8,11.235,185,126.51,554.87,76.24,1.88
Magur,30.7,4792,5.2,156.09,28.6,6.99,4.73,0.14,0.33,83.0,29.7,0.429,162,9.53,37.54,82.21,1.62
Koi,40.1,3441,30.8,85.81,24.5,8.22,5.57,0.57,0.56,177.6,31.4,1.653,180,58.15,143.83,71.88,1.62
Pangasius,91.6,3623,56.2,39.55,24.7,6.72,6.39,0.86,0.28,87.2,33.2,3.482,135,98.6,290.61,81.35,1.48
Catla,22.7,7572,72.1,333.57,28.2,6.66,5.99,0.98,0.23,84.7,30.2,8.68,166,120.86,641.9,70.14,1.91
Gulsha,25.6,7504,71.3,293.12,31.5,6.63,4.34,0.65,0.25,105.6,29.7,11.824,223,138.53,748.88,72.04,1.75
Common Carp,83.9,8270,51.5,98.57,25.2,7.69,5.3,0.86,0.57,178.2,30.8,6.857,145,80.38,495.35,74.52,1.62
Shing,37.4,6383,13.7,170.67,29.8,8.22,7.19,0.28,0.91,139.0,32.0,1.382,126,20.45,93.28,71.45,1.67
Rohu,54.4,2369,29.2,43.55,29.3,7.47,5.72,0.99,0.36,146.1,26.6,1.411,90,40.97,83.3,85.83,1.52
Shing,36.8,1590,78.8,43.21,27.8,7.99,5.74,0.65,0.54,105.6,31.9,3.721,141,128.45,156.77,76.76,1.79
Gulsha,34.5,7578,42.2,219.65,28.4,7.54,5.07,0.22,0.76,159.3,29.2,6.78,163,70.02,403.18,75.98,1.67
Silver Carp,31.2,3906,61.4,125.19,29.7,7.5,7.47,1.06,0.37,167.6,34.3,6.379,209,104.81,298.8,72.99,1.71
Koi,91.6,7538,67.5,82.29,31.7,7.19,4.15,0.37,0.22,78.7,31.1,15.112,185,134.17,947.95,93.73,1.45
Koi,58.4,698,79.0,11.95,28.8,7.45,4.8,0.49,0.36,146.7,27.2,1.274,133,143.38,91.84,91.77,1.51
Silver Carp,76.2,2709,28.0,35.55,24.9,7.82,5.0,0.92,0.32,118.5,32.2,2.101,168,48.84,107.29,81.09,1.57
Shing,23.1,9100,50.4,393.94,26.3,8.2,6.7,0.27,0.79,174.6,30.9,8.989,147,87.47,622.96,78.26,1.71
Koi,46.5,6020,75.1,129.46,31.1,8.02,3.65,0.07,0.56,72.8,26.1,9.856,98,109.5,519.16,78.76,1.56
Gulsha,66.5,5986,26.4,90.02,26.3,8.45,6.2,1.04,0.32,174.3,25.4,2.734,145,40.4,165.69,68.52,1.84
Shing,70.7,4124,53.0,58.33,30.5,6.57,5.3,1.11,0.94,113.9,25.5,3.606,225,97.37,256.2,63.8,1.68
Koi,12.9,3233,11.8,250.62,31.3,7.33,5.67,1.0,0.95,175.4,29.0,1.026,236,24.58,56.42,70.99,1.68
Koi,73.2,914,28.7,12.49,25.9,7.84,3.68,0.39,0.08,90.8,26.4,0.517,130,48.24,37.65,85.39,1.61
Tilapia,40.4,8222,17.1,203.51,24.5,7.16,4.44,0.9,0.82,132.1,34.7,4.063,101,26.16,152.67,70.98,1.5
Pangasius,57.4,860,34.3,14.98,31.9,7.65,5.47,0.35,0.15,162.0,26.7,0.755,156,68.71,54.74,92.64,1.37
Thai Koi,88.6,9552,36.5,107.81,24.7,8.39,4.68,0.44,0.19,89.4,28.9,8.681,98,58.86,487.99,86.8,1.58
Rohu,56.4,1292,14.9,22.91,25.7,7.32,7.5,0.06,0.6,91.7,27.2,0.562,105,21.0,23.01,84.81,1.66
Common Carp,72.8,9649,72.2,132.54,31.9,7.53,3.71,0.93,0.34,154.0,29.3,18.392,131,115.39,872.38,78.35,1.86
Mrigal,12.3,5541,69.4,450.49,25.9,6.69,4.96,1.16,0.22,139.2,34.5,9.729,181,105.85,367.99,62.74,1.66
Pangasius,43.8,8774,44.6,200.32,28.9,7.21,6.09,0.52,0.49,161.0,29.4,8.805,136,76.13,512.67,76.75,1.63
Pangasius,59.1,7660,25.5,129.61,28.9,7.83,6.63,0.82,0.44,113.1,28.9,4.532,148,50.3,334.37,86.78,1.49
Common Carp,78.4,1391,58.4,17.74,31.2,8.18,4.9,0.91,0.12,158.1,25.3,1.446,99,81.6,95.82,84.42,1.52
Rohu,43.1,7420,39.1,172.16,26.2,8.17,4.72,0.47,0.76,98.4,31.9,7.456,116,55.26,318.31,77.63,1.72
Pabda,26.9,2342,72.9,87.06,31.2,7.64,6.51,1.0,0.42,150.7,32.2,3.278,218,147.46,281.54,81.52,1.59
Gulsha,77.5,1567,27.8,20.22,27.7,7.72,4.06,1.06,0.84,144.0,34.1,1.05,124,41.37,41.99,64.78,1.75
Magur,88.1,3271,45.4,37.13,28.8,7.04,4.27,0.23,0.03,144.8,34.9,2.48,166,83.12,243.17,89.44,1.48
Pabda,26.0,1440,49.5,55.38,29.7,7.57,3.73,0.53,0.06,157.3,32.5,1.775,157,81.24,89.46,76.47,1.65
Koi,39.3,2306,5.2,58.68,27.4,6.74,4.67,0.37,0.72,116.6,30.2,0.284,109,8.25,14.86,78.08,1.41
Rohu,23.8,7536,31.4,316.64,30.4,8.29,7.29,1.11,0.4,103.5,28.6,3.81,177,50.15,246.5,65.22,1.93
Common Carp,73.5,2082,70.5,28.33,24.7,7.25,4.98,0.06,0.57,120.7,26.8,4.227,178,134.0,238.19,85.38,1.51
Pabda,7.9,6917,36.8,875.57,25.2,6.5,5.37,1.03,0.92,85.3,25.1,4.505,200,59.31,246.14,60,1.86
Shing,11.4,4817,26.0,422.54,24.2,7.45,6.8,0.55,0.46,147.3,28.1,2.805,159,46.47,167.81,74.97,1.72
Rohu,76.2,9679,17.3,127.02,28.2,8.15,6.02,0.33,0.63,127.6,30.1,2.847,234,34.2,274.7,82.99,1.56
Silver Carp,34.6,6122,37.6,176.94,28.5,6.71,5.43,0.98,0.33,108.0,34.2,6.399,162,59.54,264.21,72.49,1.72
Silver Carp,11.5,4728,34.5,411.13,25.7,8.1,7.29,0.46,0.53,151.0,28.3,4.828,176,59.61,212.01,75.22,1.87
Mrigal,74.9,9029,17.7,120.55,31.6,7.66,3.71,0.94,0.2,159.3,30.6,2.541,124,25.18,170.82,75.13,1.92
Pangasius,90.4,2187,28.3,24.19,26.5,8.15,6.33,0.24,0.32,84.2,34.6,1.82,184,63.71,129.21,92.74,1.4
Gulsha,19.5,3911,19.0,200.56,31.2,7.07,4.04,0.36,0.25,143.5,28.3,1.531,236,41.49,135.46,83.48,1.61
Magur,46.9,7599,57.4,162.03,31.3,7.82,5.82,0.91,0.72,71.3,32.1,8.811,122,82.35,442.73,70.75,1.78
Common Carp,35.4,2294,18.4,64.8,29.3,6.61,5.42,1.05,0.84,172.9,28.5,0.68,98,24.77,34.72,61.1,1.67
Shing,37.7,4964,61.5,131.67,26.1,7.56,5.41,0.43,0.38,84.7,26.7,5.465,133,105.49,479.03,91.48,1.59
Thai Koi,79.7,7121,38.6,89.35,31.4,8.17,7.37,0.91,0.68,97.7,34.2,8.054,125,62.12,333.44,75.38,1.58
Silver Carp,57.8,1117,14.6,19.33,30.9,7.91,4.11,0.13,0.07,84.7,29.6,0.251,227,30.39,30.38,89.51,1.64
Silver Carp,75.2,9578,33.2,127.37,31.0,6.76,4.79,0.77,0.02,130.8,29.0,9.253,112,46.54,353.3,79.26,1.69
Mrigal,9.6,5586,43.6,581.88,25.5,7.21,3.89,0.55,0.4,164.3,28.2,4.092,112,60.67,235.06,69.36,1.66
Tilapia,95.6,9453,38.5,98.88,28.1,6.9,6.19,0.36,0.04,155.6,26.7,8.189,216,93.8,821.17,92.61,1.48
Thai Koi,13.9,3039,17.1,218.63,30.3,7.51,5.76,0.53,0.52,79.3,25.2,0.977,239,36.91,76.67,68.35,1.6
Magur,9.4,1881,35.4,200.11,30.8,6.57,6.41,0.9,0.17,104.3,33.9,1.045,129,57.36,78.51,72.77,1.7
Gulsha,54.8,7006,44.7,127.85,24.2,7.58,3.85,0.31,0.13,89.7,30.6,6.545,126,68.56,406.7,84.67,1.55
Gulsha,60.0,9798,32.9,163.3,26.0,7.64,5.25,0.13,0.48,179.4,33.5,9.413,196,64.5,519.31,82.17,1.48
Rohu,22.3,4257,24.4,190.9,30.0,7.87,4.79,0.39,0.11,92.7,25.3,1.631,152,39.2,138.06,82.74,1.63
Koi,41.0,745,46.8,18.17,30.0,7.59,7.21,0.81,0.77,179.2,33.3,0.753,144,77.67,44.18,76.35,1.51
Magur,85.6,5762,39.9,67.31,28.1,6.59,5.48,0.28,0.78,81.6,27.1,4.598,192,72.96,337.84,80.36,1.45
Gulsha,93.3,346,26.1,3.71,29.3,8.46,4.75,0.67,0.1,161.3,34.8,0.219,220,52.46,14.48,79.78,1.56
Mrigal,59.3,2600,44.3,43.84,31.7,6.77,6.0,1.14,0.91,155.1,33.1,2.2,182,70.98,114.21,61.88,1.66
Shing,86.8,8076,27.3,93.04,31.5,7.44,3.66,0.25,0.88,97.0,29.2,3.528,230,53.63,330.97,76.41,1.83
Mrigal,63.5,1927,36.4,30.35,27.7,8.44,5.18,0.65,0.6,126.0,31.7,1.199,204,65.82,92.55,72.97,1.8
Mrigal,79.8,5858,13.5,73.41,31.6,8.24,7.16,0.19,0.2,151.4,27.2,1.455,147,22.14,113.41,87.44,1.58
Common Carp,48.0,4255,32.8,88.65,30.6,7.83,4.58,0.24,0.81,170.6,32.2,3.587,164,54.78,199.6,85.63,1.68
Pangasius,17.9,3798,23.2,212.18,28.6,7.04,4.05,0.82,0.38,147.6,28.5,1.894,178,45.82,133.24,76.57,1.75
Thai Koi,21.5,6487,56.7,301.72,31.8,7.96,4.97,0.86,0.6,124.4,25.5,7.908,160,95.66,434.07,69.95,1.77
Catla,77.8,4289,76.9,55.13,29.8,6.92,5.63,1.08,0.33,115.0,29.5,7.124,119,110.74,343.2,72.26,1.91
Koi,14.8,1432,58.0,96.76,30.5,7.58,6.33,0.93,0.12,125.7,26.0,1.528,220,120.66,145.88,84.43,1.38
Catla,23.8,2963,31.2,124.5,26.8,7.3,5.98,0.62,0.22,122.1,33.2,2.145,90,42.52,102.51,81.36,1.64
Gulsha,72.1,5412,61.1,75.06,31.3,7.39,3.93,0.78,0.08,176.8,31.8,5.688,209,117.14,480.68,75.82,1.66
Gulsha,97.4,9934,70.4,101.99,29.9,7.27,6.43,0.71,0.14,144.3,32.0,18.813,235,153.24,1289.85,84.73,1.61
Common Carp,24.7,9007,52.8,364.66,28.6,7.4,6.6,0.36,0.86,102.2,33.0,8.037,230,99.76,701.46,78.07,1.89
Pabda,8.0,5770,34.0,721.25,31.5,7.24,5.32,0.35,0.95,158.9,28.4,5.297,178,60.19,256.41,73.83,1.88
Tilapia,6.3,764,66.6,121.27,29.2,7.75,3.9,0.07,0.49,121.9,29.1,1.028,231,162.02,107.65,86.97,1.36
Silver Carp,25.0,3052,44.8,122.08,30.6,7.27,4.0,0.73,0.22,123.2,34.9,2.065,202,79.81,200.17,82.18,1.77
Thai Koi,34.7,3735,18.8,107.64,28.5,8.08,5.57,0.4,0.46,91.2,29.9,1.222,192,37.86,127.53,90.18,1.4
Rohu,13.0,7960,36.3,612.31,25.3,8.33,5.74,0.98,0.61,149.2,33.5,7.715,104,49.22,250.93,64.05,1.85
Pangasius,36.1,9497,23.4,263.07,30.8,6.82,4.09,0.4,0.07,101.2,33.4,5.467,129,42.0,346.76,86.94,1.35
Common Carp,25.8,1256,68.9,48.68,28.4,6.55,4.08,0.35,0.54,79.4,28.2,1.774,197,125.77,125.01,79.14,1.62
Pangasius,92.0,6567,15.2,71.38,30.2,6.98,5.79,0.16,0.32,83.2,27.6,2.745,136,29.1,173.92,91.02,1.52
Shing,11.1,9114,15.9,821.08,29.8,6.61,4.12,0.6,0.03,127.1,27.7,3.449,122,23.55,150.94,70.33,1.64
Thai Koi,7.9,4292,60.3,543.29,25.8,8.18,4.61,0.49,0.77,159.8,26.5,6.496,167,111.29,367.03,76.84,1.6
Rohu,92.7,9389,46.7,101.28,24.0,6.97,4.12,0.21,0.94,141.2,29.1,10.348,102,69.72,555.0,84.78,1.56
Catla,43.9,9494,14.7,216.26,30.6,7.84,4.61,0.88,0.02,87.4,29.7,3.908,166,25.15,176.61,73.95,1.73
Thai Koi,24.7,2187,57.3,88.54,26.3,8.18,6.46,1.13,0.51,130.7,26.1,3.534,213,109.87,166.81,69.42,1.52
Shing,91.1,4204,14.3,46.15,29.2,7.0,5.97,1.08,0.82,154.6,34.0,1.112,214,25.48,73.1,68.25,1.64
Tilapia,33.0,2130,60.0,64.55,30.5,7.92,4.59,0.77,0.56,140.8,28.9,3.284,127,109.13,179.24,77.11,1.62
Thai Koi,21.3,1851,22.3,86.9,25.5,8.23,3.8,0.48,0.97,147.9,26.1,1.131,201,41.5,54.83,71.39,1.78
Magur,77.2,9553,49.9,123.74,28.2,6.92,7.46,0.57,0.02,120.9,27.8,9.582,204,104.65,846.69,84.69,1.47
Rohu,28.6,7375,14.2,257.87,29.4,8.23,6.57,0.89,0.06,72.0,25.1,2.964,118,20.1,107.74,72.66,1.71
Magur,81.3,3593,26.8,44.19,28.5,8.48,5.37,0.38,0.45,174.2,27.9,2.638,124,45.17,140.54,86.59,1.53
Mrigal,43.9,7488,61.3,170.57,27.5,8.47,4.81,0.21,0.34,163.8,29.0,8.629,172,101.38,586.43,77.25,1.6
Shing,72.5,6882,32.6,94.92,27.6,7.31,4.27,0.75,0.29,173.5,30.4,5.699,92,46.83,263.58,81.78,1.47
Common Carp,7.5,4342,78.5,578.93,27.7,7.55,5.68,0.75,0.59,83.5,31.8,5.692,159,128.7,381.06,68.19,1.89
Thai Koi,27.4,4804,72.0,175.33,26.8,6.53,6.92,0.4,0.41,175.6,26.1,5.915,227,149.21,579.12,80.79,1.58
Koi,59.5,1819,64.3,30.57,29.4,7.94,6.45,0.21,0.1,165.4,25.3,3.38,185,132.75,222.23,92.03,1.57
Silver Carp,88.2,2776,60.0,31.47,24.8,8.43,6.25,0.49,0.4,131.5,28.0,4.664,156,103.27,250.51,87.38,1.59
Rohu,78.3,6170,73.7,78.8,26.3,7.32,3.92,0.44,0.07,160.1,25.5,8.231,238,146.04,777.7,86.31,1.67
Magur,14.6,9651,8.8,661.03,29.3,6.6,6.39,0.62,0.27,164.3,27.5,1.86,132,13.45,94.96,73.13,1.7
Pabda,12.9,8796,35.6,681.86,28.0,7.45,4.19,1.04,0.56,158.4,33.3,7.171,196,56.05,295.79,60,1.77
Pabda,27.2,7956,15.0,292.5,30.8,8.18,6.07,0.95,0.18,73.8,30.9,3.174,110,20.99,126.52,75.77,1.69
Pangasius,31.1,4243,11.8,136.43,31.8,8.39,5.03,0.8,0.62,130.2,28.4,1.202,182,23.34,71.48,72.17,1.46
Tilapia,26.1,8515,54.0,326.25,25.9,7.17,4.27,0.56,0.18,83.5,28.4,10.53,123,97.63,649.29,78.1,1.52
Pangasius,54.7,8797,46.7,160.82,31.9,7.57,5.74,0.75,0.22,170.1,30.4,11.832,112,79.79,552.12,78.66,1.58
Rohu,5.8,420,49.8,72.41,31.2,7.53,5.59,0.09,0.95,164.5,32.5,0.347,202,93.97,33.01,83.64,1.77
Mrigal,23.5,3944,5.7,167.83,28.3,7.01,4.82,0.6,0.34,169.6,33.7,0.378,156,9.52,28.91,77.04,1.8
Mrigal,72.8,6717,60.4,92.27,31.2,8.23,4.55,0.53,0.34,99.4,33.3,11.806,181,102.33,555.37,80.8,1.77
Rohu,28.6,1821,42.4,63.67,29.7,8.31,7.33,0.49,0.71,176.4,29.2,2.131,240,80.49,116.81,79.7,1.7
Gulsha,16.5,7586,33.9,459.76,30.8,8.25,6.76,0.89,0.4,176.0,30.6,7.638,215,60.68,322.43,70.04,1.69
Pabda,81.2,5847,35.7,72.01,24.1,7.03,4.81,1.05,0.7,84.7,26.9,4.175,106,48.31,193.6,68.54,1.62
Shing,46.2,2277,9.9,49.29,25.3,6.68,4.54,0.97,0.52,159.4,27.8,0.358,125,14.98,24.86,72.87,1.56
Magur,30.8,4212,77.1,136.75,27.6,7.13,5.84,1.12,0.66,143.1,34.3,7.826,123,118.45,338.46,67.84,1.6
Tilapia,11.2,7976,70.4,712.14,27.6,7.69,6.54,1.14,0.43,131.7,29.1,12.016,158,134.5,738.04,68.8,1.47
Pabda,26.6,4864,80.0,182.86,28.2,7.93,6.65,0.15,0.7,77.2,28.1,10.467,176,142.61,530.11,76.42,1.77
Silver Carp,18.0,4110,24.7,228.33,27.7,7.76,6.79,0.42,0.62,177.7,31.5,2.244,174,42.94,130.54,73.97,1.99
Silver Carp,25.7,9036,39.5,351.6,31.2,7.89,3.51,0.44,0.71,133.7,26.8,6.425,217,67.28,424.69,69.86,1.78
Thai Koi,47.7,4398,58.7,92.2,29.9,7.67,5.28,1.02,0.3,167.4,26.7,5.267,115,90.99,308.25,77.03,1.61
Pabda,21.4,5016,72.0,234.39,26.4,7.89,6.85,0.53,0.44,93.9,26.6,9.643,204,137.83,516.66,74.73,1.89
Pabda,78.8,8434,77.5,107.03,24.0,6.62,4.3,0.28,0.67,137.0,31.1,11.046,122,116.14,773.22,78.94,1.6
Tilapia,6.4,9494,37.5,1483.44,31.7,7.02,6.07,0.49,0.26,132.6,30.7,9.221,138,72.72,593.05,85.9,1.34
Silver Carp,84.8,5626,78.7,66.34,25.6,7.96,4.5,0.1,0.89,162.6,29.7,6.819,213,154.76,705.78,81.06,1.71
Tilapia,43.2,5672,79.3,131.3,27.6,8.09,4.98,0.62,0.35,70.8,28.2,6.792,168,171.43,854.91,87.92,1.37
Tilapia,87.0,7153,15.2,82.22,31.2,8.13,7.05,0.48,0.61,71.2,33.9,2.522,145,28.5,179.0,87.81,1.24
Magur,74.7,1667,27.3,22.32,24.6,7.62,4.02,0.88,0.17,89.5,31.2,1.206,218,55.19,78.35,85.16,1.68
Gulsha,28.8,9381,59.1,325.73,29.3,6.71,4.33,1.02,0.35,145.2,31.6,13.472,134,85.64,501.26,62.39,1.61
Pangasius,79.0,1405,66.7,17.78,25.1,6.75,4.21,0.87,0.06,93.9,33.5,2.38,125,110.57,123.33,79.39,1.41
Magur,66.6,9409,49.5,141.28,30.2,8.17,4.48,0.62,0.94,157.1,30.3,12.435,195,94.63,673.95,75.69,1.61
Thai Koi,92.5,4747,27.0,51.32,27.4,7.96,7.33,0.69,0.09,178.2,25.7,3.307,151,50.44,201.53,84.16,1.49
Pabda,15.0,6621,20.7,441.4,31.8,6.58,6.98,0.39,0.04,143.4,30.0,2.316,224,42.3,219.58,78.4,1.54
Gulsha,93.9,5795,6.3,61.71,28.6,7.41,3.9,0.7,0.22,149.7,28.9,0.876,233,12.68,56.52,76.93,1.74
Common Carp,58.8,3324,45.8,56.53,24.9,7.49,5.48,0.92,0.47,86.8,29.2,2.588,113,71.07,199.64,84.51,1.67
Shing,75.2,8066,60.0,107.26,28.0,7.64,6.5,0.53,0.27,102.4,28.6,9.582,104,89.55,612.57,84.81,1.62
Silver Carp,51.4,1909,27.4,37.14,24.6,6.85,6.16,0.53,0.18,92.4,34.4,1.098,170,47.14,73.77,81.98,1.7
Catla,71.0,505,28.2,7.11,24.0,6.97,6.65,0.57,0.49,119.3,25.4,0.389,143,43.89,18.68,84.28,1.8
Shing,68.2,4082,79.2,59.85,31.1,7.33,4.32,0.83,0.19,169.6,30.5,7.565,199,157.74,549.31,85.31,1.5
Silver Carp,38.6,6827,28.7,176.87,31.0,7.41,6.79,0.11,0.78,145.0,33.0,3.938,95,38.45,194.55,74.11,1.91
Tilapia,75.8,339,41.5,4.47,25.8,8.0,4.6,0.37,0.6,97.5,25.9,0.325,127,77.21,22.19,84.79,1.38
Pangasius,39.0,2930,12.1,75.13,28.7,7.98,5.87,0.56,0.08,168.2,34.2,0.801,203,25.83,64.51,85.22,1.59
Magur,75.5,7909,15.7,104.75,29.3,8.38,4.38,1.01,0.92,122.5,29.8,1.863,112,22.67,109.3,60.95,1.62
Thai Koi,30.2,3100,40.8,102.65,26.0,7.16,7.37,0.67,0.68,160.7,34.4,2.517,169,76.67,184.57,77.65,1.72
Pangasius,22.3,5960,67.2,267.26,25.3,7.78,3.95,0.94,0.03,159.2,33.5,8.571,232,146.92,613.57,70.07,1.62
Catla,92.4,5689,7.9,61.57,27.4,8.26,7.27,0.79,0.26,82.2,30.6,1.029,125,12.32,55.58,79.28,1.61
Tilapia,65.4,5628,18.9,86.06,24.3,6.89,6.43,0.72,0.71,167.3,32.5,1.798,111,32.23,142.1,78.34,1.62
Tilapia,61.6,6407,57.3,104.01,28.3,8.07,6.98,0.29,0.36,125.0,32.3,5.544,221,152.0,897.49,92.16,1.44
Pabda,97.3,1896,78.9,19.49,27.8,6.65,5.07,0.48,0.18,172.4,34.1,2.723,110,123.37,196.18,83.87,1.49
Shing,66.0,305,30.2,4.62,25.2,7.39,5.93,0.56,0.3,73.3,30.2,0.207,103,45.24,11.42,82.74,1.54
Thai Koi,66.4,4950,10.5,74.55,30.3,7.69,7.4,0.67,0.25,156.9,31.9,1.221,160,18.75,79.44,85.57,1.51
Thai Koi,79.8,5326,27.8,66.74,24.3,7.97,6.85,0.71,0.56,96.9,27.6,3.257,94,41.7,172.13,77.5,1.55
Magur,85.9,3618,66.2,42.12,29.2,6.8,4.46,0.84,0.34,81.1,34.8,7.161,165,117.98,351.42,82.33,1.62
Thai Koi,94.5,4519,13.1,47.82,30.9,7.14,4.35,0.75,0.36,120.7,27.4,0.953,216,28.26,107.66,84.31,1.43
Common Carp,67.2,9481,65.5,141.09,30.5,8.25,3.63,1.06,0.86,146.1,34.0,10.309,148,92.88,528.36,60,1.81
Magur,37.1,3516,19.5,94.77,27.2,7.26,5.7,1.06,0.98,151.2,29.7,1.981,159,33.24,80.55,68.93,1.8
Pangasius,16.7,9712,44.8,581.56,29.2,6.98,5.81,1.06,0.99,83.2,33.5,11.182,128,72.62,440.32,62.43,1.72
Magur,99.3,5689,51.8,57.29,25.0,7.03,4.19,0.51,0.24,176.3,30.0,5.481,234,115.46,549.18,83.61,1.57
Pangasius,24.6,3672,34.4,149.27,27.1,7.35,6.29,0.78,0.25,85.2,31.4,2.034,221,81.6,255.75,85.36,1.41
Shing,16.9,8864,61.8,524.5,25.9,8.0,5.63,0.87,0.09,101.4,32.5,9.477,150,107.41,722.72,75.91,1.6
Common Carp,95.4,3755,64.8,39.36,25.1,6.96,6.94,0.58,0.17,74.3,26.5,6.983,158,111.67,342.8,81.75,1.73
Shing,9.8,7824,12.8,798.37,27.3,7.59,6.02,1.16,0.52,156.6,29.8,2.894,135,19.15,89.89,60,1.81
Mrigal,70.8,8551,33.0,120.78,28.7,7.78,7.44,0.51,0.98,176.1,28.7,5.333,104,46.86,304.53,76.0,1.84
Pangasius,33.4,4896,36.2,146.59,29.2,7.13,5.53,1.1,0.89,162.3,28.1,3.332,117,56.64,195.63,70.55,1.74
Common Carp,9.8,1774,17.2,181.02,25.9,7.2,5.17,1.14,0.66,179.1,28.2,0.717,229,31.47,33.49,60,1.75
Koi,31.2,4350,23.1,139.42,28.4,7.61,6.84,0.9,0.51,129.2,28.5,2.291,213,47.49,163.5,79.14,1.71
Common Carp,64.9,9635,36.2,148.46,31.0,8.04,6.57,0.7,0.36,175.9,26.8,5.267,154,62.4,509.24,84.7,1.58
Pangasius,82.3,3320,22.6,40.34,30.1,7.97,6.22,0.77,0.43,118.7,28.6,2.146,126,41.23,114.7,83.8,1.36
Pangasius,49.1,3542,22.4,72.14,26.1,6.8,3.6,0.12,0.93,173.4,34.4,1.769,233,49.92,141.62,80.09,1.54
Shing,52.3,6152,41.4,117.63,28.0,8.0,3.54,1.05,0.39,88.1,27.2,6.087,96,59.68,242.18,65.96,1.65
Thai Koi,11.6,8862,47.1,763.97,27.3,7.89,6.43,0.28,0.5,149.6,25.9,8.139,140,80.51,605.66,84.89,1.49
Catla,57.0,7217,39.4,126.61,30.8,6.59,5.47,0.92,0.48,163.8,33.8,4.806,140,61.95,344.92,77.15,1.63
Mrigal,11.9,5892,73.9,495.13,31.4,6.98,6.67,0.7,0.73,153.0,30.1,11.974,209,132.17,545.59,70.06,1.86
Magur,69.1,9490,43.4,137.34,28.3,7.0,4.23,0.56,0.6,74.6,28.2,11.656,102,65.77,477.08,76.44,1.66
Thai Koi,42.9,6713,11.6,156.48,31.6,6.91,3.54,0.88,0.87,93.5,27.6,1.456,162,18.73,79.88,63.53,1.61
Pangasius,65.3,1322,23.1,20.25,31.7,7.59,3.59,0.91,0.77,138.1,29.0,0.849,150,41.59,38.11,69.31,1.68
Mrigal,85.5,9082,60.6,106.22,25.6,7.73,5.47,0.84,0.49,91.4,29.9,15.025,164,101.38,756.38,82.15,1.74
Pangasius,16.0,334,78.8,20.88,25.2,8.01,6.74,0.27,0.94,152.1,27.9,0.403,184,171.25,48.77,85.27,1.38
Common Carp,51.1,6952,50.1,136.05,26.0,7.04,7.38,0.35,0.56,73.8,27.2,9.125,154,88.24,525.44,85.65,1.46
Thai Koi,75.5,482,70.9,6.38,28.3,6.88,6.55,0.58,0.74,166.3,25.1,0.519,166,123.3,46.57,78.36,1.78
Pangasius,50.6,7044,18.7,139.21,25.7,6.71,7.26,0.21,0.15,175.2,26.5,2.226,186,39.02,246.04,89.52,1.54
Shing,96.6,7046,68.7,72.94,31.9,6.88,7.14,0.64,0.22,96.0,32.6,10.02,113,103.41,605.29,83.07,1.65
Pabda,10.7,5936,65.7,554.77,28.0,6.53,7.01,0.2,0.77,179.2,26.6,10.413,238,128.36,538.0,70.61,1.7
Tilapia,75.4,1808,56.9,23.98,27.9,7.6,5.84,0.71,0.03,128.1,31.8,2.963,95,90.01,142.75,87.72,1.36
Magur,12.7,7328,71.2,577.01,31.6,7.79,4.19,0.5,0.39,145.1,26.1,11.27,134,113.52,689.79,82.92,1.51
Common Carp,46.3,8038,45.2,173.61,30.4,7.88,4.46,0.96,0.19,118.2,25.8,8.429,100,65.28,397.97,75.85,1.88
Pabda,38.3,3773,48.4,98.51,27.1,6.71,3.79,0.57,0.58,179.5,30.7,5.259,222,83.6,202.25,64.12,1.61
Catla,50.7,1100,24.5,21.7,27.3,8.42,6.16,0.27,0.02,174.2,33.4,0.48,173,42.31,40.56,87.14,1.6
Gulsha,75.4,1376,57.6,18.25,29.1,7.53,4.63,0.91,0.64,175.8,34.3,2.37,107,85.16,90.53,77.26,1.76
Magur,25.7,3704,77.7,144.12,25.1,7.6,5.08,1.16,0.16,144.8,28.8,7.512,203,149.09,408.48,73.97,1.69
Common Carp,40.0,3111,59.5,77.78,31.4,7.79,4.29,0.78,0.4,177.4,31.6,4.368,99,87.9,225.02,82.29,1.71
Magur,10.5,2581,16.8,245.81,28.1,8.05,6.54,0.35,0.5,172.7,30.1,0.82,222,37.01,80.5,84.26,1.44
Thai Koi,93.8,9232,77.7,98.42,27.8,7.85,3.89,0.36,0.82,159.0,26.0,12.266,166,140.9,1001.49,76.99,1.73
Catla,60.4,9727,61.9,161.04,24.7,8.27,6.6,0.85,0.13,88.5,26.4,9.333,212,111.93,765.07,70.27,1.84
Mrigal,9.7,4396,7.7,453.2,26.0,7.67,4.8,0.24,0.5,131.4,29.3,0.555,140,11.76,43.22,83.64,1.5
Koi,7.4,3068,11.2,414.59,25.1,6.97,5.0,0.46,0.47,84.8,30.5,0.887,130,19.38,51.24,86.2,1.37
Rohu,80.4,2571,17.6,31.98,28.9,6.66,7.33,1.03,0.19,113.4,26.0,1.063,115,23.63,42.54,70.02,1.74
Thai Koi,7.9,8706,41.1,1102.03,26.3,6.68,5.3,0.08,0.72,145.7,32.4,10.412,224,87.62,562.12,73.69,1.6
Tilapia,45.5,2063,47.0,45.34,25.1,7.68,5.73,0.07,0.18,79.5,34.9,2.288,213,117.2,232.12,96.0,1.37
Pangasius,51.9,6656,50.5,128.25,31.0,7.26,7.26,0.83,0.36,155.7,28.0,7.328,232,117.22,657.02,84.21,1.46
Shing,60.4,2533,27.6,41.94,28.9,6.83,5.53,1.09,0.79,86.4,30.2,1.538,166,45.41,77.72,67.56,1.57
Shing,7.5,8880,48.3,1184.0,29.9,7.65,3.63,0.42,0.76,109.9,27.8,8.664,101,70.3,425.17,68.11,1.75
Pangasius,83.5,909,26.6,10.89,31.8,8.42,4.48,0.58,0.17,80.8,25.3,0.643,105,42.46,31.63,81.95,1.33
Pangasius,98.9,2781,58.5,28.12,24.9,7.59,6.38,0.28,0.25,165.8,31.9,4.441,169,130.38,333.8,92.06,1.49
Rohu,38.7,4510,67.8,116.54,29.5,7.18,4.17,0.69,0.08,73.1,34.6,6.146,110,96.27,366.1,84.32,1.51
Silver Carp,33.5,5694,35.3,169.97,28.0,6.93,5.55,0.06,0.44,178.0,33.3,5.206,114,50.6,241.74,83.91,1.77
Gulsha,39.9,8755,51.0,219.42,30.8,6.71,3.78,0.32,0.52,89.9,28.9,12.77,212,90.81,501.69,63.1,1.62
Pabda,66.6,7874,9.6,118.23,24.1,7.19,4.33,0.75,0.54,140.7,31.7,1.368,124,14.22,83.88,74.91,1.61
Common Carp,94.8,5404,44.0,57.0,27.7,8.3,4.9,1.05,0.12,165.2,33.5,5.516,139,69.24,260.48,69.62,1.66
Gulsha,34.6,8560,72.2,247.4,26.0,7.94,6.03,0.83,0.31,134.9,32.1,11.125,202,131.05,843.94,75.23,1.77
Rohu,5.6,7901,18.9,1410.89,26.1,6.89,6.82,1.18,0.45,138.1,29.9,4.316,215,33.79,186.07,69.69,1.91
Thai Koi,36.5,4045,62.6,110.82,29.9,7.56,5.29,0.69,0.67,163.2,28.8,6.305,177,119.0,381.22,79.2,1.78
Shing,38.7,8764,21.8,226.46,27.7,7.57,6.79,0.72,0.52,76.2,32.8,5.12,120,32.5,196.64,69.03,1.73
Common Carp,13.1,358,69.9,27.33,26.0,8.34,5.0,0.74,0.4,142.2,34.4,0.663,202,134.87,38.92,80.6,1.7
Common Carp,84.4,5236,40.0,62.04,24.0,7.13,4.52,1.16,0.49,136.7,32.5,6.137,208,74.48,288.32,73.93,1.61
Magur,37.6,9988,65.9,265.64,27.7,6.75,6.52,0.12,0.36,148.5,29.2,15.731,234,140.23,1106.37,78.99,1.69
Thai Koi,74.8,3964,46.0,52.99,27.1,7.39,5.47,0.82,0.34,107.4,31.7,5.47,203,91.69,306.7,84.38,1.43
Shing,95.6,4349,64.7,45.49,28.7,7.39,4.18,0.65,0.67,111.8,32.8,4.39,204,119.02,386.08,74.59,1.85
Rohu,18.9,8430,54.5,446.03,28.9,8.44,7.27,1.15,0.14,127.5,28.6,8.913,92,67.19,365.34,64.5,1.73
Rohu,82.9,302,22.9,3.64,26.9,8.45,5.86,0.18,0.55,94.6,26.0,0.189,160,36.76,8.85,79.71,1.73
Pangasius,27.3,8410,39.2,308.06,29.5,6.7,7.38,0.81,0.24,131.9,27.7,8.143,239,89.6,547.1,72.6,1.6
Silver Carp,64.0,7277,44.9,113.7,31.6,8.33,6.97,1.04,0.63,91.9,26.8,5.228,101,59.72,267.29,61.51,1.72
Thai Koi,76.6,5825,41.1,76.04,24.6,7.44,5.58,0.21,0.1,141.8,28.5,4.812,117,68.87,370.62,92.38,1.57
Gulsha,71.2,5892,18.5,82.75,25.5,7.62,6.95,0.19,0.28,112.8,34.6,1.657,190,36.44,189.6,88.32,1.71
Tilapia,32.1,3507,56.6,109.25,26.8,8.32,7.47,0.66,0.1,160.6,31.8,4.923,141,108.64,314.16,82.46,1.34
Gulsha,81.1,2749,47.6,33.9,31.1,7.83,6.02,0.44,0.11,79.1,33.2,3.01,144,82.61,208.7,91.9,1.69
Koi,69.5,597,5.7,8.59,24.8,8.01,3.51,0.05,0.02,132.6,31.2,0.06,178,11.22,5.79,86.41,1.35
Shing,27.6,6533,45.6,236.7,29.9,7.67,7.19,0.95,0.98,162.3,25.0,6.941,240,88.57,407.92,70.5,1.72
Gulsha,10.4,8947,47.0,860.29,24.0,7.12,6.83,0.11,0.27,175.3,34.1,8.536,126,75.21,570.46,84.78,1.7
Rohu,92.5,5154,29.9,55.72,27.7,7.77,5.0,0.83,0.84,102.5,30.0,3.591,149,45.26,176.58,75.69,1.79
Magur,13.5,8013,29.3,593.56,28.1,8.24,5.82,0.27,0.86,81.3,28.5,6.738,193,55.05,318.18,72.13,1.79
Koi,84.7,9908,46.5,116.98,28.9,8.21,6.03,0.35,0.19,149.8,33.5,7.74,92,69.51,615.04,89.31,1.57
Catla,92.1,1079,46.2,11.72,26.1,7.6,6.03,0.7,0.54,92.9,28.4,1.495,165,73.74,61.13,76.83,1.86
Silver Carp,98.4,587,54.6,5.97,29.0,8.5,3.75,0.97,0.09,127.9,30.9,0.878,129,82.35,35.17,72.75,1.75
Common Carp,59.9,7670,25.4,128.05,27.1,7.79,5.01,0.16,0.39,174.9,29.1,3.721,130,41.91,292.58,91.02,1.54
Thai Koi,63.3,9041,20.9,142.83,31.9,7.73,4.28,0.48,0.2,167.1,29.2,5.102,154,38.72,324.5,92.69,1.45
Common Carp,96.9,7239,5.3,74.71,30.1,7.44,7.47,0.54,0.73,133.4,34.6,0.863,200,9.88,56.04,78.36,1.89
Magur,73.5,5707,11.4,77.65,31.7,7.69,4.53,0.8,0.34,134.6,27.3,1.861,94,16.54,80.8,85.6,1.41
Mrigal,22.5,8259,67.0,367.07,28.7,7.3,3.86,1.17,0.92,162.6,34.6,10.237,139,91.41,452.96,60,1.93
Catla,80.6,8136,74.2,100.94,27.5,7.45,7.1,0.83,0.5,125.9,25.9,15.334,120,114.54,765.17,82.11,1.68
Pabda,14.1,9641,16.2,683.76,29.3,7.88,5.45,0.41,0.72,150.9,32.2,4.217,105,24.3,173.77,74.17,1.82
Mrigal,55.8,1983,55.3,35.54,30.0,6.66,7.28,1.2,0.92,110.6,33.1,1.689,212,94.32,121.16,64.78,1.81
Thai Koi,16.3,5790,77.1,355.21,28.1,6.52,6.29,0.8,0.65,177.6,29.0,9.241,239,148.36,562.97,65.54,1.56
Magur,58.6,8392,68.0,143.21,28.3,7.4,3.97,0.72,0.66,73.4,27.3,10.842,181,117.72,677.1,68.54,1.59
Tilapia,11.8,9506,41.0,805.59,28.1,6.91,4.1,1.02,0.26,157.2,26.1,11.342,155,71.93,467.03,68.3,1.48
Tilapia,63.0,1628,5.5,25.84,29.2,8.11,6.88,0.39,0.29,104.9,25.1,0.147,91,9.17,14.17,94.93,1.26
Pabda,45.9,3694,32.0,80.48,28.2,6.79,5.73,0.17,0.08,109.3,26.4,1.986,172,59.02,189.88,87.1,1.59
Gulsha,81.1,2122,22.4,26.17,25.9,8.27,6.0,0.86,0.42,131.1,30.5,1.174,169,37.35,61.12,77.11,1.75
Catla,88.6,4814,5.1,54.33,26.3,7.89,6.59,0.79,0.12,95.7,32.5,0.732,167,8.63,34.12,82.13,1.71
Tilapia,26.2,8195,74.6,312.79,29.4,7.94,4.13,0.12,0.9,167.7,30.8,16.445,117,123.75,814.54,80.32,1.55
Common Carp,9.5,9540,15.2,1004.21,24.5,6.65,6.74,0.6,0.83,126.3,25.8,3.074,90,19.23,115.82,63.12,1.61
Pabda,85.2,7457,19.9,87.52,25.9,7.51,6.76,0.83,0.36,149.2,32.8,2.79,198,37.64,233.3,83.11,1.55
Mrigal,29.4,3399,45.7,115.61,29.7,8.44,5.34,0.89,0.71,116.3,28.2,4.287,175,72.27,181.14,73.74,1.86
Mrigal,57.4,4614,52.9,80.38,25.7,7.15,4.47,0.55,0.07,132.7,33.7,7.078,144,87.06,343.82,85.59,1.54
Rohu,82.1,2772,61.3,33.76,30.1,6.56,4.53,1.03,0.81,86.9,26.4,4.061,199,96.18,168.64,63.25,1.95
Koi,13.3,6472,29.4,486.62,24.0,8.47,7.01,0.5,0.4,138.7,33.1,4.319,231,64.06,325.53,78.52,1.41
Shing,90.2,5759,8.8,63.85,27.7,8.07,4.91,0.09,0.54,141.8,28.9,1.201,141,15.49,75.46,84.58,1.51
Shing,8.8,1139,78.0,129.43,28.6,6.87,6.6,0.65,0.92,118.1,33.6,2.212,119,119.03,104.73,77.25,1.63
Magur,12.8,7472,27.2,583.75,28.2,6.52,4.92,0.09,0.3,77.6,31.9,5.081,206,55.16,327.62,79.49,1.57
Pangasius,42.2,9940,51.4,235.55,27.2,6.79,3.74,0.15,0.63,158.9,32.9,14.459,181,97.25,635.77,65.77,1.51
Common Carp,68.5,4893,23.6,71.43,29.3,8.1,6.15,0.74,0.07,76.6,27.8,2.771,142,37.53,155.27,84.55,1.69
Pabda,42.6,5724,32.7,134.37,31.1,7.75,7.12,0.73,0.02,126.2,29.2,3.35,114,47.75,227.78,83.33,1.74
Tilapia,98.7,6692,75.8,67.8,28.5,7.49,7.12,0.85,0.16,167.6,26.9,10.602,116,129.77,746.42,85.95,1.28
Pangasius,72.7,7016,49.0,96.51,31.2,6.79,4.28,0.22,0.54,107.7,25.9,7.185,194,107.15,603.92,80.33,1.33
Silver Carp,62.8,7995,25.6,127.31,30.8,7.46,6.5,0.61,0.83,174.2,31.8,6.058,192,43.63,261.04,74.83,1.83
Pangasius,39.2,6586,42.5,168.01,31.5,7.18,7.36,0.39,0.91,146.6,25.3,5.038,151,77.97,402.27,78.34,1.68
Common Carp,12.5,8783,21.7,702.64,27.5,7.96,4.26,1.03,0.35,103.5,32.4,4.231,99,29.56,173.66,66.89,1.64
Gulsha,15.5,9798,33.2,632.13,29.2,6.76,4.73,0.77,0.12,109.5,33.1,9.531,149,54.43,387.75,72.71,1.8
Shing,21.8,8751,53.0,401.42,31.6,7.32,5.36,0.53,0.54,121.9,27.6,8.905,186,96.67,582.28,68.83,1.75
Common Carp,7.2,6885,52.3,956.25,26.4,7.55,6.61,1.11,0.78,168.6,32.0,10.695,208,84.23,347.95,60,1.9
Silver Carp,25.7,5913,63.1,230.08,25.0,8.24,5.75,0.06,0.74,80.9,25.2,6.567,165,103.72,440.84,71.88,1.84
Rohu,42.3,5260,62.4,124.35,24.4,6.68,3.6,0.73,0.86,121.3,31.2,7.024,126,90.01,305.66,64.56,1.73
Pangasius,72.0,675,20.4,9.38,27.5,7.19,6.81,0.74,0.28,109.8,31.8,0.235,114,35.53,20.04,83.58,1.43
Thai Koi,56.5,3560,79.8,63.01,25.2,7.77,4.57,1.14,0.67,125.0,27.6,5.0,189,146.06,343.71,66.1,1.69
Gulsha,44.7,5398,5.4,120.76,30.6,6.92,3.91,0.27,0.93,107.2,26.4,0.478,98,7.9,31.95,74.87,1.66
Koi,29.4,6721,59.0,228.61,27.7,7.8,4.62,0.61,0.51,134.3,34.0,8.327,145,99.16,476.76,71.54,1.73
Pabda,57.2,563,14.0,9.84,29.4,7.58,3.59,1.19,0.73,172.0,26.2,0.178,190,23.3,7.87,60,1.63
Common Carp,93.4,6461,9.2,69.18,29.6,7.96,4.41,0.99,0.82,113.7,28.4,1.504,128,14.75,72.61,76.17,1.75
Silver Carp,76.9,4536,58.3,58.99,25.1,8.44,4.28,0.21,0.86,112.5,32.5,4.337,127,85.01,304.06,78.85,1.65
Tilapia,23.4,3691,31.5,157.74,24.2,8.41,6.57,0.35,0.74,121.0,31.4,2.802,146,55.58,153.76,74.96,1.39
Shing,66.7,7713,74.9,115.64,27.4,6.94,4.68,0.69,0.42,142.1,33.7,17.042,173,144.49,954.33,85.63,1.7
Gulsha,27.2,4958,21.3,182.28,28.4,6.69,4.43,0.62,0.13,147.9,32.4,2.925,195,38.35,136.95,72.03,1.63
Pangasius,55.4,2559,37.7,46.19,25.8,7.75,7.45,0.78,0.5,114.6,28.0,2.595,208,83.99,186.85,86.93,1.35
Rohu,57.8,9002,30.5,155.74,24.6,7.57,5.38,0.83,0.12,164.4,29.2,4.475,233,56.18,386.55,76.43,1.89
Common Carp,24.9,4761,45.1,191.2,25.4,7.78,4.08,1.17,0.48,80.3,31.5,5.518,166,71.56,224.32,65.84,1.62
Pangasius,38.5,2001,62.3,51.97,28.2,7.24,6.7,0.35,0.37,170.9,34.1,3.042,167,130.61,241.14,92.27,1.37
Silver Carp,42.8,4523,9.9,105.68,30.7,7.65,4.59,0.52,0.39,77.4,30.8,1.128,179,17.01,62.22,80.89,1.72
Koi,37.5,5287,76.2,140.99,31.9,8.39,6.31,0.29,0.38,84.9,34.9,6.808,198,165.08,770.77,88.31,1.41
Thai Koi,33.0,3174,71.1,96.18,29.5,8.25,4.42,0.32,0.38,101.6,34.2,4.423,161,140.32,384.01,86.22,1.37
Mrigal,22.7,3878,76.2,170.84,25.1,6.81,5.94,0.45,0.19,80.0,33.1,5.408,130,119.15,381.85,82.64,1.58
Mrigal,9.5,5109,47.8,537.79,30.7,8.08,5.38,0.88,0.3,97.6,25.4,5.031,169,81.35,321.63,77.39,1.69
Tilapia,29.0,2272,79.6,78.34,27.3,8.02,4.81,0.96,0.67,100.3,26.3,3.346,140,149.41,263.45,77.61,1.63
Tilapia,29.5,4660,30.8,157.97,25.9,7.8,7.15,0.67,0.66,170.8,31.5,3.43,232,69.75,227.66,70.04,1.51
Mrigal,76.6,1982,26.4,25.87,30.6,7.55,6.55,0.17,0.03,82.2,25.6,0.806,140,44.12,80.29,91.82,1.78
Magur,84.8,703,22.2,8.29,28.5,8.11,4.19,0.42,0.42,137.9,25.2,0.415,185,44.58,28.23,90.07,1.56
Mrigal,11.2,1960,66.8,175.0,27.8,7.72,3.69,0.9,0.71,153.1,27.0,3.862,196,111.37,132.48,60.69,1.87
Shing,64.6,5184,28.3,80.25,25.2,7.31,6.72,0.83,0.27,156.3,26.3,2.626,179,54.24,239.99,85.35,1.6
Koi,64.0,6465,59.9,101.02,26.2,8.4,6.09,0.12,0.05,82.0,27.2,9.836,101,92.03,509.03,85.56,1.49
Rohu,22.6,8878,42.2,392.83,26.8,6.58,5.94,0.42,0.52,176.4,29.5,8.055,104,60.36,397.17,74.12,1.93
Pabda,15.3,6360,34.2,415.69,32.0,7.07,7.42,0.58,0.03,145.3,34.1,5.025,200,61.98,295.94,75.07,1.62
Pangasius,27.3,7326,14.2,268.35,30.2,6.51,7.39,0.49,0.48,73.7,32.8,1.997,99,23.34,135.05,78.99,1.41
Catla,58.9,4708,32.5,79.93,27.0,6.69,4.85,0.16,0.16,71.7,27.7,2.463,193,58.85,236.72,85.43,1.68
Gulsha,74.8,5296,54.3,70.8,28.8,7.4,3.97,0.47,0.03,163.8,28.0,8.34,213,108.15,480.6,83.91,1.62
Rohu,70.8,3198,53.4,45.17,28.0,7.02,6.13,0.92,0.16,178.9,26.1,4.116,200,98.34,260.8,82.93,1.68
Thai Koi,89.6,3917,17.6,43.72,29.8,8.33,4.78,0.76,0.21,103.6,31.6,1.689,96,24.89,78.78,80.8,1.44
Common Carp,5.9,2224,51.0,376.95,31.1,8.48,4.1,0.49,0.5,95.7,26.3,3.233,129,76.27,133.6,78.76,1.48
Shing,66.3,8979,71.1,135.43,27.5,8.33,5.06,0.7,0.13,81.0,34.7,14.683,205,146.08,1047.21,79.84,1.52
Gulsha,96.0,582,38.9,6.06,29.8,6.59,4.7,0.08,0.49,122.0,28.9,0.611,132,66.39,33.76,87.36,1.63
Koi,49.7,4710,19.0,94.77,31.8,7.13,4.19,0.37,0.15,156.3,29.6,1.611,219,41.84,179.82,91.24,1.5
Tilapia,98.3,1250,45.6,12.72,27.1,8.0,5.7,0.84,0.83,114.3,30.3,1.522,169,91.91,93.0,80.95,1.62
Gulsha,54.8,3436,48.4,62.7,27.4,7.58,4.63,1.2,0.26,83.7,31.8,4.207,118,70.52,176.6,72.88,1.89
Common Carp,64.5,3286,8.1,50.95,29.1,6.63,5.07,0.17,0.24,109.7,26.5,0.665,191,15.11,41.97,84.54,1.55
Common Carp,40.5,5657,44.5,139.68,31.4,8.02,5.02,0.55,0.54,72.3,31.1,6.495,237,88.97,377.44,74.99,1.73
Pangasius,93.1,9417,47.4,101.15,24.9,8.48,5.28,0.88,0.55,93.1,27.1,9.329,199,96.88,679.43,74.47,1.46
Pabda,87.7,6018,65.6,68.62,26.4,8.0,6.51,0.58,0.93,77.9,29.7,8.211,235,131.65,596.5,75.29,1.86
Pangasius,42.0,4081,28.3,97.17,25.9,6.93,3.5,0.84,0.5,90.1,30.2,1.883,143,49.74,156.77,77.23,1.68
Rohu,18.5,6292,47.1,340.11,26.9,7.17,4.86,0.94,0.07,121.5,34.8,8.624,149,77.01,375.52,77.5,1.77
Tilapia,76.5,8968,47.9,117.23,26.9,7.79,7.39,0.45,0.32,106.7,31.9,10.868,225,118.65,986.16,92.68,1.34
Rohu,51.5,8496,35.2,164.97,26.3,6.68,5.96,0.36,0.52,107.7,31.1,7.387,136,54.0,330.95,72.13,1.9
Common Carp,42.0,7249,37.7,172.6,30.2,8.47,5.79,0.68,0.17,120.3,32.8,4.509,201,66.96,356.45,73.44,1.9
Common Carp,46.7,522,79.0,11.18,24.4,7.2,5.13,0.2,0.5,149.4,31.9,0.656,94,114.62,53.89,90.07,1.6
Gulsha,11.0,4158,9.1,378.0,24.2,8.18,6.05,0.86,0.11,170.7,25.8,0.779,99,12.25,39.05,76.65,1.75
Pabda,99.9,4918,9.6,49.23,29.5,6.55,6.11,0.17,0.2,109.6,27.2,0.916,215,19.35,79.73,83.8,1.71
Gulsha,93.8,5007,58.3,53.38,29.8,7.11,7.02,0.7,0.83,117.1,33.0,4.554,155,93.94,355.7,75.62,1.82
Pabda,48.6,7160,62.2,147.33,24.8,8.34,5.09,1.14,0.35,178.7,33.3,11.49,99,89.86,444.46,69.08,1.72
Pabda,88.9,6536,12.7,73.52,24.5,8.13,5.88,0.78,0.6,108.8,28.6,1.403,197,23.53,116.33,75.63,1.64
Shing,91.9,425,48.7,4.62,28.0,7.37,5.59,1.07,0.06,170.5,32.1,0.534,182,87.98,27.24,72.84,1.84
Thai Koi,85.8,8031,56.2,93.6,24.8,7.37,3.78,0.26,0.36,169.0,30.2,12.231,231,123.23,846.44,85.53,1.4
Silver Carp,28.2,5974,29.9,211.84,30.5,7.48,6.89,0.84,0.51,91.7,25.7,3.376,124,42.86,170.9,66.75,1.98
Silver Carp,83.0,4930,37.3,59.4,29.0,6.96,3.67,0.56,0.24,158.0,30.9,4.211,190,64.65,234.83,73.68,1.78
Rohu,65.0,3669,56.3,56.45,27.4,7.42,4.8,0.79,0.18,74.5,28.7,3.243,138,87.37,271.74,84.77,1.57
Silver Carp,42.1,748,69.5,17.77,25.0,8.48,6.95,0.74,0.2,174.5,31.9,1.242,98,95.4,55.93,78.37,1.64
Silver Carp,49.1,6812,42.9,138.74,27.7,6.63,3.73,0.46,0.13,141.9,31.6,5.991,162,71.25,386.77,79.69,1.56
Gulsha,79.3,5875,48.8,74.09,26.4,6.72,4.29,0.14,0.07,162.4,34.4,5.505,115,75.61,380.5,85.66,1.51
Magur,26.0,8480,11.8,326.15,29.2,7.9,7.04,0.6,0.03,83.4,33.6,1.601,236,23.83,150.6,74.51,1.6
Pabda,70.9,6090,9.7,85.9,29.3,7.37,4.74,0.44,0.37,137.6,31.3,1.329,151,16.82,90.24,88.1,1.57
Koi,84.5,4669,19.5,55.25,27.5,6.68,4.55,0.72,0.03,79.2,29.2,2.476,92,29.21,111.57,81.82,1.36
Tilapia,89.6,4163,60.6,46.46,24.7,7.84,4.41,0.44,0.63,172.9,28.3,7.165,152,123.88,439.5,85.22,1.47
Silver Carp,78.8,3550,77.2,45.05,24.0,7.39,6.73,0.73,0.39,155.3,34.2,8.14,183,143.61,418.92,82.17,1.64
Pangasius,54.9,1842,55.6,33.55,31.2,6.8,3.75,1.16,0.68,78.2,28.7,2.929,121,84.61,95.94,61.56,1.71
Shing,60.1,4269,32.1,71.03,32.0,7.64,6.24,0.27,0.84,142.8,26.6,3.508,191,65.03,228.02,82.13,1.42
Pabda,56.8,5057,63.0,89.03,25.4,6.58,6.59,0.83,0.96,80.5,32.2,6.977,96,90.63,318.42,69.48,1.7
Pangasius,77.9,9250,72.8,118.74,31.8,6.7,7.26,0.23,0.59,104.8,31.1,20.0,210,159.05,1172.99,79.73,1.56
Rohu,31.2,7772,72.0,249.1,30.5,7.46,3.72,0.56,0.65,89.9,32.7,13.318,111,92.16,456.55,63.74,1.67
Mrigal,17.8,5926,54.9,332.92,31.7,7.02,5.11,1.17,0.74,156.0,25.5,6.246,156,81.05,288.18,60,1.91
Mrigal,92.8,6616,24.4,71.29,31.3,7.93,3.53,1.1,0.28,134.7,30.9,4.778,235,43.8,196.72,67.88,1.88
Thai Koi,13.0,3485,39.9,268.08,27.7,7.22,4.39,0.51,0.12,70.9,33.3,3.629,199,77.55,203.85,75.43,1.75
Magur,9.2,7898,64.4,858.48,28.0,7.94,4.02,0.09,0.79,152.3,33.6,13.987,152,106.76,637.54,75.61,1.6
Tilapia,98.9,2592,44.1,26.21,28.8,7.8,6.37,1.19,0.95,77.9,25.4,3.429,120,74.93,135.15,69.59,1.48
Silver Carp,91.6,3732,65.5,40.74,29.8,7.29,7.45,0.84,0.78,83.9,31.0,4.4,170,112.7,316.26,75.19,1.72
Koi,14.7,8855,51.6,602.38,24.4,8.26,4.51,0.33,0.99,104.4,25.6,13.479,119,79.66,503.21,71.34,1.62
Koi,51.2,7644,11.2,149.3,27.9,6.72,6.45,1.03,0.48,83.0,32.7,1.875,206,21.41,115.46,70.54,1.71
Koi,95.8,7439,22.6,77.65,29.0,8.02,6.71,0.06,0.35,95.7,33.3,2.656,141,42.09,282.23,90.13,1.62
Catla,46.3,3952,70.9,85.36,31.0,7.99,3.84,0.05,0.46,172.7,27.7,6.052,190,123.74,410.69,83.98,1.58
Silver Carp,21.8,6059,78.2,277.94,27.7,7.34,4.1,0.29,0.51,100.3,30.4,8.339,201,140.24,651.57,76.68,1.77
Catla,59.6,7164,25.0,120.2,24.8,6.93,5.15,0.49,0.98,110.4,31.1,2.937,218,49.47,294.92,83.22,1.84
Tilapia,25.7,3031,19.0,117.94,27.8,6.91,6.99,0.45,0.08,98.9,25.6,1.584,197,43.51,123.85,93.91,1.35
Shing,21.3,9926,13.1,466.01,27.1,6.58,4.57,1.17,0.83,158.6,34.6,2.965,162,19.37,115.35,60,1.6
Magur,48.2,6212,55.3,128.88,26.7,8.09,4.72,0.16,0.47,123.0,25.2,9.069,193,114.13,646.94,91.25,1.5
Thai Koi,90.9,4876,67.7,53.64,25.4,7.25,6.7,0.66,0.64,137.5,34.4,7.361,137,108.62,405.97,76.65,1.63
Thai Koi,24.9,3936,18.4,158.07,26.5,6.82,7.44,0.85,0.43,95.2,27.4,1.832,189,35.83,108.32,76.81,1.75
Thai Koi,91.5,3543,42.1,38.72,25.1,8.18,7.48,0.9,0.26,153.0,29.0,2.536,203,86.56,260.43,84.92,1.36
Shing,76.0,5180,66.7,68.16,25.9,6.83,6.81,0.18,0.09,115.4,28.3,6.945,187,133.46,623.35,90.17,1.5
Koi,34.7,7624,59.3,219.71,25.9,7.6,6.55,0.71,0.79,134.8,33.7,7.641,215,115.48,624.46,70.93,1.75
Pangasius,84.1,4798,24.4,57.05,25.4,6.99,5.67,0.8,0.02,125.4,32.7,2.482,231,59.91,251.65,87.54,1.49
Gulsha,46.3,2510,36.1,54.21,31.3,7.57,4.27,0.5,0.39,136.6,25.4,2.7,97,51.62,118.41,91.38,1.52
Shing,61.3,5485,31.1,89.48,26.4,8.36,3.61,0.98,0.74,85.5,31.2,3.753,185,53.97,187.07,63.19,1.56
Silver Carp,20.3,6926,64.9,341.18,24.2,7.22,5.59,1.16,0.51,115.5,26.7,8.181,176,103.83,432.98,60.21,1.71
Shing,16.6,3851,63.3,231.99,27.0,8.17,5.68,0.57,0.55,140.7,27.0,4.875,119,93.27,247.88,69.01,1.61
Thai Koi,66.0,1964,9.8,29.76,28.7,8.24,7.18,0.71,0.46,71.3,33.9,0.4,171,19.13,30.27,80.57,1.62
Magur,36.6,3721,18.0,101.67,31.4,6.51,6.75,0.62,0.68,117.6,34.0,1.132,122,27.42,74.18,72.69,1.79
Rohu,21.5,5735,25.4,266.74,29.1,7.96,5.19,0.8,0.94,100.2,30.7,3.205,143,39.69,160.99,70.73,1.69
Tilapia,76.1,3682,33.0,48.38,25.5,8.2,6.13,0.06,0.42,84.4,25.6,2.685,181,75.08,258.24,93.41,1.44
Shing,36.1,4294,78.1,118.95,29.1,6.71,3.62,1.05,0.9,170.0,34.1,7.747,153,118.41,305.06,60,1.62
Catla,31.6,5976,71.8,189.11,24.7,7.57,7.43,0.42,0.06,137.5,34.1,10.341,91,98.85,494.99,83.79,1.65
Common Carp,66.7,2905,24.9,43.55,27.4,7.03,5.99,0.06,0.15,72.8,33.0,2.105,230,52.04,136.37,90.21,1.45
Gulsha,31.9,7136,40.8,223.7,26.6,6.84,6.21,1.06,0.49,87.4,33.9,4.687,203,73.87,343.24,65.11,1.76
Pangasius,71.7,6543,11.1,91.26,26.0,7.5,4.43,0.8,0.89,173.9,32.7,1.46,226,25.1,128.55,78.28,1.73
Magur,31.5,1930,26.1,61.27,29.4,7.1,6.01,0.12,0.87,76.9,31.0,1.048,166,48.69,79.26,84.34,1.7
Shing,60.3,917,55.0,15.21,31.4,7.41,4.02,0.77,0.34,86.3,32.1,0.958,114,85.81,65.13,82.76,1.45
Pabda,7.9,2419,73.9,306.2,25.7,6.65,3.97,0.98,0.21,97.9,31.8,3.486,117,107.21,165.38,63.77,1.86
Pangasius,14.8,8835,33.6,596.96,31.3,7.94,5.87,0.56,0.84,83.5,28.5,7.362,201,67.82,420.26,70.14,1.73
Shing,57.1,2946,61.1,51.59,24.4,7.11,4.62,1.12,0.7,110.1,29.5,3.762,170,100.89,195.62,65.82,1.7
Thai Koi,5.5,759,71.3,138.0,27.5,7.29,6.93,0.57,0.95,78.1,28.9,1.348,186,130.01,74.64,75.64,1.57
Gulsha,27.1,3513,23.2,129.63,28.1,7.47,4.05,0.73,0.77,80.5,33.3,1.907,198,43.73,118.77,77.32,1.85
Gulsha,28.7,646,23.3,22.51,26.2,7.6,3.5,0.66,0.85,149.4,25.4,0.34,125,33.58,14.75,67.98,1.87
Catla,58.5,1469,23.2,25.11,30.0,7.4,7.1,1.02,0.96,93.9,31.3,0.9,190,39.26,38.33,66.47,1.84
Pangasius,13.3,6771,41.2,509.1,26.9,7.95,6.93,0.99,0.12,100.6,33.5,6.137,95,64.25,338.0,77.69,1.54
Tilapia,69.9,7449,60.7,106.57,31.2,8.15,5.16,1.01,0.22,90.3,30.7,12.389,177,119.78,691.67,77.52,1.43
Magur,64.8,6872,36.6,106.05,27.7,8.22,5.67,0.59,0.97,76.7,32.6,6.64,92,52.23,264.0,73.55,1.77
Shing,69.1,3247,12.5,46.99,27.9,7.3,7.2,0.05,0.58,130.5,34.2,1.153,139,20.23,54.74,83.34,1.44
Magur,71.4,9288,42.2,130.08,26.6,8.41,6.18,0.8,0.9,141.0,32.1,7.957,234,86.48,592.32,73.74,1.59
Pangasius,41.9,1576,26.5,37.61,25.4,7.58,6.8,0.83,0.61,100.1,26.0,1.207,184,55.42,67.0,76.71,1.61
Magur,36.5,5060,12.6,138.63,25.4,6.92,4.74,0.95,0.65,74.0,33.9,1.664,107,18.79,72.53,76.28,1.57
Thai Koi,67.3,4432,54.9,65.85,27.0,8.35,4.67,0.6,0.8,145.8,32.2,3.99,181,105.43,336.09,71.93,1.62
Pabda,91.8,4830,5.2,52.61,31.4,8.04,7.05,0.45,0.13,100.6,25.2,0.387,227,11.34,49.47,90.35,1.53
Rohu,96.2,1448,61.6,15.05,30.1,7.29,5.06,0.42,0.16,120.5,26.7,1.704,209,120.37,162.8,93.41,1.78
Gulsha,76.0,6594,73.4,86.76,30.8,6.59,6.08,1.13,0.63,94.2,33.8,12.923,148,112.54,468.49,63.13,1.64
Mrigal,28.1,3447,37.1,122.67,29.7,6.66,5.5,0.1,0.3,118.6,30.0,1.995,224,74.82,219.85,85.24,1.74
Silver Carp,98.1,8089,44.6,82.46,26.7,8.34,5.91,0.86,0.94,133.9,28.9,9.524,184,72.38,418.4,71.46,1.94
Gulsha,49.9,3105,36.9,62.22,25.4,7.43,6.84,1.09,0.24,137.8,32.1,2.246,118,56.29,129.38,74.03,1.8
Mrigal,69.8,1166,62.8,16.7,30.6,7.66,3.69,0.15,0.13,97.5,27.0,1.911,194,113.37,109.35,82.72,1.76
Mrigal,28.3,7315,45.3,258.48,28.8,7.89,7.12,0.68,0.64,174.4,26.0,7.456,108,65.21,322.22,67.55,1.66
Silver Carp,88.2,4786,24.3,54.26,29.9,7.11,6.21,0.68,0.05,172.4,25.4,1.861,109,35.11,141.59,84.25,1.78
Tilapia,36.7,4741,53.6,129.18,30.8,6.8,6.79,0.08,0.15,115.5,26.1,6.124,238,136.91,614.74,94.71,1.46
Shing,19.8,7123,53.8,359.75,26.2,7.16,6.49,0.53,0.12,106.6,25.8,10.117,170,92.27,506.31,77.04,1.71
Magur,96.2,2887,65.3,30.01,29.8,7.26,6.4,0.9,0.38,96.1,30.3,3.865,91,99.56,241.42,83.99,1.65
Thai Koi,63.6,7686,14.1,120.85,26.4,6.92,4.08,0.6,0.88,131.3,32.4,3.175,90,21.25,125.57,76.87,1.58
Mrigal,21.9,2470,10.0,112.79,28.4,7.85,3.77,0.22,0.25,70.2,30.1,0.489,107,15.16,30.73,82.05,1.67
Silver Carp,24.5,1905,72.0,77.76,28.9,7.22,4.43,0.57,0.8,76.1,29.0,3.607,209,131.36,193.57,77.35,1.73
Silver Carp,19.2,7420,12.7,386.46,24.0,7.05,4.68,0.46,0.97,113.6,26.5,2.705,195,21.43,120.17,75.56,1.99
Thai Koi,74.0,2683,54.6,36.26,26.3,7.79,3.91,0.81,0.11,102.3,30.4,3.296,153,91.23,187.67,76.67,1.78
Pabda,64.6,591,49.4,9.15,30.1,6.93,7.19,0.72,0.28,137.0,29.4,0.771,201,93.93,46.14,83.12,1.64
Pabda,82.6,1506,25.1,18.23,25.3,6.53,7.19,0.48,0.82,170.3,26.4,0.839,110,37.93,45.2,79.14,1.55
Mrigal,59.9,7228,33.1,120.67,26.7,6.76,6.55,0.66,0.71,165.8,34.3,6.436,233,64.08,337.49,72.87,1.69
Common Carp,79.0,9205,39.5,116.52,25.2,8.28,5.64,0.5,0.83,93.7,27.1,8.908,206,76.32,567.14,80.73,1.52
Pangasius,86.0,2769,79.2,32.2,29.0,8.08,7.03,0.94,0.7,111.9,28.8,5.965,193,165.29,356.78,77.95,1.75
Thai Koi,34.7,6090,40.7,175.5,29.4,6.58,3.64,1.13,0.63,135.8,29.3,6.271,159,62.78,229.4,60,1.51
Tilapia,91.8,9252,24.5,100.78,25.5,7.43,6.89,0.43,0.27,136.6,32.8,4.352,171,51.74,443.64,92.68,1.28
Tilapia,43.0,2343,51.6,54.49,29.0,8.44,5.04,0.49,0.58,149.0,32.3,3.421,234,120.84,229.65,81.11,1.45
Catla,59.7,5808,75.0,97.29,28.8,7.7,4.42,0.56,0.09,92.0,31.1,7.841,232,144.81,710.18,84.44,1.73
Koi,15.2,1735,79.9,114.14,25.8,7.82,5.82,0.66,0.47,169.3,27.9,3.577,218,166.62,245.51,84.93,1.39
Thai Koi,77.5,2978,58.3,38.43,31.0,6.88,6.39,0.95,0.88,152.8,28.4,3.073,119,96.36,225.94,78.74,1.65
Catla,25.2,4594,10.1,182.3,24.0,7.19,4.81,0.81,0.89,146.9,34.1,1.197,179,16.87,53.14,68.55,1.72
Gulsha,78.6,4052,78.2,51.55,30.7,8.48,6.45,0.51,0.4,149.8,31.5,5.83,119,120.1,381.74,78.44,1.7
Thai Koi,16.7,9554,74.6,572.1,26.9,6.69,4.0,0.75,0.22,135.4,28.4,20.812,122,115.03,782.57,71.21,1.53
Tilapia,87.7,742,28.1,8.46,27.2,6.56,6.48,0.7,0.18,124.2,29.8,0.425,95,43.7,27.15,83.72,1.43
Silver Carp,7.4,1333,32.6,180.14,27.2,8.11,3.68,0.06,0.37,144.6,31.1,1.295,96,44.07,43.6,74.22,1.81
Magur,66.6,8846,53.7,132.82,29.2,6.69,4.47,0.68,0.64,167.9,26.1,8.788,232,111.51,689.97,69.95,1.84
Pangasius,39.1,3418,34.1,87.42,25.1,6.57,6.13,0.07,0.03,176.0,32.1,1.888,107,55.72,169.28,88.88,1.53
Rohu,90.2,2838,78.8,31.46,24.3,7.96,7.35,0.69,0.74,131.2,31.5,5.68,197,133.16,293.19,77.58,1.67
Gulsha,24.7,3069,19.8,124.25,31.8,6.67,4.84,0.87,0.04,106.1,32.5,1.726,158,34.48,80.73,76.3,1.65
Pabda,96.3,6172,52.7,64.09,25.1,6.51,7.15,0.67,0.33,114.9,32.8,6.082,113,79.39,391.26,79.85,1.52
Koi,46.9,2305,45.6,49.15,27.6,7.97,5.45,0.15,0.38,146.7,32.7,2.228,166,87.24,186.8,92.89,1.49
Tilapia,42.2,8732,69.3,206.92,27.5,8.08,5.12,0.94,0.4,72.2,30.3,11.739,208,152.12,1065.17,80.19,1.59
Pangasius,84.1,8053,53.4,95.76,29.4,7.51,3.82,0.24,0.46,164.2,29.6,11.998,117,89.52,604.32,83.83,1.4
Mrigal,34.4,9992,27.9,290.47,24.9,7.49,3.64,0.34,0.73,108.3,32.2,8.335,224,49.52,343.35,69.39,1.7
Gulsha,10.6,6277,41.6,592.17,30.5,7.6,6.41,0.43,0.45,93.0,29.2,6.371,136,69.86,356.58,81.32,1.63
Shing,89.0,8575,27.2,96.35,25.1,7.89,5.39,0.31,0.64,166.6,26.8,4.688,193,52.56,374.17,83.02,1.53
Rohu,92.2,6375,68.8,69.14,27.4,8.15,4.15,1.14,0.9,113.7,33.0,9.825,162,106.5,462.41,68.11,1.73
Catla,13.0,5608,27.4,431.38,27.7,6.99,4.98,0.56,0.11,73.6,30.5,4.379,233,52.86,229.1,77.28,1.94
Catla,6.3,2740,59.7,434.92,24.3,6.76,7.18,0.9,0.35,102.4,28.3,3.124,139,85.8,165.29,70.31,1.84
Koi,53.5,3326,67.5,62.17,30.3,7.95,5.88,0.99,0.05,97.2,28.6,4.782,137,122.16,339.56,83.57,1.57
Gulsha,59.4,1555,23.2,26.18,24.7,7.82,4.71,0.4,0.44,138.6,29.0,0.639,142,39.91,54.66,88.07,1.46
Catla,57.1,7186,8.8,125.85,27.0,6.57,4.65,0.7,0.71,98.0,27.6,1.334,186,14.31,73.82,71.77,1.74
Koi,79.9,9459,44.8,118.39,31.1,6.98,4.81,1.18,0.74,88.2,30.6,8.687,204,86.95,569.62,69.26,1.5
Thai Koi,95.3,1550,73.1,16.26,26.4,7.04,7.33,1.11,0.77,149.4,25.6,3.173,146,119.17,124.15,67.21,1.63
Magur,63.5,8757,25.4,137.91,25.4,7.88,6.45,1.04,0.26,81.7,34.6,4.115,117,36.86,236.0,73.11,1.84
Common Carp,72.2,1094,56.5,15.15,24.8,6.9,6.82,0.85,0.05,162.5,28.2,1.768,219,114.44,104.25,83.27,1.68
Magur,97.8,3435,54.8,35.12,28.6,6.87,5.39,0.38,0.37,103.2,34.8,5.515,220,118.54,364.15,89.43,1.62
Tilapia,11.5,8841,47.2,768.78,29.7,7.72,3.56,1.12,0.16,136.6,28.4,7.637,139,78.81,444.65,63.82,1.52
Silver Carp,11.4,2293,74.1,201.14,26.1,7.57,3.93,0.15,0.64,169.6,26.4,4.656,220,128.66,205.45,69.64,1.71
Pabda,7.6,7869,36.1,1035.39,28.4,7.12,3.61,0.89,0.86,92.5,29.6,4.716,216,63.86,315.35,62.75,1.68
Pangasius,8.9,5851,8.6,657.42,31.5,7.45,4.98,0.79,0.79,162.3,33.2,1.379,213,18.2,75.12,70.53,1.62
Shing,46.0,7943,19.0,172.67,24.4,7.69,5.15,0.7,0.36,83.3,26.3,2.52,213,37.64,233.07,77.96,1.71
Pabda,96.2,5797,16.9,60.26,28.9,7.16,5.46,0.96,0.15,178.3,29.1,1.509,174,30.85,147.36,82.39,1.47
Common Carp,100.0,9723,8.1,97.23,31.6,7.3,4.16,0.71,0.72,119.3,30.2,1.969,201,14.67,106.47,74.65,1.87
Catla,13.9,5988,69.0,430.79,28.2,7.07,5.94,0.07,0.69,174.2,28.2,11.238,232,127.37,569.86,74.72,1.91
Common Carp,50.9,8829,61.4,173.46,29.3,7.25,4.59,0.63,0.97,118.1,26.3,9.649,187,106.08,632.85,67.57,1.75
Mrigal,35.1,5711,11.3,162.71,24.0,7.77,5.53,0.94,0.07,138.8,27.8,1.581,121,17.23,76.76,78.02,1.89
Koi,9.4,2079,63.8,221.17,29.4,6.77,4.69,0.37,0.51,166.7,33.5,3.475,215,122.69,186.85,73.25,1.56
Tilapia,80.3,4785,70.8,59.59,27.4,6.59,3.91,0.91,0.88,160.6,32.6,5.759,164,133.85,419.5,65.5,1.52
Silver Carp,13.2,8844,34.4,670.0,26.0,6.68,5.97,0.13,0.86,81.8,28.9,7.302,184,55.71,352.75,71.59,1.97
Magur,24.5,6407,42.2,261.51,31.0,7.46,4.61,0.44,0.34,131.0,31.4,6.922,169,78.21,420.05,83.83,1.54
Common Carp,11.6,7392,52.0,637.24,27.2,7.9,4.11,0.43,0.31,91.9,32.7,6.265,117,79.75,500.77,84.95,1.64
Pabda,60.6,1033,12.9,17.05,25.6,8.02,4.01,1.01,0.5,92.4,27.4,0.22,209,23.91,18.54,75.07,1.8
Shing,95.0,9138,64.7,96.19,25.8,7.95,5.3,0.68,0.08,117.9,33.6,12.83,135,104.33,806.46,84.59,1.52
Pangasius,34.0,3869,55.7,113.79,28.0,7.46,5.99,0.39,0.59,137.2,34.8,5.711,178,112.66,373.74,85.74,1.33
Shing,93.9,8575,40.5,91.32,24.4,7.59,5.39,0.73,0.5,106.6,33.4,8.161,95,62.18,450.39,84.47,1.56
Pangasius,47.4,3826,23.4,80.72,30.2,7.9,7.03,0.34,0.05,167.6,30.7,1.719,144,47.42,171.06,94.28,1.38
Silver Carp,9.3,7939,44.1,853.66,29.1,7.93,5.57,0.96,0.02,127.8,31.6,8.368,181,72.81,446.25,77.2,1.92
Koi,55.0,4889,70.5,88.89,27.2,8.03,6.08,0.4,0.29,79.1,33.1,6.066,148,125.19,570.62,93.23,1.38
Rohu,92.1,4985,68.7,54.13,27.9,7.61,6.08,0.99,0.66,78.5,29.0,8.151,125,101.35,389.85,77.16,1.79
Mrigal,10.2,6346,73.3,622.16,30.0,6.93,3.74,1.03,0.13,89.3,30.8,13.862,124,97.67,376.1,60.68,1.94
Pabda,9.4,7919,69.0,842.45,31.9,6.87,6.06,0.52,0.35,124.9,28.6,12.567,107,104.71,624.96,75.37,1.69
Shing,12.2,6496,60.2,532.46,27.7,7.92,6.51,0.15,0.59,117.9,27.8,6.492,165,104.45,516.87,76.18,1.62
Shing,95.4,1904,10.2,19.96,27.9,7.19,5.71,0.7,0.69,174.2,31.0,0.352,93,14.55,21.21,76.57,1.61
Thai Koi,69.6,4104,68.5,58.97,28.8,8.28,5.95,0.16,0.31,144.9,31.8,4.273,151,119.78,421.53,85.75,1.49
Shing,51.7,4514,8.9,87.31,25.5,7.93,5.56,0.86,0.18,112.7,29.7,0.799,181,17.38,67.07,85.47,1.45
Magur,23.4,5820,38.8,248.72,30.0,7.54,4.27,1.13,0.1,82.9,31.6,4.087,168,62.59,241.95,66.42,1.75
Common Carp,63.2,6115,35.2,96.76,31.8,7.87,6.45,0.42,0.62,125.6,31.7,5.123,126,56.1,288.79,84.18,1.56
Catla,47.2,1530,78.6,32.42,28.9,7.91,5.01,0.33,0.15,77.0,34.5,2.032,115,124.47,167.89,88.16,1.64
Magur,8.5,727,36.6,85.53,29.8,7.88,7.01,0.75,0.08,152.2,33.2,0.591,111,54.57,33.33,84.02,1.58
Gulsha,32.5,2681,60.7,82.49,28.7,7.78,5.76,0.46,0.43,178.7,31.7,2.88,194,116.35,276.9,88.77,1.62
Pangasius,71.3,4000,62.1,56.1,29.6,7.52,4.28,0.92,0.89,126.4,25.3,4.397,177,126.0,392.37,77.85,1.48
Mrigal,75.8,5631,32.6,74.29,25.4,7.31,5.5,0.28,0.29,120.9,30.3,3.359,172,56.84,292.68,91.44,1.66
Gulsha,68.6,3315,59.8,48.32,30.9,7.34,3.97,1.06,0.49,158.0,34.0,4.48,143,88.24,198.76,67.95,1.68
Tilapia,46.2,3079,68.3,66.65,28.2,7.83,7.07,0.24,0.88,131.5,32.0,6.099,102,112.22,292.08,84.53,1.46
Koi,31.2,5933,45.9,190.16,27.1,7.6,7.21,1.15,0.83,125.7,28.7,5.365,213,81.95,291.74,60,1.65
Pangasius,51.9,5103,29.8,98.32,30.4,6.86,4.94,0.81,0.34,73.1,30.6,3.802,186,65.96,283.47,84.21,1.47
Koi,43.4,484,56.4,11.15,27.6,6.83,7.26,0.66,0.68,152.5,34.7,0.491,190,104.55,39.01,77.09,1.72
Tilapia,18.2,3652,76.5,200.66,26.8,6.98,7.36,1.11,0.22,109.0,25.6,8.27,210,164.73,419.06,69.66,1.45
Pangasius,54.8,5013,27.3,91.48,29.7,6.56,5.37,1.0,0.51,109.3,28.3,3.476,215,57.34,214.86,74.75,1.48
Rohu,86.5,3337,43.3,38.58,28.5,7.94,6.29,1.09,0.45,155.7,28.4,3.049,219,80.28,206.68,77.15,1.68
Rohu,53.2,1359,17.0,25.55,31.4,7.98,5.27,0.63,0.21,102.5,28.2,0.601,202,30.82,35.79,85.46,1.58
Mrigal,57.9,6298,6.3,108.77,28.1,7.94,4.88,0.85,0.61,121.3,32.7,0.75,192,10.69,52.26,77.59,1.86
Pangasius,33.8,1466,44.3,43.37,26.0,8.36,6.0,1.19,0.88,178.4,31.0,1.533,176,80.73,75.75,64.01,1.65
Magur,28.1,1814,16.8,64.56,29.8,6.5,7.47,0.9,0.13,139.5,32.3,0.579,223,35.94,51.11,78.4,1.4
Gulsha,79.7,3553,14.3,44.58,24.1,7.61,4.56,1.12,0.34,135.9,28.3,1.28,131,22.38,57.15,71.89,1.75
Catla,63.5,2880,40.9,45.35,24.8,7.89,5.76,1.17,0.49,160.9,29.4,3.392,206,70.68,146.27,71.86,1.98
Pabda,90.2,1802,14.8,19.98,25.3,7.95,5.28,0.23,0.7,141.7,33.0,0.552,99,21.07,31.87,83.95,1.58
Pangasius,19.3,814,36.5,42.18,31.2,6.96,7.29,0.39,0.63,108.9,29.5,0.704,206,86.09,60.4,86.2,1.42
Thai Koi,76.8,8995,58.1,117.12,26.5,7.53,5.13,0.69,0.32,173.3,29.3,15.051,193,121.83,926.19,84.52,1.38
Koi,96.6,5427,54.5,56.18,31.5,8.34,4.73,0.97,0.65,120.9,32.3,6.004,141,90.0,349.53,71.56,1.71
Catla,84.9,3373,68.5,39.73,30.9,6.86,3.58,0.17,0.34,152.2,29.3,6.747,216,132.07,365.86,82.13,1.66
Tilapia,8.0,2319,34.4,289.88,24.8,7.73,7.14,0.57,0.11,114.6,28.8,1.42,164,65.18,120.82,79.93,1.53
Pangasius,54.8,3789,78.4,69.14,28.1,8.43,5.76,0.9,0.12,82.9,30.2,7.1,199,162.13,504.73,82.16,1.5
Tilapia,86.6,9699,17.1,112.0,26.7,7.5,4.54,0.56,0.67,73.6,30.1,4.014,131,29.55,230.34,80.38,1.35
Mrigal,70.5,3726,11.7,52.85,30.5,6.63,6.6,0.15,0.76,99.4,31.5,1.238,174,19.08,57.04,80.22,1.71
Magur,93.1,1632,7.1,17.53,26.4,8.02,6.48,0.14,0.88,71.0,31.7,0.312,120,11.73,15.92,83.14,1.69
Koi,70.7,791,57.2,11.19,29.8,7.8,7.44,0.93,0.13,106.5,28.0,0.851,99,89.52,58.63,82.8,1.63
Gulsha,72.5,631,64.5,8.7,24.8,7.02,6.03,0.97,0.07,119.2,27.2,0.81,100,96.71,50.05,82.01,1.58
Koi,59.5,5653,14.5,95.01,25.7,7.92,4.16,0.45,0.75,85.0,30.3,2.279,98,22.08,103.94,83.27,1.44
Tilapia,41.2,1189,22.8,28.86,25.0,8.4,7.08,1.11,0.6,178.9,33.8,0.781,135,39.09,30.72,66.09,1.48
Pangasius,76.0,1351,41.2,17.78,25.4,7.82,7.36,1.09,0.48,88.0,27.2,1.264,162,79.47,83.57,77.83,1.63
Pangasius,82.0,8462,39.1,103.2,28.2,7.5,5.78,0.6,0.84,149.8,27.2,8.636,173,74.44,500.53,79.46,1.74
Pabda,39.0,9776,23.5,250.67,24.1,8.2,6.75,0.62,0.59,75.2,32.4,4.457,213,44.05,301.76,70.07,1.65
Silver Carp,96.4,5140,17.1,53.32,30.0,6.89,5.82,1.19,0.5,72.8,33.4,1.38,168,28.85,107.12,72.25,1.76
Silver Carp,33.3,875,66.0,26.28,26.9,7.6,6.3,1.09,0.45,139.9,32.4,1.369,111,94.0,60.64,73.72,1.94
Silver Carp,13.8,3863,14.8,279.93,24.7,6.54,5.84,0.5,0.05,71.1,34.0,1.704,128,21.46,64.44,77.73,1.65
Thai Koi,76.8,7823,65.8,101.86,27.5,8.05,6.53,0.93,0.11,111.3,32.7,11.891,129,111.69,733.58,83.96,1.53
Rohu,56.6,1848,54.3,32.65,29.8,7.36,5.18,0.91,0.96,147.3,34.9,2.438,199,99.93,145.0,78.52,1.91
Mrigal,69.4,3634,11.2,52.36,26.9,7.89,7.32,1.09,0.16,119.2,28.2,0.838,120,15.71,42.07,73.66,1.66
Thai Koi,68.2,8848,60.4,129.74,28.7,8.47,6.64,0.36,0.58,141.3,30.3,15.658,139,107.33,776.18,81.73,1.44
Magur,42.9,6845,69.0,159.56,28.6,7.28,4.4,0.85,0.21,139.8,33.4,8.738,209,129.63,692.75,78.07,1.77
Common Carp,85.5,6559,32.2,76.71,29.6,7.89,7.43,0.97,0.72,86.2,28.5,3.886,155,51.3,259.84,77.22,1.67
Mrigal,23.1,8028,11.2,347.53,26.6,7.79,6.87,0.15,0.23,110.7,32.5,2.041,173,19.47,129.96,83.16,1.57
Pangasius,88.4,3652,52.5,41.31,30.4,6.96,6.39,1.18,0.24,85.7,28.1,5.234,118,87.23,245.58,77.09,1.6
Common Carp,32.7,1681,74.4,51.41,28.6,6.93,5.52,0.32,0.72,99.1,32.7,3.202,203,143.44,206.53,85.65,1.72
Magur,90.9,6330,61.0,69.64,27.6,6.75,3.63,1.02,0.68,145.1,35.0,11.159,224,110.39,419.28,60,1.8
Gulsha,83.5,4281,28.5,51.27,27.4,7.85,5.58,0.45,0.7,164.4,33.1,2.94,167,52.01,184.97,83.08,1.55
Tilapia,85.9,2298,55.2,26.75,26.9,7.57,3.82,0.48,0.78,86.6,27.0,3.108,149,105.39,189.68,78.32,1.61
Koi,89.4,3413,57.7,38.18,28.0,8.28,6.04,0.31,0.31,119.3,26.2,5.691,217,121.11,355.32,85.96,1.63
Gulsha,80.3,5669,16.5,70.6,29.2,8.01,5.75,0.33,0.7,158.3,31.4,1.618,196,32.82,151.5,81.43,1.75
Pangasius,70.6,6865,48.2,97.24,28.1,7.57,3.77,0.06,0.91,141.2,30.7,5.625,201,106.35,564.86,77.37,1.51
Thai Koi,71.3,5110,8.8,71.67,27.4,8.34,5.42,0.54,0.99,99.9,34.2,0.931,111,12.78,48.1,73.64,1.59
Gulsha,25.0,8329,12.7,333.16,27.7,6.59,6.25,0.74,0.22,160.0,33.0,1.629,164,20.3,120.04,71.0,1.72
Silver Carp,26.8,9056,77.3,337.91,28.9,7.06,6.12,0.99,0.28,129.6,31.0,10.57,130,117.03,809.19,76.35,1.9
Thai Koi,54.2,2712,68.5,50.04,27.2,6.92,4.21,0.39,0.8,103.5,32.9,5.257,149,123.52,283.87,84.74,1.4
Pabda,70.8,4156,40.5,58.7,26.0,7.58,3.98,0.69,0.54,106.3,28.2,3.047,106,54.03,150.18,66.88,1.7
Pabda,95.6,7962,71.5,83.28,29.2,6.98,5.44,0.75,0.6,141.5,32.5,9.678,107,106.22,652.16,77.11,1.81
Pangasius,98.9,5252,10.1,53.1,27.5,7.14,6.96,0.18,0.41,107.5,28.6,1.194,160,20.79,102.36,93.75,1.41
Thai Koi,40.9,7732,5.8,189.05,24.9,6.72,6.96,0.98,0.1,143.3,27.0,1.072,181,10.5,59.3,73.05,1.51
Gulsha,28.5,3473,78.9,121.86,25.0,6.81,7.09,0.07,0.48,156.9,26.6,4.686,108,116.4,369.54,91.41,1.46
Shing,21.4,6831,60.4,319.21,27.6,6.8,6.6,0.75,0.87,176.3,35.0,7.097,200,112.77,531.69,69.02,1.73
Gulsha,69.9,3507,42.1,50.17,31.7,6.86,7.36,0.9,0.1,111.5,25.5,3.44,118,66.19,194.63,83.85,1.53
Gulsha,70.0,8052,42.0,115.03,28.6,7.36,3.97,0.22,0.07,94.9,32.3,6.561,240,86.16,576.3,83.07,1.63
Rohu,84.6,9788,30.9,115.7,32.0,7.69,7.26,0.6,0.68,165.5,30.7,7.047,238,59.87,458.57,78.26,1.67
Pabda,17.7,9092,71.3,513.67,24.3,6.55,4.23,0.24,0.55,123.7,28.1,18.475,153,114.5,748.74,71.92,1.76
Magur,7.5,2215,64.6,295.33,30.2,7.58,6.7,0.19,0.6,149.3,26.1,2.146,118,96.8,162.12,75.61,1.81
Gulsha,98.0,1537,58.6,15.68,29.9,8.24,7.01,0.7,0.87,152.3,27.1,1.774,120,87.76,96.71,71.7,1.62
Silver Carp,27.9,6832,44.4,244.87,26.8,6.52,7.27,0.6,0.77,70.2,27.3,7.766,193,73.66,329.62,65.5,1.8
Pangasius,59.8,4055,76.4,67.81,26.6,6.95,3.8,1.05,0.19,177.4,26.3,6.506,146,131.17,357.58,67.23,1.53
Magur,49.7,6995,34.0,140.74,24.2,7.59,6.96,0.97,0.98,116.1,30.7,6.231,198,63.53,338.68,76.21,1.74
Pangasius,7.1,9941,17.0,1400.14,25.7,7.94,4.63,0.19,0.62,101.0,31.9,2.755,128,28.86,222.44,77.52,1.48
Koi,90.0,4923,29.7,54.7,31.5,6.79,4.1,0.34,0.23,145.4,34.3,2.793,121,50.86,220.14,87.93,1.36
Magur,69.9,3134,58.4,44.84,25.6,7.85,5.19,0.35,0.27,88.6,31.7,3.88,208,124.82,351.59,89.88,1.63
Tilapia,45.5,5029,63.3,110.53,24.0,7.76,5.45,0.78,0.84,126.4,33.3,5.826,161,120.96,476.26,78.29,1.63
Pabda,34.4,2799,32.4,81.37,31.2,8.04,5.18,0.39,0.96,147.3,30.3,1.759,157,56.97,131.54,82.49,1.7
Koi,12.2,7636,74.8,625.9,25.4,8.27,3.55,0.1,0.06,74.7,25.3,11.481,185,141.34,781.4,72.4,1.77
Tilapia,26.4,4882,26.7,184.92,28.8,8.28,3.95,0.16,0.55,87.2,33.7,3.884,102,40.96,133.78,66.9,1.39
Silver Carp,7.6,4726,40.2,621.84,28.9,8.34,4.79,0.63,0.8,167.5,26.9,5.13,122,56.78,174.58,65.06,1.73
Thai Koi,94.5,7215,17.2,76.35,29.4,7.07,7.4,0.72,0.95,152.3,33.2,3.711,107,27.29,152.97,77.68,1.57
Magur,5.2,7896,34.7,1518.46,29.8,6.62,6.32,0.24,0.93,106.6,27.8,5.151,175,59.9,342.5,72.42,1.79
Tilapia,8.0,2916,30.6,364.5,27.5,7.66,5.75,1.15,0.97,135.5,32.1,2.516,225,60.78,110.95,62.6,1.59
Pabda,58.1,2830,35.7,48.71,31.4,6.69,5.29,0.44,0.61,133.3,26.7,1.596,230,73.35,161.41,77.76,1.57
Common Carp,45.8,1265,44.7,27.62,27.7,7.71,4.16,0.8,0.07,79.8,30.9,1.391,141,71.19,75.45,83.79,1.73
Tilapia,13.6,2685,73.6,197.43,27.3,7.81,3.54,0.42,0.6,94.1,27.9,4.051,104,116.87,221.51,70.59,1.51
Shing,18.1,7556,76.9,417.46,26.8,6.6,6.13,0.6,0.13,75.0,29.1,14.062,215,140.41,761.46,71.77,1.77
Tilapia,14.2,6661,14.7,469.08,28.2,7.81,4.31,0.34,0.26,73.8,25.2,2.703,111,26.32,152.04,86.72,1.45
Mrigal,30.1,7452,32.8,247.57,31.5,6.63,5.37,0.49,0.02,130.6,33.5,6.575,94,45.18,269.3,79.98,1.54
Rohu,10.8,3222,29.4,298.33,29.9,7.42,7.11,1.1,0.31,88.7,31.2,2.766,108,40.73,87.22,66.46,1.68
Rohu,35.6,5303,23.3,148.96,31.9,7.27,5.04,1.18,0.15,172.9,27.1,2.817,195,39.69,158.95,75.52,1.7
Pabda,29.8,6235,51.2,209.23,30.5,7.8,5.19,0.88,0.81,176.7,29.4,9.194,174,84.88,371.27,70.15,1.77
Magur,13.1,4636,61.5,353.89,30.8,6.63,6.34,0.37,0.43,86.5,33.2,7.67,110,89.46,320.67,77.32,1.54
Magur,99.2,8709,14.4,87.79,26.9,7.49,3.82,0.67,0.98,151.7,28.5,1.981,111,20.94,124.69,68.38,1.83
Shing,30.8,9710,34.6,315.26,28.5,8.38,4.09,0.73,0.76,161.8,27.5,8.735,92,45.34,280.55,63.72,1.55
Common Carp,27.3,1253,14.3,45.9,32.0,6.86,6.58,0.62,0.27,102.1,28.3,0.355,167,24.2,25.56,84.29,1.57
Shing,72.9,4246,59.9,58.24,31.9,7.13,6.11,0.17,0.22,108.3,27.3,5.061,104,91.96,354.81,90.87,1.44
Common Carp,79.1,7273,13.2,91.95,27.2,7.36,4.43,0.95,0.93,82.0,29.6,1.891,205,24.54,133.17,74.61,1.82
Catla,60.1,3698,33.8,61.53,27.8,7.39,6.17,0.28,0.47,168.5,30.8,3.137,165,61.5,204.38,89.87,1.6
Silver Carp,15.7,3972,73.6,252.99,25.7,7.45,4.29,0.92,0.9,89.6,34.6,6.49,90,100.93,276.45,68.96,1.96
Silver Carp,68.4,629,15.9,9.2,31.2,6.69,5.71,0.87,0.88,136.7,30.3,0.204,218,29.7,13.42,71.85,1.79
Koi,76.4,9205,10.4,120.48,27.0,8.35,4.0,0.15,0.73,111.0,27.3,1.991,229,22.55,163.31,78.66,1.35
Silver Carp,83.5,8458,78.5,101.29,26.3,7.45,7.39,0.65,0.7,92.6,26.5,17.396,218,147.99,941.43,75.21,1.94
Gulsha,19.2,7129,27.5,371.3,25.0,7.67,4.67,0.31,0.76,176.5,27.1,4.98,164,48.62,258.22,74.49,1.73
Common Carp,82.8,9804,50.6,118.41,29.7,6.91,4.83,0.93,0.66,137.8,34.2,11.063,116,72.24,545.93,77.08,1.8
Pabda,63.1,817,6.4,12.95,25.1,6.61,3.89,0.43,0.76,104.6,26.8,0.13,167,10.91,6.49,72.86,1.72
Koi,85.0,8653,26.8,101.8,27.1,6.62,5.23,0.1,0.3,167.2,30.5,6.447,201,54.56,409.24,86.69,1.62
Silver Carp,30.3,3085,54.9,101.82,26.6,7.39,7.36,0.15,0.84,99.5,30.9,2.879,151,86.62,225.0,84.2,1.65
Thai Koi,84.9,9850,68.7,116.02,28.1,8.38,7.15,0.44,0.87,138.2,27.0,16.511,138,115.41,902.74,79.41,1.62
Common Carp,13.4,8952,5.2,668.06,29.4,6.76,5.88,1.04,0.65,143.4,31.0,0.912,158,7.81,41.93,60,1.61
Magur,63.0,3062,44.5,48.6,25.0,6.92,4.96,0.17,0.77,167.9,26.2,2.058,175,86.47,220.51,83.28,1.46
Pabda,93.0,7564,30.9,81.33,30.5,6.74,7.26,0.47,0.87,76.7,28.1,4.768,112,47.88,276.76,76.41,1.58
Pangasius,30.4,1290,35.0,42.43,30.8,7.03,4.98,1.14,0.59,146.9,32.5,1.332,136,60.47,52.69,67.55,1.62
Shing,86.8,8759,71.4,100.91,26.6,7.0,4.55,1.11,0.14,129.8,29.0,10.757,213,142.15,921.34,74.0,1.73
Rohu,63.4,5136,60.3,81.01,24.8,7.88,4.16,0.89,0.52,138.9,28.3,7.681,92,77.74,306.52,76.77,1.77
Rohu,10.1,2059,23.0,203.86,27.2,7.52,6.0,1.07,0.38,164.9,33.0,1.009,168,35.42,50.59,69.37,1.68
Mrigal,38.4,8766,70.6,228.28,29.3,7.5,4.14,0.8,0.61,137.9,28.8,11.944,193,117.47,731.65,71.05,1.94
Koi,44.2,746,48.0,16.88,29.1,7.89,6.15,0.2,0.39,92.9,28.6,0.795,191,105.13,71.25,90.84,1.51
Gulsha,56.9,4625,11.1,81.28,24.5,7.11,4.7,0.22,0.78,75.8,33.9,1.473,141,19.05,72.59,82.39,1.73
Magur,21.2,4127,15.1,194.67,29.4,8.45,7.5,0.1,0.66,168.4,26.7,1.764,140,24.07,71.69,72.16,1.58
Thai Koi,17.1,5362,61.7,313.57,31.3,7.52,4.95,0.35,0.23,71.0,26.9,9.098,212,131.63,599.74,84.97,1.54
Catla,90.1,1123,32.8,12.46,25.8,7.68,6.1,0.06,0.42,163.5,26.9,0.645,175,57.75,59.34,91.5,1.77
Pangasius,27.3,2803,54.6,102.67,29.6,7.32,4.69,0.51,0.74,82.5,25.0,2.418,158,106.2,236.87,79.57,1.62
Rohu,99.5,2209,60.5,22.2,26.1,7.2,5.63,0.09,0.5,163.8,34.7,2.285,118,92.01,186.52,91.77,1.77
Mrigal,26.3,2205,41.1,83.84,29.9,7.15,5.47,0.37,0.81,169.1,27.5,1.994,126,62.75,117.94,85.24,1.59
Pangasius,70.8,2744,71.0,38.76,29.6,8.21,3.56,0.59,0.35,89.0,32.4,4.695,221,151.64,302.8,72.77,1.54
Mrigal,71.4,3832,20.3,53.67,25.0,7.28,6.13,0.97,0.78,131.4,34.7,1.206,141,32.73,96.87,77.24,1.85
Koi,85.0,3414,68.5,40.16,31.2,6.8,3.82,0.06,0.45,151.2,30.8,5.753,147,127.81,361.11,82.76,1.48
Mrigal,48.7,5616,27.5,115.32,30.0,7.96,4.03,0.39,1.0,174.9,25.4,3.398,174,47.2,223.64,84.37,1.54
Pabda,96.1,5694,17.4,59.25,30.2,7.93,6.59,0.09,0.87,84.0,29.5,1.783,93,25.81,119.02,80.98,1.62
Thai Koi,6.5,1780,66.7,273.85,29.1,8.2,7.15,0.87,0.67,81.9,26.0,3.158,125,108.33,131.33,68.11,1.63
Magur,23.0,7141,44.5,310.48,29.0,8.09,4.8,0.58,0.64,90.4,30.5,6.355,107,65.13,312.62,67.22,1.83
Koi,78.1,8601,79.9,110.13,28.4,8.37,5.86,0.44,0.3,138.1,32.5,12.37,172,151.53,1150.84,88.3,1.42
Shing,57.1,3804,38.9,66.62,29.9,7.52,4.65,0.33,0.81,169.3,31.7,3.315,187,71.62,226.94,83.3,1.68
Rohu,51.3,2617,18.9,51.01,28.2,7.02,7.38,0.44,0.05,118.8,32.0,0.871,211,37.36,90.01,92.05,1.7
Common Carp,92.1,8815,43.0,95.71,26.5,7.19,6.97,0.63,0.38,88.6,30.2,9.893,170,75.09,550.81,83.21,1.66
Koi,27.2,2069,64.7,76.07,26.6,7.17,4.84,0.35,0.31,132.7,32.6,2.195,214,143.87,274.26,92.14,1.44
Pangasius,79.0,684,76.7,8.66,29.8,8.14,5.27,0.13,0.23,101.4,31.0,1.264,183,163.29,102.62,91.88,1.5
Shing,71.2,2643,42.2,37.12,29.7,8.09,4.34,0.5,0.68,100.1,25.6,1.807,117,68.41,149.74,82.82,1.42
Silver Carp,15.8,5815,54.2,368.04,31.1,8.31,5.54,0.38,0.62,109.3,26.6,7.533,118,74.34,312.07,72.19,1.74
Rohu,39.4,8161,46.6,207.13,27.6,7.28,4.6,0.47,0.07,173.6,32.3,11.219,161,77.77,549.55,86.59,1.76
Shing,48.2,3789,76.9,78.61,30.4,8.0,5.3,0.44,0.42,164.8,26.1,6.498,240,178.82,610.73,90.14,1.64
Mrigal,6.8,4143,45.9,609.26,30.9,8.16,6.7,0.66,0.16,122.9,28.9,3.081,196,76.83,240.68,75.61,1.76
Pangasius,36.7,1020,27.9,27.79,31.6,8.03,6.48,0.28,0.78,79.7,33.3,0.578,119,46.24,40.58,86.05,1.51
Mrigal,53.4,5048,33.8,94.53,28.3,7.57,5.64,0.7,0.91,175.5,28.4,4.829,125,48.16,187.33,77.05,1.88
Mrigal,39.6,5014,47.9,126.62,29.5,8.27,6.11,0.93,0.45,79.0,28.6,3.699,188,82.3,333.88,80.91,1.7
Koi,82.9,5220,64.0,62.97,24.9,6.96,3.87,0.49,0.04,87.2,28.1,9.421,210,142.8,619.14,83.06,1.39
Pangasius,31.3,4848,59.2,154.89,27.1,8.11,4.57,0.21,0.77,163.7,26.7,7.232,213,133.84,506.75,78.1,1.45
Magur,55.1,9480,6.4,172.05,30.1,6.99,7.19,0.69,0.02,166.1,27.6,1.395,163,11.56,82.71,75.48,1.62
Rohu,71.2,5328,64.2,74.83,29.4,7.49,5.46,0.3,0.46,125.1,32.0,6.396,180,115.06,557.17,90.89,1.55
Tilapia,14.4,1689,39.0,117.29,25.5,6.67,7.19,0.61,0.82,86.6,33.5,1.199,228,84.41,105.49,73.99,1.56
Common Carp,68.8,4994,9.7,72.59,29.8,7.27,6.35,1.1,0.84,110.1,34.4,0.79,133,14.27,49.05,68.83,1.61
Tilapia,25.8,8474,69.1,328.45,26.2,7.26,6.51,0.84,0.34,120.0,30.8,13.116,128,123.19,826.03,79.13,1.57
Shing,58.9,5812,69.3,98.68,30.0,7.25,3.81,1.09,0.2,146.9,29.8,7.733,110,99.36,381.7,66.1,1.71
Koi,15.8,4631,25.3,293.1,26.3,6.73,6.82,1.0,0.08,139.9,31.4,2.039,136,39.92,137.47,74.36,1.59
Thai Koi,11.3,2081,70.2,184.16,27.2,6.81,4.19,0.95,0.44,75.4,30.4,4.251,240,146.49,232.2,76.17,1.77
Thai Koi,44.4,5666,75.9,127.61,27.7,7.87,4.01,0.98,0.9,84.3,27.2,7.311,219,160.34,700.71,77.13,1.68
Gulsha,71.9,5654,68.7,78.64,27.9,6.8,3.6,0.05,0.63,156.2,27.1,11.031,152,113.35,475.45,74.19,1.66
Pangasius,86.9,2117,69.0,24.36,25.7,8.43,6.36,0.91,0.46,98.8,31.1,4.105,98,103.03,175.25,80.35,1.53
Tilapia,95.9,3791,19.3,39.53,26.9,8.05,4.81,1.08,0.23,106.9,29.3,1.873,232,44.08,127.78,76.46,1.45
Pabda,50.3,5856,19.9,116.42,26.4,7.02,5.04,0.13,0.72,147.7,27.5,1.818,230,40.09,192.48,81.98,1.6
Gulsha,10.3,8973,46.7,871.17,26.7,6.92,7.17,0.35,0.75,134.0,33.3,8.8,211,84.47,570.99,75.33,1.72
Tilapia,76.4,4204,48.0,55.03,29.3,8.13,4.41,0.69,0.81,169.5,33.7,4.782,106,81.87,277.46,80.61,1.48
Shing,6.3,754,26.3,119.68,30.1,8.06,5.42,0.62,0.68,173.3,32.5,0.422,105,39.76,22.68,75.65,1.83
Koi,87.3,894,12.2,10.24,27.9,7.83,5.01,0.35,0.93,100.2,25.1,0.315,168,23.39,17.46,83.51,1.39
Common Carp,43.5,6921,60.0,159.1,31.8,8.33,5.73,0.76,0.57,103.3,34.8,11.004,208,106.6,489.88,66.4,1.9
Common Carp,17.4,4023,58.7,231.21,28.0,7.47,6.44,0.92,0.27,147.3,31.4,3.967,198,105.79,331.34,77.85,1.62
Shing,71.8,8413,12.2,117.17,27.9,7.86,5.72,1.11,0.52,82.0,33.0,2.607,199,21.43,123.48,68.5,1.55
Magur,22.2,5469,61.7,246.35,29.0,7.96,4.3,1.09,0.16,83.3,31.1,8.74,196,111.61,422.44,69.21,1.71
Koi,21.6,9070,15.6,419.91,25.3,7.57,5.96,0.45,0.03,137.7,28.0,2.547,101,23.69,181.6,84.5,1.4
Common Carp,54.9,2526,19.4,46.01,31.0,7.63,3.72,1.13,0.36,150.6,33.0,0.902,120,27.54,46.72,67.16,1.72
Catla,77.9,4670,53.3,59.95,31.8,7.32,4.75,0.29,0.59,108.5,32.3,4.779,116,80.4,309.96,82.55,1.78
Koi,93.1,6785,41.3,72.88,30.7,8.09,5.45,0.16,0.97,104.9,26.9,7.202,225,91.17,519.06,83.91,1.6
Shing,92.3,6986,35.2,75.69,30.7,7.95,6.68,0.4,0.04,99.1,25.1,3.959,128,61.69,394.86,91.62,1.69
Tilapia,9.6,8777,67.6,914.27,30.2,6.58,5.81,0.09,0.62,175.1,32.6,15.07,220,156.4,1022.96,74.52,1.43
Rohu,35.9,6159,10.2,171.56,25.1,6.75,5.92,0.65,0.74,139.0,33.7,1.476,228,17.38,68.98,64.45,1.85
Common Carp,55.9,7295,18.8,130.5,25.4,7.66,4.36,0.9,0.94,154.7,28.3,3.785,127,29.26,159.3,74.63,1.79
Catla,49.5,2651,22.7,53.56,25.5,6.99,4.26,0.34,0.6,120.1,27.7,1.51,142,34.8,75.67,82.01,1.58
Shing,84.4,6297,6.4,74.61,30.5,8.43,5.91,0.46,1.0,172.9,28.1,1.003,99,9.77,48.73,79.2,1.55
Thai Koi,30.2,7428,15.5,245.96,28.9,7.25,4.47,0.87,0.09,98.6,31.1,2.729,112,24.85,139.73,75.71,1.7
Pabda,14.9,6805,38.3,456.71,29.0,6.71,3.83,0.7,0.93,106.8,33.0,4.665,185,59.29,242.06,60,1.89
Tilapia,81.6,9132,50.1,111.91,28.7,6.55,6.9,0.57,0.87,165.7,26.7,9.196,227,117.95,786.07,72.98,1.58
Silver Carp,18.4,6059,21.9,329.29,24.8,7.69,6.15,0.33,0.58,95.8,29.5,3.516,235,40.8,189.89,76.82,1.82
Common Carp,55.2,6916,9.6,125.29,29.1,8.47,6.1,0.29,0.16,106.5,32.7,1.248,225,20.3,122.29,87.12,1.71
Gulsha,58.5,6766,11.3,115.66,29.0,6.7,4.22,0.8,0.65,143.9,28.8,2.271,217,21.41,104.97,72.48,1.69
Koi,64.5,6497,72.9,100.73,26.9,8.17,5.9,0.76,0.52,144.8,27.5,13.593,116,110.91,569.17,78.99,1.72
Common Carp,45.1,4675,19.6,103.66,29.8,6.81,4.33,0.38,0.35,149.4,31.7,1.961,92,29.33,125.73,91.69,1.63
Shing,48.8,8271,13.4,169.49,28.3,7.52,3.92,0.14,0.51,107.1,34.3,2.272,174,22.58,132.46,70.91,1.64
Magur,51.3,4140,67.2,80.7,28.4,7.6,4.17,0.84,0.65,89.4,34.8,8.207,157,113.13,351.69,75.09,1.77
Gulsha,60.6,6662,16.5,109.93,29.5,7.41,3.68,0.93,0.27,115.2,28.8,2.902,239,31.77,161.0,76.06,1.72
Rohu,94.5,2718,49.8,28.76,28.6,6.87,4.48,0.93,0.28,163.7,31.5,3.925,92,71.61,165.55,85.06,1.64
Tilapia,46.6,4662,72.1,100.04,27.8,7.72,7.21,0.24,0.29,144.8,34.5,5.244,229,191.32,826.83,92.7,1.39
Pabda,54.0,842,68.3,15.59,30.1,7.67,6.46,0.89,0.43,143.3,33.2,1.449,125,102.41,70.17,81.38,1.73
Thai Koi,45.6,5354,16.5,117.41,24.2,6.5,7.04,1.0,0.78,129.8,31.3,1.926,240,34.85,135.16,72.43,1.75
Tilapia,13.0,2471,72.2,190.08,25.7,6.57,5.39,0.41,0.33,141.7,33.0,3.8,124,125.33,254.36,82.13,1.28
Magur,42.5,5336,23.4,125.55,26.3,6.7,5.57,0.05,0.93,130.6,32.5,3.184,233,49.93,215.05,80.72,1.59
Shing,21.8,7596,18.1,348.44,31.9,6.53,5.96,0.15,0.76,178.4,34.0,2.31,108,25.14,136.26,71.35,1.83
Catla,70.6,3951,44.1,55.96,28.4,7.48,5.46,0.15,0.78,123.0,28.4,2.788,153,69.5,230.48,83.93,1.81
Pangasius,62.9,6144,39.2,97.68,31.1,6.65,3.63,1.01,0.43,103.8,31.8,4.865,113,60.29,239.26,64.59,1.71
Common Carp,69.5,7524,20.4,108.26,25.3,8.06,3.67,0.69,0.25,131.3,27.1,4.221,93,28.54,162.63,75.74,1.66
Common Carp,71.9,2182,29.8,30.35,27.4,6.61,6.94,1.18,0.67,121.3,28.1,1.73,235,54.99,75.26,62.73,1.68
Koi,50.2,5632,43.4,112.19,25.5,8.17,7.43,0.5,0.29,83.4,34.1,7.088,229,105.13,537.3,90.75,1.56
Mrigal,56.0,5495,56.3,98.12,26.9,7.29,4.42,0.93,0.15,73.8,33.4,9.281,145,90.9,427.89,85.66,1.6
Rohu,98.1,7023,58.4,71.59,31.2,6.51,5.53,0.7,0.97,154.0,32.5,10.582,138,86.88,443.95,72.76,1.85
Koi,15.1,7840,35.4,519.21,28.9,6.88,5.56,0.6,0.21,145.7,27.1,5.023,94,50.67,307.04,77.29,1.56
Common Carp,76.6,6142,74.5,80.18,32.0,7.93,5.01,0.48,0.85,153.8,28.6,8.877,163,128.67,672.59,85.11,1.51
Pabda,85.5,779,51.0,9.11,28.8,7.25,3.62,1.15,0.45,113.4,33.7,0.846,114,75.63,39.14,66.43,1.69
Rohu,62.0,492,62.7,7.94,30.9,6.69,4.53,0.41,0.15,141.1,33.1,0.774,153,101.02,44.31,89.14,1.69
Catla,74.3,8534,8.8,114.86,29.0,7.32,3.91,1.06,0.62,151.2,27.6,1.727,215,14.47,74.07,60,1.77
Gulsha,6.0,9720,55.3,1620.0,27.4,8.43,4.95,0.21,0.82,101.1,26.4,9.245,113,83.18,574.38,71.04,1.82
Gulsha,55.8,8202,74.6,146.99,25.0,7.41,5.84,1.05,0.96,179.5,29.9,11.748,94,101.65,566.45,67.94,1.77
Gulsha,63.8,9004,65.3,141.13,24.0,8.1,7.36,0.64,0.16,112.1,34.9,16.698,204,132.27,1003.17,84.23,1.52
Shing,39.3,7737,67.6,196.87,28.9,8.46,7.4,0.47,0.72,88.7,30.9,10.356,132,105.25,586.01,71.96,1.77
Koi,86.9,1408,38.5,16.2,30.7,7.88,4.24,1.16,0.61,101.7,33.7,0.965,213,77.3,73.65,67.67,1.56
Pangasius,63.0,6593,43.4,104.65,29.3,7.93,6.78,1.08,0.73,99.2,32.1,6.409,128,69.81,307.98,66.91,1.68
Pabda,53.9,1704,42.4,31.61,30.0,6.56,6.67,1.08,0.96,78.8,34.0,1.712,220,75.03,78.44,61.35,1.67
Koi,83.9,8984,48.7,107.08,29.0,6.82,4.92,0.39,0.45,135.2,30.4,11.857,130,85.2,709.12,92.64,1.46
Shing,52.9,7866,66.4,148.7,31.4,8.27,4.2,0.23,0.66,169.7,31.4,8.722,209,131.8,810.1,78.14,1.57
Shing,28.8,520,28.7,18.06,30.9,6.74,4.11,1.03,0.64,89.1,30.6,0.315,237,56.4,18.8,64.11,1.65
Silver Carp,75.8,9950,79.9,131.27,28.8,7.65,4.43,0.75,0.82,168.1,30.0,23.055,173,136.05,1009.02,74.54,1.8
Pangasius,21.7,4175,75.9,192.4,30.8,7.43,3.65,0.75,0.63,94.3,33.8,8.112,159,126.56,339.22,64.2,1.74
Tilapia,95.2,9999,33.8,105.03,28.9,7.84,4.66,0.36,0.21,130.9,28.4,8.415,98,57.55,537.28,93.37,1.48
Magur,78.8,3642,70.4,46.22,32.0,6.96,6.41,0.68,0.41,115.8,29.5,6.282,155,122.16,372.87,83.81,1.65
Silver Carp,70.9,9611,29.6,135.56,25.6,7.21,5.5,0.77,0.07,159.9,26.6,6.97,116,42.45,336.37,82.45,1.69
Shing,91.2,580,18.8,6.36,30.0,6.72,5.19,0.51,0.23,136.5,30.6,0.188,131,30.95,14.51,80.83,1.58
Shing,84.7,6851,59.5,80.89,26.5,8.2,5.41,1.18,0.55,78.9,30.3,7.174,136,91.66,413.83,65.9,1.81
Pabda,54.7,6946,26.4,126.98,24.6,6.88,5.15,0.29,0.17,139.7,30.9,3.796,176,47.5,291.48,88.35,1.67
Rohu,39.6,9574,56.5,241.77,26.8,7.2,5.4,0.71,0.32,72.6,28.8,15.687,147,84.32,621.35,76.97,1.85
Pabda,49.7,1448,35.7,29.13,31.9,7.86,5.89,0.24,0.53,80.7,32.6,1.179,227,76.55,93.56,84.4,1.56
Shing,14.9,311,61.8,20.87,26.7,8.46,5.27,0.36,0.48,175.1,34.6,0.34,145,104.57,27.83,85.57,1.51
Common Carp,44.0,9959,25.8,226.34,27.9,7.02,4.64,1.18,0.71,78.8,34.4,4.342,168,39.18,234.12,60,1.81
Gulsha,44.8,1739,68.4,38.82,26.6,8.33,4.36,0.42,0.06,126.9,34.5,2.284,232,143.35,213.08,85.48,1.56
Common Carp,77.5,3959,29.8,51.08,31.9,8.06,6.51,0.58,0.69,117.4,34.8,2.879,213,58.83,176.41,75.74,1.82
Silver Carp,69.8,9651,29.1,138.27,27.3,8.27,7.11,0.93,0.87,107.1,25.6,4.634,146,45.37,309.81,70.75,1.85
Pabda,87.2,2945,45.1,33.77,24.5,8.33,7.12,0.72,0.39,120.1,32.7,3.36,99,65.55,149.68,77.53,1.65
Pangasius,76.4,6875,51.6,89.99,27.0,7.88,4.86,0.17,0.59,71.7,25.1,6.492,119,87.21,509.32,84.95,1.36
Mrigal,43.2,1004,56.2,23.24,31.9,6.61,5.61,0.52,0.77,94.4,31.2,1.253,132,80.15,59.17,73.53,1.92
Koi,93.4,4059,24.1,43.46,26.4,7.28,7.12,0.19,0.64,174.7,27.4,2.397,93,35.51,124.75,86.54,1.48
Rohu,62.3,1897,22.0,30.45,26.1,8.15,5.07,0.38,0.99,167.8,31.8,0.689,172,39.13,63.94,86.13,1.79
Magur,48.2,8354,42.8,173.32,24.4,7.74,6.3,0.06,0.58,140.1,26.9,9.153,156,71.86,467.66,77.9,1.61
Silver Carp,82.2,3118,68.5,37.93,29.2,6.63,4.85,0.77,0.24,156.9,26.2,6.322,218,123.44,299.58,77.84,1.78
Rohu,14.8,9100,8.7,614.86,24.6,6.87,6.44,1.14,0.03,102.2,26.2,2.13,226,15.29,93.99,67.54,1.69
Mrigal,67.0,7424,31.2,110.81,24.8,7.85,3.75,0.95,0.14,143.9,28.3,6.717,158,50.98,296.32,78.29,1.76
Common Carp,96.7,4522,70.7,46.76,29.5,7.16,5.52,0.59,0.4,177.1,26.5,8.728,163,122.47,472.3,85.28,1.65
Pabda,98.3,2757,27.1,28.05,30.5,7.21,7.29,0.56,0.38,177.5,32.2,1.972,95,39.1,88.46,82.06,1.5
Pabda,70.6,4600,51.9,65.16,28.4,7.72,4.92,0.58,0.34,149.4,25.1,5.491,169,94.55,361.4,83.09,1.51
Tilapia,15.9,4672,24.0,293.84,26.0,7.14,7.05,1.06,0.99,154.9,25.8,2.209,202,44.75,131.8,63.04,1.63
Pabda,63.8,341,44.1,5.34,31.2,7.93,3.88,1.14,0.36,83.0,26.9,0.374,188,74.63,16.6,65.23,1.64
Shing,44.8,1126,54.2,25.13,24.5,6.74,6.22,0.47,0.82,177.3,27.7,1.074,188,106.92,95.96,79.71,1.45
Catla,53.8,7583,31.4,140.95,27.7,6.86,6.96,0.38,0.6,142.1,31.0,4.238,150,48.8,310.51,83.91,1.58
Koi,74.9,2219,58.2,29.63,29.7,8.36,4.22,0.18,0.26,152.3,27.3,2.325,184,118.84,229.71,87.11,1.64
Pabda,77.6,4729,6.6,60.94,25.9,7.75,4.15,0.55,0.51,112.5,33.7,0.758,192,11.54,40.44,74.09,1.63
Catla,26.7,8427,26.5,315.62,31.5,8.43,5.85,0.22,0.87,164.5,34.4,6.454,187,45.95,282.43,72.93,1.73
Pabda,49.9,5114,34.6,102.48,28.2,7.86,6.5,1.16,0.55,93.0,33.1,2.725,91,43.98,148.97,66.23,1.7
Thai Koi,8.1,8347,31.1,1030.49,24.3,7.04,4.7,0.27,0.45,120.6,25.6,6.827,194,61.32,423.35,82.71,1.4
Gulsha,35.2,9838,35.6,279.49,26.5,8.06,4.97,0.92,0.98,149.9,27.4,9.877,204,64.59,434.24,68.34,1.69
Pabda,27.9,1922,38.2,68.89,30.2,7.08,6.63,0.77,0.83,105.2,26.5,1.696,165,65.32,97.16,77.39,1.73
Pabda,80.7,2461,7.8,30.5,30.1,6.7,7.49,0.51,0.41,160.1,32.3,0.545,135,11.82,22.73,78.1,1.63
Silver Carp,70.1,7726,25.5,110.21,30.8,7.29,6.87,0.92,0.51,135.6,26.5,3.487,211,44.14,257.38,75.48,1.88
Magur,8.5,1830,7.7,215.29,29.3,7.18,7.01,0.66,0.37,80.1,30.3,0.372,216,14.92,20.45,74.91,1.75
Thai Koi,94.0,5305,76.7,56.44,27.9,7.87,6.06,0.22,0.42,108.8,26.2,7.894,219,168.22,836.46,93.73,1.42
Koi,11.9,6844,5.6,575.13,25.1,6.85,4.14,0.33,0.18,141.7,28.2,0.793,133,9.89,58.38,86.29,1.4
Magur,94.5,6963,79.1,73.68,28.3,7.15,6.61,0.83,0.36,92.8,31.6,12.998,204,161.27,919.1,81.85,1.44
Silver Carp,32.1,7241,58.5,225.58,27.0,7.41,4.72,0.47,0.17,122.2,27.0,10.421,181,107.17,650.62,83.84,1.77
Pabda,78.2,5959,68.7,76.2,28.2,7.01,6.19,0.16,0.57,100.3,30.8,10.849,117,100.5,490.28,81.87,1.48
Common Carp,52.4,8932,5.6,170.46,25.1,7.9,6.62,0.32,0.99,110.4,30.3,1.321,130,8.96,62.61,78.23,1.87
Thai Koi,14.0,7426,78.0,530.43,29.5,6.81,6.19,1.03,0.8,86.3,34.5,9.036,187,129.59,599.75,62.32,1.54
Silver Carp,57.3,8099,77.4,141.34,30.0,7.63,5.52,0.37,0.49,110.8,34.5,16.486,195,142.18,1042.34,90.52,1.79
Silver Carp,22.1,6206,59.7,280.81,28.1,7.21,3.76,0.28,0.96,82.0,34.1,7.521,99,79.4,341.2,69.24,1.91
Common Carp,86.8,9491,20.2,109.34,28.7,6.79,5.22,0.84,0.06,148.8,31.8,5.541,239,39.22,290.56,78.05,1.5
Catla,23.7,2361,42.6,99.62,29.6,7.5,4.02,0.43,0.61,170.4,25.2,3.007,135,65.78,127.46,82.07,1.64
Pabda,99.5,9936,80.0,99.86,26.7,7.56,6.74,1.01,0.43,163.7,27.4,19.872,135,127.26,911.82,72.11,1.9
Pabda,22.9,3233,65.0,141.18,31.7,7.42,5.63,0.47,0.27,166.9,34.9,3.636,216,136.55,400.59,90.74,1.51
Pangasius,16.5,4918,6.4,298.06,25.8,7.68,4.09,0.33,0.4,147.6,27.3,0.903,179,14.02,59.02,85.61,1.59
Mrigal,7.5,1757,13.6,234.27,26.4,8.4,4.73,0.15,0.17,115.1,27.6,0.492,139,21.33,29.75,79.39,1.68
Catla,37.9,5679,17.4,149.84,26.9,7.43,4.33,0.24,0.11,148.8,32.4,1.996,167,31.58,160.72,89.62,1.82
Pabda,25.6,345,28.5,13.48,26.2,7.23,6.25,1.14,0.3,70.5,25.1,0.204,185,50.72,13.05,74.6,1.75
Catla,87.3,2232,32.4,25.57,31.6,8.43,7.01,0.11,0.9,155.6,30.8,1.859,217,62.13,109.01,78.61,1.78
Tilapia,84.5,8035,28.5,95.09,31.6,7.91,3.62,0.59,0.53,95.1,28.9,3.664,111,43.75,251.41,71.51,1.55
Mrigal,20.4,4616,9.1,226.27,25.0,7.12,6.34,0.27,0.03,140.0,29.4,1.012,176,15.08,59.29,85.2,1.68
Pangasius,57.4,9478,33.2,165.12,29.5,8.48,6.34,0.3,0.53,116.3,26.4,6.954,96,50.89,357.81,74.19,1.73
Tilapia,77.4,1145,69.2,14.79,24.7,6.72,4.5,0.71,0.42,91.2,25.9,1.783,155,141.39,130.17,80.41,1.39
Common Carp,35.1,7296,70.5,207.86,24.2,7.5,5.81,1.07,0.59,129.0,33.3,14.505,106,91.54,407.09,60.95,1.69
Shing,78.6,2208,16.1,28.09,28.7,6.76,7.09,0.25,0.64,105.3,32.5,0.789,209,31.54,55.26,79.34,1.45
Pabda,88.8,6117,46.6,68.89,26.4,6.88,4.24,0.41,0.64,158.6,25.6,7.269,108,66.61,336.2,82.51,1.64
Thai Koi,59.1,7926,35.7,134.11,25.3,7.69,6.77,0.73,0.08,133.0,34.4,7.64,93,52.23,358.4,86.57,1.44
Mrigal,58.0,4894,16.4,84.38,30.8,8.19,3.63,0.43,0.5,98.8,25.4,1.3,176,28.34,115.36,83.17,1.58
Tilapia,34.0,2907,49.2,85.5,27.0,6.92,6.37,0.64,0.29,160.4,27.5,3.447,186,110.25,274.31,85.59,1.31
Magur,27.3,994,37.6,36.41,26.8,7.29,3.64,0.85,0.49,177.8,33.5,0.718,225,77.08,57.77,75.4,1.84
Tilapia,92.8,2085,14.0,22.47,29.3,7.74,5.37,0.53,0.38,166.0,34.6,0.829,201,32.01,57.29,85.83,1.3
Rohu,37.3,4478,46.3,120.05,31.6,8.2,5.32,1.15,0.3,75.5,29.3,4.623,222,80.94,277.81,76.65,1.77
Gulsha,59.1,741,31.4,12.54,25.1,7.34,5.23,0.11,0.36,170.1,31.1,0.698,99,46.57,31.52,91.35,1.49
Pangasius,81.1,554,59.0,6.83,31.3,7.77,7.39,0.55,0.42,176.2,32.8,0.703,92,91.65,43.01,84.71,1.6
Common Carp,18.8,3959,76.9,210.59,27.5,8.28,3.73,0.22,0.53,134.4,34.3,5.51,219,130.4,333.44,64.59,1.89
Koi,12.6,2674,19.3,212.22,24.2,7.03,5.65,0.76,0.93,156.7,31.8,1.533,168,33.74,64.31,71.28,1.79
Mrigal,37.4,524,33.2,14.01,30.9,7.4,5.88,1.02,0.98,98.4,28.6,0.431,153,51.39,17.99,66.82,1.79
Catla,77.1,7820,13.9,101.43,24.4,7.81,4.69,0.53,0.48,99.3,34.5,2.696,148,21.94,142.2,82.87,1.77
Pabda,42.1,6085,79.5,144.54,29.2,7.71,5.87,0.75,0.76,158.6,30.3,11.707,145,131.75,598.4,74.64,1.75
Silver Carp,62.2,5267,23.1,84.68,29.5,6.98,7.17,0.23,0.82,129.7,25.5,2.957,190,40.57,175.89,82.32,1.78
Shing,81.5,1824,42.7,22.38,24.9,7.98,4.89,0.4,0.47,154.3,26.8,1.503,181,82.79,137.4,90.99,1.69
Thai Koi,84.1,9480,78.2,112.72,27.3,6.92,3.67,0.24,0.26,92.4,28.2,21.573,151,147.8,1193.07,85.15,1.5
Koi,41.9,1431,59.9,34.15,31.4,7.34,4.61,0.73,0.1,102.1,31.8,2.52,166,117.45,143.96,85.65,1.58
Mrigal,7.9,7349,74.5,930.25,27.7,7.45,6.04,1.11,0.63,77.6,25.7,9.034,200,122.2,538.84,60,1.77
Pangasius,11.3,4977,69.0,440.44,31.6,6.61,5.43,0.66,0.47,93.7,25.1,6.765,107,107.56,398.12,74.37,1.51
Pangasius,54.7,3864,68.7,70.64,25.0,8.13,6.81,0.97,0.97,163.5,29.2,7.672,131,118.74,354.71,77.31,1.72
Pangasius,15.1,3608,66.3,238.94,25.1,8.4,7.24,0.27,0.79,106.2,27.3,5.119,207,136.92,355.97,72.06,1.48
Rohu,82.5,5462,63.5,66.21,25.3,8.18,6.33,0.9,0.07,158.0,26.3,9.746,230,128.46,579.99,82.66,1.59
Pangasius,25.6,4855,26.5,189.65,30.5,8.19,6.3,0.99,0.28,124.3,29.8,2.329,194,57.5,217.08,77.76,1.57
Koi,14.6,3042,78.8,208.36,27.9,6.66,5.3,0.89,0.79,125.7,27.2,5.849,142,124.77,253.08,66.68,1.77
Gulsha,41.2,4984,36.4,120.97,24.4,8.07,4.75,0.99,0.07,82.4,33.2,3.628,184,65.06,262.29,80.89,1.72
Mrigal,30.8,1062,73.4,34.48,30.0,7.25,4.01,0.09,0.62,106.0,34.9,1.91,147,122.46,106.83,82.14,1.77
Pangasius,68.8,9630,18.0,139.97,30.4,7.56,6.65,1.0,0.7,83.8,26.7,4.281,154,31.95,239.76,77.93,1.71
Common Carp,68.9,2043,26.1,29.65,25.9,7.76,7.04,0.32,0.94,93.3,28.4,0.933,110,41.23,69.64,82.67,1.48
Catla,23.3,4908,38.1,210.64,30.2,7.43,6.28,0.6,0.45,107.3,34.8,5.423,183,64.75,239.8,75.46,1.78
Koi,12.0,7490,32.5,624.17,30.4,7.38,5.56,0.21,0.71,81.6,29.4,4.698,177,63.54,371.21,78.0,1.54
Tilapia,96.7,5753,71.1,59.49,30.6,7.53,4.04,0.58,0.88,146.6,31.5,9.858,109,115.1,520.21,78.56,1.48
Rohu,76.1,9817,25.3,129.0,25.5,6.96,3.92,0.91,0.76,98.8,33.2,6.259,174,41.53,279.96,68.67,1.9
Mrigal,8.8,1894,20.2,215.23,27.2,7.5,7.08,0.12,0.89,91.8,31.3,0.872,110,27.37,40.6,78.31,1.71
Pangasius,20.6,2259,24.4,109.66,26.8,8.16,5.09,0.75,0.09,140.2,30.6,0.92,123,42.72,82.44,85.42,1.33
Pabda,44.2,6995,24.9,158.26,29.2,7.26,3.93,1.2,0.15,83.5,34.6,3.048,219,43.88,184.17,60,1.84
Pabda,88.4,9635,72.3,108.99,30.4,7.17,6.94,0.54,0.6,139.7,33.0,14.629,125,112.02,822.23,76.18,1.88
Thai Koi,49.8,5824,54.4,116.95,28.8,8.09,5.93,0.31,0.93,105.1,30.6,8.459,203,114.12,568.0,85.46,1.48
Tilapia,75.3,9554,61.3,126.88,30.6,7.62,3.85,0.28,0.15,84.9,31.2,9.019,183,129.3,1054.69,85.38,1.44
Rohu,12.3,533,58.5,43.33,31.9,8.02,4.8,0.49,0.42,107.5,31.6,0.602,178,104.53,51.76,92.91,1.78
Pabda,82.5,9313,76.6,112.88,31.4,7.48,6.38,1.14,0.18,128.9,29.9,16.408,200,137.18,932.5,72.99,1.8
Shing,74.1,4598,18.0,62.05,27.7,7.23,4.96,0.27,0.99,162.1,33.6,2.16,172,33.7,131.97,85.18,1.69
Catla,22.5,1879,16.6,83.51,28.0,7.69,5.22,0.73,0.77,158.1,27.3,0.552,239,30.98,44.61,76.63,1.79
Koi,13.9,9257,41.6,665.97,31.4,7.2,6.26,0.27,0.85,153.4,31.4,7.817,186,75.94,544.08,77.4,1.76
Thai Koi,44.1,2950,39.0,66.89,26.8,8.49,5.59,0.49,0.66,163.3,25.8,3.348,183,78.15,187.49,81.32,1.47
Magur,60.9,5356,27.6,87.95,26.0,8.06,4.53,0.87,0.2,92.8,29.7,3.474,122,46.07,204.34,82.82,1.51
Mrigal,60.6,634,25.2,10.46,27.5,7.51,3.87,0.09,0.94,112.1,32.4,0.404,154,38.37,18.84,77.43,1.87
Silver Carp,32.3,6448,55.6,199.63,26.3,8.06,4.55,0.55,0.33,96.2,33.1,6.955,96,76.91,377.3,76.08,1.98
Gulsha,24.1,4435,78.5,184.02,25.4,7.16,3.81,0.85,0.27,98.0,33.8,6.824,165,130.53,403.78,69.75,1.83
Koi,82.8,7034,28.3,84.95,30.5,7.66,6.12,0.62,0.04,83.9,31.0,4.877,227,59.89,358.36,85.07,1.37
Pangasius,39.5,7680,75.1,194.43,31.2,7.28,5.37,0.14,0.03,89.1,31.6,13.266,117,133.51,872.66,85.11,1.44
Pabda,72.3,7828,58.1,108.27,26.4,7.36,4.11,0.28,0.8,89.1,32.6,9.915,189,105.79,699.5,84.47,1.72
Pangasius,83.0,5169,21.9,62.28,24.7,6.65,4.55,0.6,0.26,112.7,34.9,3.385,96,32.46,137.79,82.13,1.56
Shing,69.7,2643,70.5,37.92,25.8,7.5,6.01,0.62,0.06,166.3,25.0,3.857,226,142.55,313.44,83.19,1.69
Koi,28.1,9851,56.4,350.57,24.2,7.86,4.58,1.14,0.7,121.8,29.4,16.39,105,77.93,465.54,60.64,1.8
Gulsha,27.7,1153,28.2,41.62,28.4,7.06,6.88,0.5,0.8,94.1,34.1,0.566,112,44.61,43.17,83.94,1.57
Pangasius,26.6,7673,6.9,288.46,26.2,6.94,4.96,0.49,0.53,149.4,25.2,1.244,140,11.8,72.48,80.02,1.66
Tilapia,38.3,5699,54.4,148.8,29.9,8.39,3.52,0.33,0.04,97.1,29.1,8.371,180,113.48,519.97,80.4,1.46
Koi,17.7,8333,7.2,470.79,30.4,7.79,7.2,0.07,0.28,98.9,34.7,1.584,168,13.49,94.71,84.28,1.43
Gulsha,12.1,2783,9.0,230.0,27.2,6.73,4.3,0.83,0.95,113.7,33.9,0.709,148,14.13,25.1,63.84,1.75
Gulsha,95.6,6220,42.3,65.06,27.2,6.62,4.29,0.85,0.74,137.8,27.0,4.157,192,70.96,317.52,71.94,1.82
Gulsha,39.5,5598,57.5,141.72,27.8,7.14,7.34,1.14,0.55,156.5,31.8,7.403,172,96.26,367.93,68.28,1.63
Koi,76.0,6771,53.1,89.09,25.4,7.26,7.28,0.39,0.7,135.7,33.1,8.126,191,109.03,620.96,84.11,1.53
Thai Koi,69.7,8252,15.9,118.39,24.0,7.63,6.19,0.55,0.88,116.8,26.2,2.296,183,31.33,198.29,76.69,1.68
Rohu,72.7,9827,15.1,135.17,28.0,7.1,5.44,0.46,0.86,151.9,29.6,3.324,149,23.97,197.79,83.96,1.63
Rohu,67.0,6031,59.2,90.01,27.7,6.59,5.39,0.34,0.41,93.7,27.7,10.425,198,108.25,580.54,88.92,1.74
Silver Carp,9.0,6150,45.5,683.33,29.7,6.9,6.69,0.24,0.05,111.8,26.0,5.904,199,87.19,450.29,83.97,1.55
Rohu,14.9,9530,16.6,639.6,30.1,7.46,6.66,0.64,0.42,108.3,34.2,4.604,101,24.18,178.21,77.32,1.67
Gulsha,63.4,7979,31.7,125.85,30.5,7.72,5.99,0.94,0.71,160.1,29.2,5.893,202,59.77,365.81,76.71,1.78
Gulsha,59.0,2212,70.7,37.49,30.9,7.53,5.18,0.29,0.79,159.1,31.9,2.58,200,136.69,245.49,81.19,1.53
Rohu,94.1,8298,70.6,88.18,28.1,6.65,4.74,0.36,0.77,130.0,32.8,17.106,108,103.73,694.2,80.65,1.6
Rohu,49.0,3783,58.9,77.2,29.8,7.59,6.68,1.17,0.77,151.6,26.0,6.194,142,90.41,233.87,68.38,1.92
Catla,42.8,2673,65.7,62.45,29.2,7.53,5.02,0.24,0.82,134.6,27.7,4.39,197,123.04,273.77,83.24,1.77
Koi,36.3,7991,5.2,220.14,25.8,7.71,4.32,0.27,0.63,77.6,29.7,0.802,106,7.78,46.87,75.37,1.74
Common Carp,87.9,8260,58.1,93.97,24.4,6.82,5.51,0.61,0.76,115.3,26.8,13.821,173,103.83,649.98,75.79,1.75
Common Carp,58.1,4654,40.5,80.1,24.1,7.76,5.68,0.52,0.47,105.9,29.1,4.543,201,79.74,306.64,82.63,1.47
Magur,43.0,6746,44.8,156.88,30.5,6.66,5.29,0.89,0.7,165.0,32.8,5.259,135,66.29,288.66,64.55,1.56
Silver Carp,17.3,8378,9.1,484.28,26.1,7.72,7.2,0.99,0.76,137.8,26.5,1.189,146,13.95,81.25,69.53,1.76
Common Carp,42.7,8447,39.6,197.82,30.3,6.54,5.45,0.36,0.83,109.5,26.8,5.452,210,73.82,444.31,71.25,1.69
Gulsha,59.2,4772,56.8,80.61,31.5,7.31,4.01,0.38,0.31,124.7,34.7,6.18,215,118.1,509.56,90.42,1.69
Tilapia,28.8,563,76.6,19.55,24.8,7.49,4.91,0.16,0.19,178.5,25.2,1.277,93,123.38,65.0,93.58,1.23
Gulsha,71.8,2242,33.0,31.23,31.2,6.97,4.04,0.12,1.0,122.4,32.9,1.369,181,58.12,108.93,83.6,1.72
Silver Carp,56.6,6943,16.6,122.67,28.3,7.37,5.33,0.93,0.93,152.1,31.0,2.178,108,23.74,127.25,77.21,1.77
Catla,25.0,6160,33.6,246.4,28.8,6.81,4.02,0.97,0.91,134.6,27.1,4.015,213,56.54,234.88,67.44,1.85
Silver Carp,82.0,5830,79.6,71.1,25.2,8.29,5.17,0.74,0.75,103.6,28.3,13.597,150,123.32,500.27,69.58,1.91
Rohu,71.9,3868,45.8,53.8,31.4,8.09,7.43,0.07,0.57,104.9,25.6,3.632,97,66.6,219.24,85.11,1.59
Gulsha,17.3,5173,30.8,299.02,31.5,6.93,7.22,1.07,0.82,131.1,29.5,3.059,199,53.17,165.03,60,1.77
Pangasius,22.0,9551,42.5,434.14,24.3,6.93,5.76,0.4,0.75,172.9,34.9,11.731,164,83.41,609.81,76.55,1.58
Gulsha,79.3,8629,33.6,108.81,31.5,6.82,7.23,0.78,0.9,88.2,28.3,7.132,122,52.04,333.26,74.22,1.65
Shing,16.3,2130,48.4,130.67,27.1,8.13,7.33,1.19,0.15,125.8,30.6,2.639,128,74.17,116.24,73.58,1.79
Catla,24.0,8040,39.4,335.0,25.7,6.78,7.08,1.0,0.52,133.2,34.4,5.892,90,49.46,250.89,63.09,1.91
Thai Koi,79.1,7578,38.3,95.8,26.3,8.5,4.96,1.15,0.54,91.1,30.4,7.053,210,74.14,350.57,62.4,1.51
Pabda,7.8,1932,71.0,247.69,29.3,7.44,6.07,0.3,0.02,177.8,30.6,3.882,128,108.52,177.29,84.56,1.67
Common Carp,42.8,8724,63.5,203.83,29.8,8.22,5.41,0.63,0.36,97.5,26.1,8.697,112,96.08,592.61,70.7,1.61
Pangasius,45.3,8099,75.4,178.79,26.7,8.34,5.74,0.27,0.97,128.0,26.9,12.458,123,124.0,754.18,75.1,1.71
Magur,62.6,8789,53.9,140.4,26.8,7.91,6.17,1.17,0.59,95.4,30.3,9.475,119,79.29,461.62,66.24,1.72
Pabda,77.6,8191,16.4,105.55,24.8,6.52,3.76,0.83,0.64,89.3,34.9,3.13,152,25.4,132.85,63.85,1.75
Mrigal,27.4,9898,28.0,361.24,26.9,8.03,4.91,0.3,0.57,157.7,32.7,7.621,92,36.97,274.01,74.88,1.93
Gulsha,13.9,6892,30.5,495.83,29.7,7.06,5.27,0.92,0.12,145.9,25.7,3.91,205,56.76,289.76,74.07,1.62
Koi,37.3,8298,20.3,222.47,29.2,7.94,5.12,0.97,0.56,121.6,31.2,4.986,96,28.27,164.54,70.13,1.65
Shing,14.8,5745,32.4,388.18,30.0,8.09,6.6,1.17,0.37,164.8,30.2,3.015,223,63.75,245.51,67.03,1.62
Pabda,79.6,9577,19.5,120.31,28.7,7.55,3.67,0.38,0.14,123.2,32.7,5.304,182,34.93,278.59,83.28,1.5
Magur,44.2,6409,10.4,145.0,26.6,8.18,6.6,1.17,0.08,133.7,33.2,1.806,133,15.85,74.38,73.23,1.66
Gulsha,68.2,5912,37.9,86.69,31.0,7.94,7.42,0.49,0.91,161.6,33.8,5.557,104,55.58,277.11,84.33,1.75
Shing,55.4,8636,75.0,155.88,25.4,7.46,3.75,0.82,0.26,83.0,28.8,18.978,126,108.89,638.89,67.94,1.71
Koi,19.9,5707,23.3,286.78,26.6,7.91,3.74,0.75,0.8,95.9,29.7,2.899,94,32.02,113.0,61.84,1.61
Gulsha,19.8,2073,37.9,104.7,24.9,7.91,7.1,0.4,0.6,105.8,33.7,2.153,106,56.89,98.07,83.16,1.71
Magur,69.8,9531,38.3,136.55,28.7,7.39,4.22,0.74,0.91,88.5,30.2,7.118,171,71.1,520.41,76.8,1.69
Mrigal,93.3,1484,44.0,15.91,31.6,7.89,4.95,0.73,0.14,162.6,30.2,1.561,103,60.84,74.47,82.49,1.61
Thai Koi,9.5,8271,47.5,870.63,31.2,7.15,6.13,0.24,0.23,104.2,29.6,5.932,100,74.23,516.78,84.17,1.39
Magur,79.0,6292,56.1,79.65,30.3,7.89,6.29,0.1,0.22,158.8,32.2,5.507,116,94.64,543.66,91.3,1.53
Pangasius,38.3,3502,59.4,91.44,31.2,6.75,6.31,1.17,0.45,129.8,26.3,5.554,134,104.87,269.46,73.37,1.54
Common Carp,30.1,8563,7.5,284.49,24.3,6.71,7.45,0.48,0.51,104.3,32.9,1.169,135,11.96,72.34,70.64,1.79
Tilapia,84.7,4839,24.2,57.13,30.2,7.09,6.08,0.78,0.21,178.9,27.9,3.045,123,43.99,187.45,88.06,1.35
Mrigal,37.6,2160,57.8,57.45,25.8,7.26,3.6,0.32,0.19,94.6,31.0,2.484,208,109.04,199.51,84.71,1.65
Tilapia,50.8,2777,54.1,54.67,24.7,8.15,4.54,0.85,0.46,84.3,26.0,3.215,99,91.23,214.07,84.5,1.4
Pabda,92.8,8649,55.3,93.2,32.0,6.9,3.68,0.12,0.1,152.2,32.4,9.757,218,107.65,762.2,81.86,1.6
Gulsha,31.4,2101,54.7,66.91,26.4,7.24,6.19,0.94,0.61,82.0,28.3,2.689,129,86.53,137.38,75.57,1.65
Silver Carp,65.7,7128,71.1,108.49,31.2,7.96,4.06,1.08,0.07,81.1,27.8,7.703,181,116.72,621.07,74.65,1.71
Thai Koi,82.1,5803,68.1,70.68,30.5,8.49,5.31,0.64,0.33,150.2,28.8,10.749,122,104.86,484.56,79.63,1.52
Magur,91.9,3632,57.3,39.52,24.8,7.08,5.38,0.84,0.18,166.4,26.6,3.475,124,92.15,278.3,83.15,1.49
Silver Carp,75.6,4712,8.9,62.33,31.7,8.34,6.79,1.02,0.57,123.3,28.3,0.96,119,12.84,38.3,63.32,1.93
Gulsha,76.7,6582,43.9,85.81,24.3,8.03,6.14,0.89,0.65,179.6,27.5,4.421,143,72.94,353.62,73.66,1.77
Pangasius,54.3,9815,14.8,180.76,25.3,7.96,6.09,0.64,0.12,158.3,31.0,2.6,220,31.45,243.72,78.96,1.58
Rohu,30.0,9766,38.0,325.53,30.8,6.51,3.99,1.05,0.35,154.6,31.3,7.942,165,58.25,341.33,60,1.71
Pabda,45.8,8867,64.0,193.6,25.4,7.74,6.29,0.65,0.12,134.4,29.2,12.428,120,96.06,654.95,76.89,1.65
Thai Koi,35.8,8248,39.0,230.39,24.4,6.61,3.65,0.7,0.32,74.1,31.9,7.141,239,78.85,425.25,65.39,1.56
Gulsha,89.6,7994,68.5,89.22,24.0,6.63,3.74,0.56,0.17,139.1,27.3,10.733,218,125.7,694.95,69.16,1.88
Pabda,71.3,6084,68.4,85.33,30.6,6.53,6.85,0.97,0.75,152.0,27.4,11.61,176,114.68,507.57,72.75,1.85
Tilapia,31.5,7330,64.2,232.7,27.0,6.6,4.52,0.77,0.25,178.1,26.0,10.212,154,114.27,609.75,72.8,1.64
Silver Carp,45.1,6829,14.0,151.42,26.3,8.0,7.48,0.84,0.91,78.3,26.9,2.132,103,19.52,90.99,68.27,1.79
Tilapia,86.4,1294,32.9,14.98,27.4,8.42,6.36,0.45,0.58,157.7,30.1,1.158,213,72.97,78.08,82.7,1.25
Pabda,34.4,4168,78.2,121.16,28.1,6.85,3.63,1.12,0.77,143.2,27.6,6.845,100,106.81,267.12,60,1.75
Pabda,12.8,8729,72.4,681.95,26.7,6.68,5.63,0.14,0.47,151.7,27.9,13.967,233,146.51,1020.42,79.79,1.72
Shing,5.5,9117,6.6,1657.64,25.6,8.0,4.56,0.47,0.48,132.1,30.3,1.342,169,12.28,93.5,83.51,1.46
Rohu,14.2,4312,67.7,303.66,28.1,6.7,5.24,0.67,0.37,74.1,33.0,5.809,120,93.13,292.88,72.93,1.83
Thai Koi,68.5,738,37.3,10.77,27.4,7.35,6.44,0.68,0.88,144.3,33.1,0.677,200,70.83,39.91,76.35,1.63
Mrigal,75.7,3077,52.5,40.65,28.3,6.9,3.78,0.29,0.16,135.8,32.6,3.925,152,90.2,233.44,84.11,1.6
Mrigal,92.3,6264,58.6,67.87,25.9,7.48,7.46,0.53,0.82,86.6,26.6,7.708,219,103.47,485.66,74.93,1.89
Thai Koi,26.5,1740,66.7,65.66,31.4,6.73,7.05,0.26,0.03,106.4,28.8,1.973,115,104.95,156.9,85.92,1.6
Catla,81.5,2267,56.7,27.82,24.5,8.08,6.77,0.6,0.99,121.6,33.6,3.175,189,96.19,161.96,74.27,1.76
Thai Koi,9.2,7117,22.3,773.59,30.0,7.71,4.16,0.93,0.81,77.2,33.3,2.762,205,40.86,208.85,71.81,1.75
Pangasius,16.2,733,46.4,45.25,24.9,7.03,5.55,0.98,0.55,132.3,26.2,0.616,235,106.17,59.54,76.5,1.54
Thai Koi,79.9,8350,8.3,104.51,26.9,8.24,5.86,0.12,0.12,107.2,34.4,1.511,145,15.19,112.37,88.57,1.54
Pangasius,27.7,3980,49.6,143.68,26.7,7.02,4.93,0.58,0.43,135.6,33.5,4.126,118,85.92,292.32,85.48,1.31
Pangasius,76.1,7147,30.3,93.92,28.0,6.65,3.74,0.92,0.86,178.3,29.5,3.508,239,67.55,316.89,65.64,1.56
Catla,44.2,4847,56.3,109.66,26.5,8.21,6.54,0.59,0.83,174.3,29.0,5.594,225,99.61,334.45,69.27,1.74
Common Carp,66.3,8795,18.0,132.65,24.7,7.71,6.84,0.2,0.39,93.2,27.0,4.227,173,32.36,263.79,92.68,1.63
Shing,81.6,5786,24.7,70.91,27.2,7.74,3.9,1.09,0.47,106.4,32.5,3.258,239,47.64,190.21,69.01,1.6
Silver Carp,78.3,6560,58.4,83.78,24.3,7.46,4.53,0.58,0.53,160.8,27.7,9.769,149,95.49,464.78,74.2,1.71
Shing,83.9,3247,79.2,38.7,27.5,6.61,5.15,0.73,1.0,148.3,28.7,4.32,191,146.67,338.5,71.08,1.59
Pabda,35.5,8431,48.6,237.49,30.4,7.52,6.57,0.28,0.59,163.2,32.4,10.899,162,85.51,533.18,73.96,1.77
Gulsha,7.6,8007,79.7,1053.55,31.1,7.32,7.36,0.89,0.81,118.7,31.2,16.592,176,137.13,761.33,69.34,1.86
Mrigal,63.1,6504,38.3,103.07,29.7,6.65,7.19,0.92,0.97,71.3,28.0,3.961,139,58.9,271.0,70.74,1.86
Shing,45.1,3156,16.5,69.98,24.2,6.9,6.29,0.68,0.37,83.4,25.5,1.495,163,30.83,81.92,84.19,1.57
Koi,16.2,6098,74.2,376.42,29.3,7.73,6.95,1.09,0.67,125.2,30.4,7.421,162,114.7,424.33,60.67,1.53
Catla,92.3,1231,79.3,13.34,31.4,6.77,6.14,0.45,0.29,161.4,25.3,1.835,128,122.01,127.62,84.97,1.66
Pabda,80.8,2375,63.8,29.39,25.4,8.4,6.08,0.61,0.58,153.0,31.3,4.091,227,115.2,191.27,69.91,1.68
Pabda,62.7,6906,66.9,110.14,27.5,7.23,5.61,0.5,0.32,95.1,28.2,8.224,141,111.1,687.38,89.59,1.7
Mrigal,22.8,8731,75.6,382.94,24.1,8.42,7.29,0.39,0.37,161.7,28.3,16.898,113,109.01,741.78,77.94,1.53
Common Carp,38.4,6424,48.6,167.29,24.8,6.95,7.12,0.19,0.09,119.5,33.4,9.023,153,82.97,448.47,84.14,1.63
Gulsha,88.0,7753,17.1,88.1,26.5,6.51,5.64,0.51,0.32,130.4,31.5,3.036,141,28.88,172.5,77.03,1.59
Pangasius,70.1,3824,61.6,54.55,25.9,7.91,7.04,0.69,0.77,170.4,25.7,4.735,237,141.64,427.6,78.95,1.54
Silver Carp,67.2,9721,50.8,144.66,27.8,7.82,3.6,0.59,0.23,134.6,26.8,13.975,231,95.6,709.41,76.34,1.72
Koi,70.8,9936,60.8,140.34,31.6,7.04,7.04,0.59,0.15,129.4,27.2,15.465,239,143.23,1183.72,83.18,1.58
Common Carp,99.1,6219,47.2,62.75,26.0,7.39,3.93,1.16,0.23,133.9,28.4,5.518,192,81.13,342.35,67.85,1.69
Silver Carp,82.0,6994,62.7,85.29,25.4,7.67,6.69,0.94,0.11,150.4,28.1,10.612,157,99.94,568.6,81.35,1.63
Shing,70.7,4101,42.4,58.01,25.6,8.48,4.5,0.85,0.3,127.0,31.1,3.234,100,60.7,198.29,79.66,1.5
Tilapia,71.7,6572,74.5,91.66,24.0,8.44,5.88,0.89,0.57,150.3,27.1,9.499,176,144.47,703.08,74.05,1.56
Mrigal,85.2,6765,55.5,79.4,29.2,8.13,5.44,0.57,0.45,119.5,27.4,10.701,107,82.8,468.54,83.65,1.61
Magur,85.3,2703,29.8,31.69,26.7,8.28,5.12,1.15,0.86,100.1,34.1,2.127,236,57.38,98.99,63.83,1.74
Magur,51.8,2460,19.2,47.49,24.1,6.58,3.95,0.38,0.56,152.3,29.6,1.058,162,31.92,57.39,73.08,1.65
Koi,7.7,6721,14.7,872.86,29.6,7.05,3.95,1.01,0.53,148.1,25.2,2.658,137,21.68,87.44,60,1.7
Common Carp,9.8,4507,25.5,459.9,30.5,8.33,5.35,0.67,0.34,125.1,32.1,2.31,224,48.21,153.83,70.8,1.81
Thai Koi,55.9,7741,18.4,138.48,29.5,8.35,6.07,0.64,0.31,79.8,32.8,3.931,126,31.67,196.42,80.11,1.65
Shing,78.8,3437,63.1,43.62,26.8,7.83,7.44,0.8,0.27,149.7,27.8,3.817,136,110.31,315.1,83.11,1.52
Silver Carp,17.3,5226,9.8,302.08,28.9,7.03,4.32,0.41,0.96,83.5,33.2,1.378,211,18.61,72.76,74.8,1.81
Shing,81.5,431,13.1,5.29,24.1,7.32,4.08,1.06,0.4,115.3,33.5,0.165,204,24.22,7.71,73.9,1.77
Magur,46.1,9684,5.6,210.07,26.4,8.14,6.74,1.14,0.34,125.2,29.2,1.101,190,9.98,66.15,68.42,1.57
Common Carp,99.9,3568,12.1,35.72,26.7,8.03,5.01,1.04,0.83,103.0,34.5,0.958,105,17.37,40.7,65.67,1.63
Catla,84.3,9855,60.2,116.9,26.4,7.97,6.22,0.37,0.26,82.9,29.2,15.662,181,114.33,1021.68,90.68,1.74
Thai Koi,35.6,4304,41.5,120.9,29.4,7.28,6.25,0.83,0.32,136.4,31.7,3.537,205,86.29,310.13,83.51,1.57
Pabda,19.8,4768,66.6,240.81,28.5,7.08,5.7,0.11,0.61,74.7,25.7,6.319,133,99.34,357.08,75.39,1.64
Shing,51.3,4194,18.6,81.75,26.2,8.38,3.83,0.31,0.42,178.0,28.8,2.301,176,34.95,116.55,79.52,1.53
Shing,42.6,8741,25.6,205.19,24.2,7.06,6.99,0.68,0.28,166.4,28.8,4.744,143,42.76,288.27,77.12,1.84
Tilapia,11.1,2212,58.2,199.28,30.3,7.53,5.57,1.1,0.25,124.3,29.9,2.073,176,110.55,174.06,71.18,1.49
Silver Carp,37.7,4340,22.0,115.12,24.8,6.74,4.68,0.62,0.16,156.1,28.4,2.588,188,38.38,127.33,76.45,1.72
Common Carp,89.9,7330,40.7,81.54,28.9,8.17,5.81,0.06,0.57,169.7,29.5,8.323,106,61.82,382.52,84.42,1.7
Pabda,99.4,6759,74.8,68.0,26.0,7.47,5.77,0.84,0.52,87.3,28.4,8.039,232,146.36,730.24,73.82,1.82
Silver Carp,55.7,9901,78.1,177.76,29.6,7.28,7.36,0.17,0.29,124.5,31.7,18.481,137,119.64,982.38,82.93,1.57
Thai Koi,44.1,1803,24.0,40.88,25.8,7.51,6.92,1.07,0.5,73.5,31.7,1.142,101,35.56,47.57,74.2,1.51
Koi,39.3,5651,12.8,143.79,29.0,7.66,5.11,0.82,0.62,114.8,31.6,2.105,228,26.61,117.2,77.93,1.75
Common Carp,37.2,7337,16.0,197.23,27.7,8.4,7.37,1.01,0.71,89.6,25.2,1.96,191,26.51,116.71,60,1.89
Pabda,56.0,8854,26.3,158.11,29.4,8.36,6.31,0.41,0.09,132.9,25.6,6.031,105,39.85,274.01,77.67,1.63
Catla,89.0,469,41.1,5.27,31.2,8.34,6.96,0.33,0.71,130.5,25.8,0.468,200,77.28,28.71,79.21,1.62
Silver Carp,35.0,3757,61.0,107.34,24.3,8.28,6.09,0.6,0.44,94.1,32.5,5.844,227,111.33,331.2,79.18,1.64
Pangasius,16.2,9544,34.3,589.14,24.8,8.01,7.09,0.33,0.13,105.3,31.1,6.187,212,80.95,666.9,86.32,1.53
Koi,73.5,669,18.1,9.1,29.1,7.36,6.18,0.91,0.43,147.6,28.3,0.235,188,37.74,21.45,84.93,1.39
Magur,37.9,3966,39.8,104.64,26.9,8.35,7.2,0.45,0.57,175.7,34.7,4.309,221,84.26,267.86,80.16,1.69
Magur,79.2,1789,44.8,22.59,31.3,6.79,7.26,0.45,0.2,171.4,30.4,1.691,119,71.66,110.33,86.07,1.57
Pabda,99.9,5538,75.0,55.44,28.9,7.39,3.73,0.84,0.78,126.1,31.7,6.521,142,120.78,457.45,68.39,1.87
Mrigal,25.1,3808,31.4,151.71,31.7,8.06,6.4,1.01,0.04,140.0,27.8,3.121,161,47.67,125.8,69.3,1.86
Catla,6.2,9098,61.4,1467.42,25.1,7.91,4.56,0.6,0.54,156.3,27.1,9.496,189,96.94,589.56,66.85,1.8
Thai Koi,31.3,777,70.3,24.82,25.7,7.86,7.32,1.11,0.12,81.0,28.6,1.092,203,134.96,78.01,74.39,1.57
Pabda,48.8,3184,52.5,65.25,29.0,7.5,3.96,0.49,0.18,105.4,31.7,2.574,219,110.13,297.22,84.76,1.59
Catla,52.0,3694,7.6,71.04,25.5,7.4,4.82,0.08,0.94,156.5,30.3,0.637,145,11.77,35.64,81.98,1.76
Gulsha,83.0,1344,67.6,16.19,27.5,6.52,5.52,0.3,0.93,173.4,28.6,1.726,98,98.35,103.19,78.07,1.65
Catla,63.0,8118,10.4,128.86,28.9,8.08,6.08,0.64,0.12,76.1,31.2,1.916,106,15.35,100.76,80.86,1.65
Rohu,38.5,9573,48.2,248.65,29.2,8.19,5.41,0.39,0.57,95.6,28.2,6.921,232,94.81,692.25,76.27,1.84
Koi,93.2,8119,14.4,87.11,29.5,8.04,4.76,0.49,0.45,163.6,30.7,3.39,126,24.48,183.6,92.36,1.65
Thai Koi,12.4,5641,34.5,454.92,24.6,7.23,4.92,0.99,0.54,120.2,26.4,4.788,123,55.07,218.92,70.47,1.55
Thai Koi,91.1,3284,50.8,36.05,24.3,6.65,4.18,0.11,0.04,93.8,27.5,3.787,118,82.17,240.33,89.06,1.36
Pangasius,88.3,3816,73.9,43.22,25.4,7.14,6.53,0.9,0.6,97.0,33.4,4.343,228,169.77,502.27,77.53,1.55
Catla,73.9,1594,78.4,21.57,31.3,8.0,5.46,0.79,0.84,108.2,30.9,3.362,92,105.96,130.27,77.13,1.93
Mrigal,94.0,9586,69.9,101.98,29.0,6.6,4.7,0.4,0.79,122.1,26.4,17.02,137,111.54,844.5,78.98,1.58
Magur,96.3,9401,30.0,97.62,25.3,7.28,6.47,0.58,0.89,158.2,30.6,8.263,206,59.11,420.31,75.64,1.65
Magur,78.3,7022,63.4,89.68,30.1,7.11,5.74,0.1,0.6,87.4,27.3,9.75,118,99.17,583.29,83.76,1.53
Rohu,58.8,9836,25.3,167.28,28.9,7.29,4.1,0.43,0.43,179.1,25.5,6.296,172,42.82,350.46,83.21,1.79
Pabda,33.7,8745,37.9,259.5,27.1,8.07,6.96,1.19,0.47,138.3,28.7,5.933,182,62.72,370.42,67.53,1.67
Pabda,61.4,7357,75.5,119.82,24.3,7.06,7.36,0.94,0.68,122.0,30.6,12.72,102,104.39,588.69,76.65,1.71
Magur,77.9,8327,79.8,106.89,30.3,7.83,5.14,0.81,0.09,149.2,31.8,12.492,102,123.37,854.72,83.2,1.62
Pangasius,6.7,4167,21.0,621.94,24.4,7.86,7.08,0.74,0.36,152.9,33.9,2.38,179,42.77,139.0,78.0,1.7
Mrigal,23.4,8776,58.0,375.04,29.8,8.46,3.67,0.2,0.99,149.0,26.5,10.18,92,74.84,413.5,62.96,1.92
Common Carp,92.2,1450,9.9,15.73,31.4,7.77,5.02,0.6,0.4,112.0,29.1,0.401,165,17.0,20.26,82.22,1.54
Common Carp,25.7,8958,68.6,348.56,24.7,7.02,3.93,1.1,0.34,119.3,28.6,16.285,210,114.28,614.24,60,1.61
Thai Koi,91.5,5157,67.8,56.36,25.7,6.85,5.63,1.11,0.36,172.9,32.0,6.084,106,98.29,381.34,75.23,1.5
Gulsha,52.6,2864,30.2,54.45,30.2,7.65,3.57,0.81,0.98,157.7,32.7,1.574,200,53.1,103.91,68.33,1.88
Mrigal,25.2,5764,39.9,228.73,31.7,8.42,5.14,0.2,0.64,169.5,26.3,3.864,235,72.3,298.43,71.61,1.85
Catla,89.8,8981,42.6,100.01,29.2,7.52,5.01,0.58,0.64,92.3,25.4,7.422,226,76.64,529.78,76.97,1.9
Pangasius,90.7,1299,35.9,14.32,27.2,7.84,3.99,1.11,0.9,176.4,28.5,0.727,130,57.11,46.32,62.44,1.56
Tilapia,94.2,4760,42.2,50.53,24.5,7.74,4.34,1.05,0.41,108.6,28.7,4.319,192,93.1,347.39,78.39,1.44
Rohu,51.7,8267,28.1,159.9,27.0,7.79,6.73,1.03,0.88,105.2,29.7,6.76,238,50.36,249.8,60,1.79
Thai Koi,30.0,8221,68.7,274.03,26.5,6.6,4.57,1.09,0.84,177.9,34.8,11.635,218,123.09,607.15,60,1.53
Common Carp,41.3,6889,29.3,166.8,30.5,8.16,4.79,0.95,0.95,103.8,27.0,4.582,212,54.65,260.83,69.28,1.75
Thai Koi,96.5,8826,61.7,91.46,24.7,6.68,5.66,0.96,0.3,135.4,25.2,15.683,181,115.3,831.6,81.72,1.36
Catla,21.9,4171,10.8,190.46,31.0,8.0,5.73,1.01,0.48,141.8,29.4,0.707,240,18.87,53.95,68.56,1.99
Pangasius,33.3,8029,49.2,241.11,25.7,8.3,3.9,0.27,0.78,74.3,34.0,11.1,174,85.86,448.18,65.01,1.74
Rohu,20.9,8267,27.8,395.55,30.1,7.86,3.75,0.09,0.83,109.3,28.2,4.16,235,49.49,282.17,68.96,1.75
Tilapia,11.2,2215,66.1,197.77,31.9,6.77,3.63,1.11,0.3,118.6,34.0,2.591,201,124.37,165.29,60,1.51
Common Carp,95.5,2117,14.0,22.17,27.5,7.72,6.31,0.61,0.74,179.3,33.9,0.551,238,28.27,46.42,77.56,1.64
Rohu,8.6,7903,54.8,918.95,31.2,7.11,5.54,0.83,0.36,119.8,28.7,8.965,151,85.79,524.91,77.42,1.85
Thai Koi,83.9,7887,21.8,94.0,28.1,6.73,6.58,1.15,0.35,107.8,32.0,4.023,158,38.61,216.95,71.24,1.67
Catla,94.5,7053,18.2,74.63,24.4,7.17,4.6,0.89,0.85,126.7,31.7,2.349,177,30.3,159.51,74.65,1.91
Koi,74.8,6789,37.9,90.76,29.7,6.69,6.66,0.12,0.73,142.3,31.3,5.403,230,83.54,450.92,79.51,1.61
Tilapia,75.5,3235,70.4,42.85,30.1,6.57,5.17,0.53,0.96,89.2,26.1,4.805,182,143.24,338.53,73.06,1.44
Pangasius,31.2,8392,8.9,268.97,27.5,7.02,5.51,0.45,0.37,79.4,32.4,1.897,224,21.7,156.18,85.77,1.51
Tilapia,66.7,2221,6.3,33.3,28.2,6.58,6.94,0.1,0.87,74.5,34.6,0.385,192,13.31,23.77,80.39,1.22
Pangasius,98.7,7275,45.5,73.71,30.0,7.06,4.32,1.04,0.08,178.8,26.8,7.779,215,97.79,543.1,76.34,1.62
Silver Carp,100.0,8456,76.6,84.56,25.5,8.48,7.3,0.82,0.55,131.2,35.0,18.978,150,112.88,668.57,70.04,1.83
Tilapia,5.0,3898,36.5,779.6,29.7,7.63,5.12,0.98,0.55,87.1,32.9,2.589,206,78.44,214.09,70.02,1.44
Pangasius,33.1,7180,21.5,216.92,29.0,8.46,5.86,0.45,0.67,117.8,30.8,4.06,186,43.33,222.4,71.49,1.49
Mrigal,15.0,5937,39.2,395.8,30.9,7.14,4.07,1.06,0.71,138.5,29.6,5.33,171,56.74,202.12,60,1.71
Thai Koi,49.6,1416,66.7,28.55,25.4,7.37,4.38,0.41,0.92,131.2,27.6,1.936,239,152.25,184.28,85.48,1.56
Catla,69.2,7886,47.7,113.96,31.2,6.98,3.79,1.14,0.63,131.9,29.2,9.705,107,63.77,301.74,60,1.75
Shing,76.0,680,55.9,8.95,31.9,7.22,7.03,1.04,0.48,143.8,30.9,0.631,190,102.04,52.2,75.23,1.66
Silver Carp,28.8,6947,7.5,241.22,24.3,7.92,6.45,0.11,0.42,130.5,32.4,1.178,227,14.78,84.94,82.72,1.62
Tilapia,89.2,9669,32.4,108.4,26.4,8.09,5.05,1.05,0.46,88.2,27.8,6.829,126,55.05,413.97,77.78,1.6
Mrigal,51.8,9844,39.5,190.04,30.7,7.67,4.26,0.16,0.32,123.0,33.6,6.766,95,58.03,478.91,83.83,1.72
Thai Koi,68.6,3769,45.8,54.94,27.3,7.78,5.69,0.12,0.09,83.5,26.2,2.848,193,100.67,346.84,91.41,1.59
Silver Carp,79.7,2830,79.1,35.51,26.0,8.26,5.61,0.38,0.75,151.9,31.3,5.596,105,113.23,247.44,77.22,1.81
Thai Koi,7.2,9879,47.9,1372.08,29.0,7.22,4.99,0.69,0.26,137.3,28.6,7.571,187,91.52,688.82,76.19,1.59
Pabda,14.5,5265,43.6,363.1,28.3,8.43,4.82,0.69,0.25,123.5,34.1,6.336,141,66.05,249.48,71.74,1.77
Magur,34.7,4456,63.2,128.41,25.5,6.71,3.66,0.71,0.19,167.7,26.1,4.788,156,102.75,321.02,70.11,1.79
Tilapia,13.6,9968,50.4,732.94,25.4,8.22,5.57,0.21,0.66,76.8,29.0,15.021,146,93.22,705.4,75.91,1.64
Thai Koi,48.3,1944,72.2,40.25,31.1,7.7,5.59,0.16,0.84,113.1,28.1,3.733,235,160.64,259.45,83.08,1.52
Tilapia,67.7,6224,6.6,91.94,26.2,7.84,3.53,0.66,0.4,143.3,33.9,0.846,103,11.16,55.96,80.6,1.58
Pabda,44.9,7209,21.5,160.56,30.6,8.03,3.54,0.4,0.8,137.6,33.6,4.03,144,33.03,165.47,69.49,1.65
Tilapia,21.1,4012,72.0,190.14,30.6,6.96,5.89,0.28,0.65,108.2,33.6,7.135,178,153.89,490.34,79.42,1.63
Common Carp,26.3,4493,75.2,170.84,24.8,8.08,4.89,0.79,0.72,174.4,31.6,7.535,228,146.25,443.27,67.46,1.72
Thai Koi,89.7,6724,71.2,74.96,30.7,7.61,4.2,0.16,0.74,178.4,31.0,10.532,157,137.49,765.83,82.84,1.55
Tilapia,37.0,8797,71.0,237.76,25.2,7.0,3.81,1.12,0.67,173.9,34.1,17.988,203,125.64,663.17,60,1.57
Koi,29.6,8390,59.3,283.45,28.4,8.16,3.85,0.64,0.41,153.6,25.4,9.254,237,127.69,751.51,70.15,1.66
Shing,44.7,4634,58.3,103.67,31.5,7.0,4.43,0.2,0.05,113.2,34.1,4.431,227,127.51,539.79,91.35,1.45
Thai Koi,5.6,5428,56.2,969.29,25.3,6.55,6.48,1.09,0.48,125.9,27.9,6.162,189,97.96,347.07,65.27,1.51
Magur,90.3,4200,67.5,46.51,29.5,8.17,5.59,0.67,0.05,151.0,33.0,6.832,122,111.47,385.35,82.31,1.49
Gulsha,24.0,8019,25.1,334.12,25.2,6.92,4.75,0.07,0.03,141.6,26.2,5.656,220,49.9,336.17,84.02,1.54
Pangasius,22.3,5705,48.8,255.83,24.6,6.55,4.31,0.96,0.39,134.3,33.4,6.765,219,102.14,429.76,73.75,1.55
Rohu,82.9,6779,75.5,81.77,28.8,7.74,7.35,0.31,0.71,154.2,32.6,14.587,198,143.38,805.01,82.82,1.5
Shing,78.7,6850,73.9,87.04,31.5,6.69,3.77,0.84,0.09,123.0,26.9,8.454,238,151.7,750.88,72.26,1.83
Tilapia,31.2,9922,12.3,318.01,26.4,8.32,4.02,0.43,0.25,83.5,34.2,2.221,95,19.58,156.94,80.79,1.25
Rohu,62.9,3654,64.1,58.09,25.2,8.11,4.09,0.97,0.55,126.3,30.5,4.029,178,113.11,313.85,75.94,1.75
Rohu,13.2,1207,67.1,91.44,28.5,6.9,5.76,0.09,0.05,102.4,31.8,2.049,121,100.14,109.92,90.94,1.57
Common Carp,35.8,7417,25.0,207.18,27.5,6.84,6.08,0.86,0.98,148.5,30.3,4.784,165,40.15,203.7,68.41,1.79
Magur,29.4,3109,15.6,105.75,30.4,7.43,6.99,0.9,0.44,150.9,27.3,0.994,238,33.01,87.18,84.95,1.49
Silver Carp,40.1,5296,68.4,132.07,30.8,6.51,6.55,1.05,0.57,174.8,27.0,10.107,94,90.69,293.35,61.08,1.85
Catla,92.0,3864,66.5,42.0,24.3,7.98,5.69,1.19,0.12,160.7,31.7,4.291,120,97.07,270.92,72.23,1.79
Common Carp,52.7,8547,47.6,162.18,28.7,7.04,6.96,0.66,0.76,170.5,34.5,11.717,131,71.94,415.88,67.64,1.71
Rohu,68.0,5517,71.9,81.13,31.4,6.86,3.71,0.26,0.32,91.8,27.7,11.265,120,108.5,509.75,85.16,1.72
Catla,20.3,4236,19.7,208.67,29.6,7.1,4.1,1.02,0.7,155.7,31.9,1.502,239,34.21,88.92,61.35,1.84
Shing,22.5,7980,61.5,354.67,25.1,6.62,5.99,0.45,0.17,149.1,34.6,7.558,112,98.28,630.1,80.34,1.61
Rohu,96.3,6399,16.5,66.45,31.0,6.99,5.31,1.11,1.0,112.4,33.8,3.051,190,26.67,117.18,68.66,1.68
Rohu,13.6,2605,52.1,191.54,29.6,8.3,6.25,0.52,0.26,153.4,27.9,2.877,195,87.91,163.09,71.22,1.79
Mrigal,38.4,699,38.1,18.2,26.4,7.98,3.58,0.31,0.78,71.4,26.3,0.589,116,54.12,28.8,76.12,1.9
Common Carp,35.2,3551,15.9,100.88,28.0,6.8,4.84,0.71,0.42,141.4,33.9,0.926,230,31.32,91.01,81.84,1.47
Mrigal,97.5,3032,61.8,31.1,29.5,6.55,6.04,0.26,0.28,147.8,32.9,4.141,128,99.13,260.92,86.81,1.77
Pabda,22.3,6809,54.2,305.34,28.9,7.02,6.08,1.1,0.49,142.2,33.3,8.34,130,82.76,366.95,65.12,1.76
Tilapia,31.7,5324,52.4,167.95,26.5,8.18,3.7,1.06,0.29,106.3,33.5,7.979,148,90.96,301.17,62.19,1.61
Rohu,45.1,5279,26.4,117.05,31.3,7.79,3.67,0.12,0.88,159.3,32.3,4.042,210,48.37,202.03,79.13,1.79
Catla,26.3,3492,74.4,132.78,26.4,6.85,6.54,0.5,0.86,93.3,31.3,7.612,126,110.97,320.19,82.63,1.84
Thai Koi,81.4,6713,51.7,82.47,31.5,6.73,7.21,0.5,0.37,78.0,32.2,6.872,116,89.01,525.05,87.87,1.48
Tilapia,81.9,6786,59.5,82.86,25.2,8.03,5.83,0.93,0.32,162.0,28.6,7.873,203,140.7,807.65,84.59,1.43
Gulsha,25.7,9031,35.7,351.4,30.9,7.35,6.59,0.14,0.64,118.0,31.4,6.061,170,58.44,404.67,76.68,1.74
Shing,71.5,4846,74.0,67.78,27.3,7.81,7.43,0.31,0.08,137.8,33.5,9.288,107,114.55,511.26,92.1,1.59
Catla,47.0,9963,73.3,211.98,27.6,8.49,3.61,0.93,0.06,77.7,25.1,14.387,206,121.46,775.66,64.1,1.71
Thai Koi,51.2,4956,21.4,96.8,31.8,7.54,4.81,0.98,0.65,160.8,31.9,2.185,128,34.93,133.44,77.09,1.68
Tilapia,82.2,9452,72.7,114.99,28.1,7.27,7.18,0.68,0.12,176.5,34.5,19.378,201,172.8,1415.39,86.66,1.21
Mrigal,47.4,9807,28.2,206.9,30.2,7.57,4.64,1.12,0.29,161.1,32.7,5.725,200,45.86,296.76,65.98,1.95
Silver Carp,78.9,4896,24.4,62.05,31.6,8.07,5.73,0.42,0.74,82.3,26.7,2.795,183,44.22,182.48,84.28,1.85
Pangasius,23.1,9796,79.6,424.07,29.8,8.35,6.49,0.4,0.4,153.6,33.8,15.283,174,159.61,1244.6,79.6,1.34
Mrigal,21.7,5340,16.2,246.08,27.5,6.97,4.78,1.1,0.53,163.8,30.3,2.137,90,20.36,65.24,60,1.75
Thai Koi,79.9,1706,66.1,21.35,27.0,7.01,4.96,0.59,0.37,175.8,28.9,3.0,153,115.32,168.9,85.85,1.52
Magur,52.9,2815,74.9,53.21,26.9,8.3,3.74,0.79,0.15,167.2,30.8,5.798,148,123.19,248.06,71.53,1.8
Magur,9.2,7347,53.7,798.59,28.6,8.08,5.43,0.29,0.79,172.1,34.5,8.088,95,78.45,431.65,74.89,1.56
Pangasius,75.5,572,41.5,7.58,24.8,7.88,6.72,0.21,0.64,124.7,25.6,0.667,109,67.17,32.84,85.49,1.5
Pabda,73.4,9594,71.3,130.71,31.1,6.89,6.36,1.02,0.58,115.8,32.7,14.912,230,132.37,837.55,65.95,1.8
Mrigal,82.7,3896,50.1,47.11,31.5,6.93,7.5,0.33,0.21,135.6,25.7,4.685,220,103.03,362.08,90.2,1.67
Pangasius,74.1,5756,76.8,77.68,28.5,8.31,4.48,0.34,0.18,168.2,32.0,8.62,103,120.68,621.43,89.46,1.43
Catla,89.8,7183,49.8,79.99,28.8,8.08,5.24,0.18,0.74,92.3,34.5,7.011,191,89.64,530.36,82.37,1.7
Silver Carp,21.8,5058,43.2,232.02,29.8,8.15,7.2,0.09,0.84,178.9,26.1,4.479,195,75.1,292.69,77.05,1.96
Thai Koi,83.4,1438,12.4,17.24,28.3,6.86,6.94,0.63,0.98,136.5,26.5,0.407,117,20.21,22.53,77.51,1.71
Tilapia,41.2,6269,71.5,152.16,24.3,6.78,3.81,0.21,0.86,173.1,27.9,11.789,190,138.0,578.0,66.81,1.6
Tilapia,92.4,929,8.9,10.05,27.0,6.59,6.51,1.02,0.79,175.7,30.2,0.151,178,17.28,10.5,65.42,1.5
Pabda,57.7,6908,79.7,119.72,30.3,7.24,5.88,0.43,1.0,105.8,26.0,9.91,156,140.86,800.07,82.22,1.74
Tilapia,94.4,6993,65.5,74.08,26.9,7.01,7.24,0.2,0.23,70.6,27.3,12.184,194,156.13,1012.88,92.77,1.23
Pangasius,21.2,1658,43.8,78.21,29.2,7.02,4.14,0.13,0.71,168.6,31.3,1.307,217,102.71,142.46,83.66,1.52
Pangasius,92.2,5540,54.0,60.09,24.8,7.04,4.01,0.14,0.33,90.4,34.7,4.816,159,108.9,573.04,94.98,1.43
Rohu,39.2,8779,23.7,223.95,27.5,8.49,6.37,1.0,0.45,92.4,33.6,3.412,211,42.98,271.13,71.86,1.73
Catla,27.0,2100,74.7,77.78,28.2,6.78,4.6,0.85,0.33,154.8,32.7,4.126,192,130.44,216.56,79.06,1.81
Magur,43.2,6645,14.8,153.82,27.9,7.8,4.68,0.78,0.56,102.1,25.9,1.515,145,22.93,106.85,70.14,1.64
Mrigal,94.5,8607,68.6,91.08,27.7,6.71,4.3,1.02,0.19,80.5,29.8,9.742,193,110.14,650.76,68.65,1.69
Common Carp,51.9,3207,57.7,61.79,31.4,7.32,5.3,0.69,0.18,110.1,34.2,3.627,233,116.79,316.65,84.54,1.58
Gulsha,17.3,3441,12.7,198.9,25.6,8.33,3.6,0.17,0.81,148.2,27.7,1.127,196,22.1,50.11,65.9,1.63
Pangasius,54.1,2251,26.6,41.61,29.2,7.13,7.44,0.51,0.57,174.2,29.8,1.742,135,44.65,79.35,78.94,1.5
Silver Carp,97.1,381,17.7,3.92,26.1,6.68,7.43,0.42,0.25,124.5,32.1,0.185,95,23.82,7.8,85.94,1.72
Gulsha,31.0,9945,55.8,320.81,25.3,6.99,6.68,0.64,0.03,134.5,27.9,16.37,141,92.4,686.33,74.69,1.79
Pangasius,29.6,7087,16.5,239.43,26.6,7.71,3.83,0.07,0.89,148.1,31.7,3.239,192,33.43,167.41,70.66,1.47
Pangasius,47.3,4533,34.0,95.84,26.3,7.78,4.02,0.71,0.93,95.2,29.2,2.836,195,68.07,235.15,76.21,1.57
Koi,36.9,9307,49.8,252.22,27.7,8.1,3.92,1.17,0.09,177.4,32.8,8.018,160,77.9,451.11,62.22,1.7
Gulsha,28.4,9562,57.6,336.69,31.9,7.54,5.4,0.69,0.86,167.2,30.3,13.824,113,83.9,556.27,69.34,1.85
Silver Carp,75.2,8991,5.8,119.56,25.9,7.79,4.86,0.83,0.97,119.5,33.6,0.855,178,9.96,66.22,73.94,1.72
Gulsha,84.5,8438,40.1,99.86,29.6,7.81,3.99,0.25,0.47,128.5,30.9,9.948,135,62.34,440.79,83.8,1.68
Mrigal,29.2,9160,19.5,313.7,24.4,8.06,7.08,0.49,0.84,100.0,34.8,5.001,228,35.26,246.77,76.4,1.89
Common Carp,55.1,751,46.5,13.63,24.5,8.27,7.39,0.9,0.53,119.6,30.1,0.552,145,76.42,41.68,72.62,1.71
Pangasius,38.7,2224,29.7,57.47,26.4,7.77,5.48,0.46,0.02,116.8,34.0,1.651,145,60.92,124.76,92.08,1.59
Catla,58.5,5574,49.2,95.28,25.2,7.75,5.31,1.09,0.33,128.5,33.0,5.896,137,74.68,314.12,75.46,1.98
Shing,95.1,7902,42.6,83.09,24.5,7.22,4.12,0.64,0.31,92.7,32.7,7.944,217,88.67,594.29,84.82,1.58
Mrigal,93.1,495,5.4,5.32,28.3,7.07,7.05,0.96,0.11,149.5,31.3,0.057,213,10.59,4.36,83.17,1.69
Thai Koi,83.5,7298,74.9,87.4,26.0,6.99,6.55,0.19,0.64,123.1,28.9,12.682,158,136.61,827.0,82.95,1.4
Magur,72.5,3793,32.0,52.32,28.2,8.07,7.45,0.67,0.88,125.2,32.7,2.78,99,47.62,138.81,76.85,1.56
Thai Koi,18.4,3862,29.5,209.89,24.4,8.22,7.31,1.16,0.33,74.5,27.2,3.35,200,52.45,126.09,62.25,1.75
Thai Koi,84.3,3065,22.5,36.36,25.6,8.16,4.84,0.6,0.58,87.1,32.7,1.083,163,40.07,95.01,77.37,1.61
Pangasius,84.5,8567,46.9,101.38,25.8,6.95,5.16,1.12,0.56,116.3,32.3,6.469,159,84.94,512.31,70.4,1.57
Silver Carp,37.4,4534,65.8,121.23,28.3,7.73,4.46,0.19,0.86,75.9,34.2,6.951,128,101.92,381.01,82.45,1.56
Magur,73.0,4404,13.1,60.33,31.3,6.85,6.41,0.07,0.26,105.7,31.9,1.275,199,26.54,105.26,90.06,1.46
Gulsha,70.7,7737,7.4,109.43,29.8,8.36,5.15,0.25,0.63,77.2,32.6,1.174,226,14.31,84.74,76.55,1.63
Silver Carp,62.0,914,34.1,14.74,25.3,7.63,5.01,0.96,0.03,125.3,26.8,0.555,174,61.19,45.28,80.97,1.8
Koi,97.6,3628,45.5,37.17,30.6,6.98,5.53,1.15,0.98,100.0,26.5,4.242,203,83.07,202.4,67.16,1.67
Shing,30.4,5642,79.3,185.59,28.9,6.59,7.16,0.28,1.0,114.1,26.1,12.438,186,148.83,608.6,72.48,1.63
Tilapia,28.7,3101,25.3,108.05,27.0,7.14,6.53,0.88,0.55,163.1,27.2,1.679,171,50.99,125.42,79.32,1.55
Pangasius,76.2,8621,71.5,113.14,27.3,6.52,4.85,0.15,0.15,90.9,33.6,13.931,193,157.15,1203.18,88.81,1.54
Thai Koi,90.7,6428,74.7,70.87,31.8,6.84,7.14,0.66,0.31,107.3,34.9,13.925,192,155.31,826.03,82.74,1.49
Shing,77.4,3081,25.7,39.81,29.0,7.99,4.39,1.17,0.71,88.3,31.1,1.853,175,42.55,89.48,68.26,1.73
Thai Koi,54.4,6615,54.5,121.6,24.4,7.58,3.63,1.2,0.57,92.0,26.8,5.804,99,78.58,311.9,60,1.61
Magur,6.6,6786,45.8,1028.18,25.1,7.1,5.77,1.16,0.81,102.3,29.0,4.942,201,79.73,331.41,61.25,1.56
Catla,65.5,6134,30.7,93.65,30.7,7.46,4.25,0.35,0.75,70.7,28.8,4.199,138,47.35,242.03,83.33,1.55
Koi,85.0,1532,30.4,18.02,24.8,8.12,4.11,0.54,0.7,108.1,26.5,1.285,233,63.41,76.11,78.34,1.59
Thai Koi,73.8,7336,47.2,99.4,29.9,7.46,7.32,0.54,0.14,86.1,34.7,8.206,218,104.37,642.6,83.93,1.39
Tilapia,81.6,4612,73.3,56.52,29.4,7.6,7.25,0.15,0.85,120.7,29.0,6.356,203,172.82,689.69,86.53,1.38
Catla,68.2,387,16.1,5.67,24.3,7.62,4.78,0.47,0.92,111.2,26.5,0.167,215,30.2,9.63,82.38,1.55
Common Carp,40.6,3498,28.5,86.16,26.9,6.65,7.18,1.08,0.6,141.8,34.4,2.064,174,46.02,98.52,61.2,1.7
Pangasius,92.0,3453,10.2,37.53,28.3,7.25,3.72,0.45,0.82,102.4,34.4,0.902,212,21.37,56.28,76.26,1.67
Rohu,65.9,7100,79.9,107.74,30.8,8.43,6.84,0.45,0.67,153.4,26.6,8.85,216,146.49,844.84,81.23,1.79
Koi,48.4,4817,78.8,99.52,24.8,7.34,7.48,0.39,0.79,134.3,30.2,8.237,103,116.24,466.08,83.24,1.64
Catla,59.2,8252,12.9,139.39,29.9,6.82,3.55,0.27,0.3,106.4,33.6,3.055,127,19.97,133.9,81.27,1.81
Catla,72.8,2802,79.9,38.49,25.5,7.42,6.33,1.19,0.68,86.6,27.4,6.358,167,124.78,230.37,65.89,1.98
Koi,96.0,5730,5.7,59.69,30.9,8.32,6.97,0.55,0.19,139.2,27.9,0.862,136,10.06,45.6,79.13,1.57
Gulsha,95.1,2681,77.1,28.19,27.3,7.82,7.18,0.84,0.76,105.9,27.0,5.064,173,132.72,272.1,76.47,1.71
Thai Koi,39.9,6417,24.7,160.83,27.2,7.61,4.14,0.5,0.93,129.4,28.3,4.739,185,47.8,231.23,75.39,1.58
Common Carp,95.7,2951,59.6,30.84,25.7,7.67,7.12,0.24,0.95,96.3,28.9,3.06,130,96.67,241.91,84.8,1.54
Shing,77.1,5841,11.8,75.76,26.4,7.99,4.73,0.57,0.07,118.3,26.7,1.964,116,18.92,92.59,83.79,1.41
Pabda,5.6,9097,9.1,1624.46,26.3,8.42,3.8,0.42,0.13,157.6,29.1,1.581,189,15.78,104.08,72.49,1.88
Thai Koi,57.0,9445,56.1,165.7,27.8,6.98,5.53,0.44,0.73,166.2,26.8,7.948,158,96.25,709.25,78.02,1.77
Pabda,23.3,2213,67.5,94.98,25.8,6.99,4.9,0.44,0.3,144.3,28.7,2.584,221,147.49,288.1,88.27,1.68
Pabda,26.9,7620,48.8,283.27,24.5,7.74,4.9,0.77,0.85,122.4,27.2,8.553,199,84.85,432.27,66.86,1.63
Shing,20.7,8038,17.4,388.31,28.8,6.77,4.44,1.14,0.89,167.2,28.5,3.832,131,24.46,117.96,60,1.57
Magur,80.3,3876,69.9,48.27,30.5,8.21,6.28,1.07,0.53,120.6,34.0,4.091,137,110.87,278.3,64.76,1.82
Tilapia,70.1,3722,32.1,53.1,29.2,8.03,7.21,0.61,0.17,73.8,27.2,3.525,145,61.31,192.8,84.49,1.37
Common Carp,92.7,8992,48.5,97.0,30.1,7.46,3.54,0.88,0.36,139.8,28.5,6.978,94,65.35,438.41,74.61,1.73
Pabda,43.5,5294,49.5,121.7,26.7,7.31,5.38,1.19,0.79,161.8,28.7,5.293,176,84.76,293.91,65.5,1.77
Pabda,56.8,7322,79.7,128.91,27.6,6.51,4.12,1.17,0.39,179.6,27.1,16.573,148,119.73,617.36,70.42,1.79
Gulsha,38.7,8034,35.9,207.6,30.4,8.26,6.79,0.63,0.74,104.3,25.0,4.557,168,58.4,291.69,62.17,1.85
Silver Carp,56.7,9078,50.6,160.11,28.2,8.05,5.56,0.4,0.91,177.2,32.0,8.636,93,68.37,462.61,74.53,1.85
Pabda,17.4,3352,53.1,192.64,25.4,7.27,5.41,0.15,0.26,114.5,31.2,4.183,151,92.86,258.55,83.06,1.7
Magur,97.7,9045,16.7,92.58,31.3,6.56,5.77,0.81,0.59,98.0,35.0,3.655,100,24.8,165.28,73.68,1.76
Koi,65.7,898,51.2,13.67,24.7,7.32,4.78,1.16,0.15,131.4,29.2,0.993,108,74.85,51.72,76.94,1.5
Gulsha,32.9,1664,34.1,50.58,29.0,6.78,4.59,0.78,0.17,119.9,28.3,1.56,224,64.03,82.53,77.46,1.69
Gulsha,76.0,9444,77.5,124.26,30.7,7.23,4.26,0.86,0.43,75.0,33.3,12.516,183,144.88,1113.62,81.39,1.52
Silver Carp,52.3,4352,17.2,83.21,28.4,6.72,6.23,1.01,0.49,176.9,34.3,1.213,91,23.27,71.34,70.45,1.79
Common Carp,99.1,7362,10.5,74.29,26.1,6.65,4.61,0.8,0.6,78.9,26.1,2.079,171,16.84,87.99,70.99,1.81
Shing,7.1,7998,14.0,1126.48,31.7,7.6,4.82,1.13,0.33,144.7,32.5,2.463,235,28.06,154.46,68.83,1.84
Silver Carp,49.9,7674,20.5,153.79,25.0,7.47,6.85,0.27,0.13,169.0,32.3,3.839,93,27.25,175.0,83.67,1.75
Mrigal,35.0,6221,24.0,177.74,28.6,7.65,6.26,0.08,0.77,157.2,33.9,3.24,109,33.59,160.48,76.79,1.8
Silver Carp,6.7,5889,79.3,878.96,24.7,7.42,3.65,0.24,0.11,124.6,34.8,11.908,139,121.98,534.23,74.37,1.82
Tilapia,59.4,3099,69.3,52.17,29.1,8.38,4.1,0.28,0.79,83.8,29.3,5.09,104,110.19,284.04,83.18,1.43
Rohu,24.7,9326,36.1,377.57,24.2,6.72,4.97,1.19,0.14,82.0,31.8,8.518,130,48.6,295.91,65.29,1.77
Catla,95.0,1559,60.1,16.41,29.8,7.61,4.41,0.82,0.42,164.7,32.7,2.633,204,115.6,151.4,84.01,1.73
Silver Carp,70.3,2362,75.5,33.6,31.8,7.65,6.13,1.16,0.74,160.5,25.5,3.174,93,99.31,154.35,65.8,1.85
Catla,32.8,3740,72.1,114.02,30.8,7.72,6.54,0.81,0.71,70.7,28.0,4.18,122,103.1,290.29,75.28,1.9
Pangasius,65.6,1666,78.5,25.4,24.1,8.49,5.96,1.12,0.1,144.8,33.5,2.289,222,167.62,202.66,72.57,1.72
Gulsha,90.0,4300,51.5,47.78,26.5,8.38,4.5,0.21,0.93,156.6,26.9,4.54,151,87.55,294.53,78.24,1.47
Rohu,36.5,758,45.0,20.77,25.6,8.12,5.8,0.5,0.44,76.2,28.6,0.921,163,76.18,53.09,91.94,1.5
Catla,86.7,2731,41.5,31.5,29.3,8.13,5.48,0.57,0.49,175.1,32.9,2.947,198,76.15,170.01,81.75,1.85
Pangasius,59.7,2860,74.4,47.91,29.9,7.75,4.93,0.81,0.24,171.7,25.5,6.235,195,157.99,382.4,84.63,1.32
Shing,68.8,7363,22.8,107.02,27.6,6.57,6.7,0.32,0.63,128.4,33.7,2.871,211,47.74,282.78,80.44,1.46
Catla,22.4,8216,54.8,366.79,29.4,8.18,4.99,1.06,0.74,92.3,25.8,9.23,204,91.45,450.83,60,1.85
Catla,62.5,2147,41.2,34.35,28.3,7.6,6.27,1.16,0.37,111.2,33.3,2.494,213,74.26,117.59,73.76,1.8
Shing,63.6,2104,72.7,33.08,25.8,6.72,5.48,1.19,0.13,85.7,25.8,3.962,94,99.08,142.61,68.41,1.7
Mrigal,11.8,9257,79.2,784.49,24.9,8.37,6.01,0.59,0.31,84.8,32.2,17.082,224,144.87,989.98,73.82,1.86
Pabda,98.2,1003,20.2,10.21,28.2,8.3,4.61,0.43,0.91,122.4,25.8,0.598,133,33.29,25.62,76.72,1.74
Magur,7.0,1702,10.0,243.14,29.9,7.35,4.77,0.24,0.2,121.1,27.5,0.391,103,14.66,21.07,84.43,1.68
Common Carp,40.9,528,20.1,12.91,25.5,8.08,3.89,1.07,0.49,91.0,35.0,0.264,219,36.13,13.21,69.23,1.81
Gulsha,45.6,1430,28.5,31.36,27.0,6.63,4.96,0.94,0.36,101.0,27.3,1.056,220,58.51,64.28,76.83,1.58
Mrigal,59.2,5776,27.3,97.57,24.9,7.02,6.11,0.35,0.38,172.0,25.3,3.438,229,57.63,301.96,90.71,1.54
Pangasius,86.8,7995,36.3,92.11,29.8,6.9,5.23,0.41,0.03,173.9,33.4,7.865,91,59.08,441.36,93.44,1.54
Mrigal,64.6,3045,23.3,47.14,31.2,8.24,5.19,0.4,0.04,81.4,32.0,2.072,213,43.25,112.08,85.11,1.5
Tilapia,17.1,4928,47.8,288.19,25.8,7.69,4.21,0.95,0.61,94.9,27.6,4.805,181,98.53,348.82,71.84,1.35
Pabda,30.0,6493,52.9,216.43,30.8,6.75,4.11,0.27,0.21,151.4,28.1,7.419,179,95.97,496.21,79.63,1.57
Thai Koi,41.6,3346,78.0,80.43,28.6,7.06,3.99,0.39,0.69,168.7,35.0,4.358,230,164.91,417.65,75.69,1.59
Rohu,71.6,426,72.8,5.95,25.4,7.21,5.26,1.14,0.86,144.0,31.0,0.636,113,104.02,29.4,66.35,1.9
Gulsha,95.8,9932,19.1,103.67,28.5,7.93,7.36,0.14,0.11,114.3,31.0,4.211,194,35.97,324.72,90.89,1.65
Mrigal,49.8,2892,51.3,58.07,25.7,7.01,5.83,0.45,0.31,162.3,32.9,3.694,176,95.46,249.93,90.53,1.76
Thai Koi,36.1,4254,43.9,117.84,28.0,7.22,3.89,0.07,0.58,152.6,26.3,3.772,90,64.9,212.93,77.12,1.54
Pangasius,5.0,4112,43.7,822.4,27.0,7.2,5.06,0.87,0.36,104.9,34.6,5.391,234,103.49,338.56,79.56,1.48
Shing,65.0,3908,67.1,60.12,26.0,7.87,4.32,0.44,0.39,88.3,28.0,6.949,211,150.98,547.43,92.78,1.67
Mrigal,50.4,3866,12.3,76.71,27.4,6.75,6.95,0.39,0.35,108.0,32.8,1.013,216,23.3,77.89,86.49,1.72
Silver Carp,57.2,7745,50.9,135.4,32.0,7.8,6.35,0.32,0.35,75.1,31.7,6.623,106,76.99,542.92,91.05,1.79
Shing,21.3,3062,56.2,143.76,26.7,7.19,4.11,1.13,0.27,155.8,30.5,4.801,215,111.3,254.61,74.71,1.76
Common Carp,98.7,4960,64.1,50.25,28.8,8.32,6.47,0.13,0.44,71.7,33.3,8.362,204,125.71,530.11,85.02,1.63
Pangasius,32.2,2209,52.5,68.6,28.0,6.99,4.92,0.25,0.97,95.7,26.3,3.34,126,88.6,165.45,84.53,1.39
Gulsha,74.6,7175,18.4,96.18,27.9,7.61,3.71,0.26,0.69,74.8,31.5,3.116,133,28.16,154.01,76.22,1.7
Mrigal,16.3,8705,79.7,534.05,27.5,8.2,5.31,0.59,0.97,138.8,34.1,12.419,116,113.02,667.85,67.88,1.7
Pabda,31.1,4656,20.5,149.71,31.8,7.29,4.17,0.22,0.16,94.3,27.1,2.529,94,31.55,129.5,88.15,1.58
Pangasius,18.2,6027,38.2,331.15,24.2,7.24,5.53,1.09,0.69,142.3,25.3,5.595,118,60.12,229.08,63.22,1.53
Common Carp,77.3,5032,44.5,65.1,24.2,8.19,6.69,0.77,0.55,126.5,26.2,5.061,90,60.77,228.76,74.81,1.82
Koi,69.0,3497,77.1,50.68,28.6,8.17,6.69,1.13,0.74,158.0,35.0,6.201,198,150.15,367.55,70.0,1.72
Silver Carp,90.2,7336,28.0,81.33,27.3,8.09,5.71,0.44,0.3,171.2,31.8,5.587,170,49.07,331.0,91.95,1.73
Magur,32.8,2852,38.2,86.95,29.1,7.93,5.48,0.96,0.72,120.7,33.4,2.538,195,74.18,158.89,75.1,1.67
Magur,36.2,8232,6.2,227.4,31.7,8.16,4.82,0.21,0.24,159.0,34.0,1.449,98,8.9,61.07,83.4,1.59
Catla,64.2,1189,74.2,18.52,28.1,6.97,3.8,0.72,0.03,106.9,32.6,2.523,113,110.63,101.81,77.4,1.72
Tilapia,17.9,1843,33.1,102.96,31.4,7.18,5.21,0.8,0.86,84.7,29.7,1.434,183,66.17,94.61,77.58,1.51
Tilapia,89.4,5880,6.8,65.77,26.8,7.12,4.07,0.1,0.12,110.6,30.9,0.876,109,12.01,66.55,94.21,1.47
Tilapia,14.9,4321,48.4,290.0,29.7,7.44,5.46,0.2,0.1,126.5,30.3,4.036,99,76.12,284.58,86.52,1.27
Pangasius,57.8,1840,48.2,31.83,25.4,7.39,7.32,0.22,0.1,97.7,26.0,1.508,220,121.75,204.12,91.12,1.37
Common Carp,10.1,1064,5.5,105.35,29.3,7.34,3.6,0.9,0.28,73.7,26.9,0.092,137,8.74,7.18,77.16,1.67
Thai Koi,8.6,6383,41.4,742.21,31.5,6.96,4.94,0.19,0.14,134.0,30.1,7.452,96,64.11,349.38,85.38,1.5
Koi,49.0,1639,9.8,33.45,28.9,6.87,5.46,1.14,0.49,104.6,25.4,0.342,126,15.24,18.35,73.47,1.52
Common Carp,16.0,7236,12.0,452.25,28.1,8.45,7.02,0.8,0.39,107.9,29.9,1.789,142,19.09,97.29,70.44,1.75
Koi,22.9,9030,18.0,394.32,26.0,8.09,3.5,0.93,0.63,133.2,30.4,3.56,197,33.57,189.72,62.58,1.69
Thai Koi,71.0,5080,61.8,71.55,29.3,7.18,4.82,1.17,0.43,167.1,28.7,6.216,204,125.77,493.68,77.27,1.75
Rohu,30.2,4155,35.0,137.58,30.6,8.02,4.22,0.71,0.21,178.4,27.2,2.821,236,67.66,234.36,83.36,1.79
Magur,76.5,3638,20.7,47.56,26.3,6.71,6.95,0.97,0.66,158.4,29.3,1.559,115,31.35,81.98,71.88,1.65
Silver Carp,51.3,7863,41.9,153.27,24.8,8.26,3.54,0.62,0.24,106.7,32.4,7.248,94,56.08,288.19,65.35,1.8
Rohu,30.0,6407,5.8,213.57,31.7,7.6,7.01,0.4,0.84,140.9,32.2,1.003,140,8.67,43.2,77.8,1.93
Thai Koi,87.6,7422,47.1,84.73,28.9,7.2,3.63,0.76,0.92,109.4,26.6,9.963,214,87.84,446.58,68.5,1.71
Thai Koi,48.0,9703,63.0,202.15,28.1,7.13,7.38,0.78,0.91,81.3,29.8,17.055,168,113.99,751.78,67.97,1.62
Mrigal,70.4,8138,13.3,115.6,25.1,7.49,5.5,1.07,0.84,92.6,28.1,2.078,157,20.79,116.57,68.9,1.74
Shing,93.6,1325,56.0,14.16,31.8,7.7,7.19,0.07,0.41,75.8,32.7,1.551,152,98.33,118.64,91.06,1.52
Shing,69.7,7231,66.0,103.74,31.1,7.25,4.28,1.14,0.36,95.4,32.1,13.458,147,106.37,568.54,73.92,1.58
Rohu,24.9,4625,25.8,185.74,27.7,8.08,6.3,0.57,0.05,105.3,25.2,2.816,171,41.84,149.25,77.12,1.9
Pangasius,88.1,513,38.5,5.82,25.9,8.08,6.16,0.52,0.56,136.9,31.6,0.517,187,77.87,31.26,78.24,1.67
Magur,98.3,1616,72.9,16.44,24.8,7.65,4.65,0.87,0.24,115.8,28.1,1.802,92,103.24,138.96,83.29,1.55
Rohu,48.9,7573,7.2,154.87,26.4,8.15,6.58,0.23,0.69,104.3,29.3,0.872,217,13.74,81.71,78.51,1.75
Pangasius,35.0,3871,15.4,110.6,29.0,7.73,5.39,0.37,0.17,93.9,32.7,1.055,214,37.0,130.71,91.27,1.47
Koi,26.9,7362,37.3,273.68,29.5,6.55,7.49,0.27,0.92,103.0,31.6,4.339,127,56.88,298.71,71.33,1.66
Rohu,47.2,3578,40.5,75.81,31.4,7.56,6.08,0.33,0.42,122.8,25.8,3.188,153,71.59,238.93,93.28,1.69
Mrigal,46.6,4578,44.5,98.24,26.7,8.32,5.4,0.57,0.08,135.1,33.2,5.093,112,61.67,219.0,77.57,1.59
Thai Koi,68.8,5936,23.6,86.28,31.9,7.32,4.17,1.15,0.15,127.5,34.8,3.054,196,45.45,202.4,75.02,1.69
Pangasius,37.6,705,27.7,18.75,30.3,8.08,4.64,0.98,0.33,157.8,26.9,0.34,209,61.75,37.55,86.24,1.48
Silver Carp,71.8,4031,78.2,56.14,29.4,8.45,6.04,0.53,0.89,90.8,33.3,7.881,124,111.84,327.97,72.75,1.87
Magur,35.0,9138,20.2,261.09,29.9,7.91,5.25,1.0,0.76,117.9,31.4,5.076,114,28.37,184.37,71.11,1.69
Magur,64.4,4441,24.2,68.96,29.6,8.49,3.91,0.5,0.88,105.8,25.6,1.924,145,38.2,120.52,71.05,1.6
Mrigal,82.6,4493,65.2,54.39,27.6,7.37,6.73,0.22,0.28,152.3,31.3,6.591,222,133.38,535.04,89.28,1.75
Silver Carp,99.9,9525,72.2,95.35,31.3,7.46,6.09,0.38,0.9,175.0,28.3,13.135,236,139.73,1126.08,84.61,1.77
Catla,16.6,9436,53.0,568.43,24.1,7.29,5.66,0.85,0.89,148.0,29.0,14.453,153,82.55,527.55,67.73,1.73
Mrigal,19.2,3903,56.9,203.28,31.0,6.52,5.26,0.63,0.49,156.2,32.5,5.574,108,79.47,217.7,70.19,1.92
Shing,65.3,1389,63.0,21.27,28.9,7.6,5.57,0.95,0.26,154.6,28.9,1.96,146,103.61,118.2,82.13,1.54
Catla,16.4,7595,51.3,463.11,25.4,6.68,5.15,0.09,0.02,160.9,26.8,10.208,102,72.81,432.69,78.24,1.81
Thai Koi,86.8,7222,54.6,83.2,26.6,6.72,4.33,1.04,0.21,103.9,30.0,6.309,183,102.76,528.86,71.26,1.53
Pangasius,14.2,3359,31.2,236.55,29.6,7.37,4.41,0.62,0.63,121.3,35.0,1.907,115,51.35,118.83,68.89,1.72
Gulsha,13.8,4127,16.0,299.06,27.9,7.16,7.32,0.17,0.92,87.1,29.2,1.261,170,28.08,86.81,74.9,1.82
Pabda,71.1,6600,49.6,92.83,27.8,8.11,5.28,0.49,0.07,101.5,27.4,6.973,165,86.27,504.73,88.65,1.7
Pabda,36.0,1658,32.1,46.06,31.3,7.61,5.0,1.05,0.04,149.0,29.3,1.229,193,58.94,70.95,72.61,1.89
Rohu,39.9,9026,65.5,226.22,24.9,6.65,6.92,1.05,0.51,76.3,26.2,13.006,91,83.15,450.31,60,1.83
Pangasius,33.1,4834,45.2,146.04,30.6,6.82,5.11,0.31,0.59,145.0,32.5,4.173,110,76.38,313.27,84.85,1.35
Silver Carp,18.8,9893,26.7,526.22,26.5,8.44,3.91,0.69,0.61,108.5,25.7,7.37,230,44.08,261.63,60,1.86
Koi,17.9,8668,47.6,484.25,31.1,8.34,6.11,0.18,0.13,107.3,27.1,6.808,185,95.8,675.01,81.29,1.61
Gulsha,7.4,6257,61.7,845.54,31.3,8.02,3.88,0.97,0.6,139.7,28.4,10.694,145,88.06,331.55,60.17,1.77
Koi,35.5,8136,79.8,229.18,29.8,7.91,6.74,0.13,0.73,108.2,26.1,14.413,138,138.44,882.85,78.38,1.67
Koi,56.8,3804,39.4,66.97,26.2,6.97,3.7,0.96,0.25,169.7,30.6,2.473,191,73.38,217.74,78.01,1.79
Pabda,90.8,9572,32.7,105.42,25.9,8.31,3.73,0.3,0.3,111.1,29.2,6.135,210,60.44,445.09,76.93,1.71
Silver Carp,62.9,422,32.3,6.71,29.3,8.13,7.14,0.38,0.44,128.0,34.2,0.338,219,66.02,24.59,88.26,1.72
Silver Carp,29.2,1038,57.8,35.55,27.1,8.28,6.1,0.18,0.19,118.4,28.7,1.632,116,87.43,77.17,85.03,1.81
Thai Koi,39.5,1957,60.1,49.54,24.6,6.68,5.93,0.66,0.16,172.8,34.7,2.164,106,95.3,149.9,80.38,1.42
Shing,70.8,8895,20.2,125.64,27.0,6.66,5.89,0.7,0.04,101.4,31.0,3.073,126,33.68,233.01,77.79,1.42
Rohu,99.9,985,26.7,9.86,25.2,8.29,6.75,0.28,0.59,130.1,31.8,0.397,106,37.07,29.72,81.38,1.73
Rohu,10.2,9284,43.5,910.2,26.8,7.68,5.46,1.16,0.37,106.6,28.8,10.46,122,61.62,393.89,68.85,1.8
Pabda,24.1,5125,39.4,212.66,31.2,8.42,5.93,0.56,0.46,83.8,32.1,5.836,174,69.34,249.99,70.35,1.65
Magur,88.4,3175,67.0,35.92,31.3,6.69,6.03,0.79,0.39,106.8,34.9,3.893,216,135.6,340.04,78.98,1.66
Silver Carp,83.3,5744,71.6,68.96,30.3,8.49,3.94,0.52,0.98,157.4,27.6,6.416,206,120.55,456.06,65.86,1.95
Pangasius,81.0,1467,16.1,18.11,24.8,7.18,6.96,0.44,0.72,148.7,29.2,0.449,130,28.13,34.82,84.39,1.31
Silver Carp,93.7,698,16.8,7.45,29.0,7.6,7.03,0.77,0.69,70.7,31.2,0.23,158,25.72,13.51,75.24,1.84
Rohu,30.3,3275,26.5,108.09,27.4,6.7,4.87,1.19,0.68,125.1,34.4,2.204,139,39.94,81.6,62.38,1.74
Gulsha,13.0,1251,73.8,96.23,26.9,7.56,6.25,0.55,0.45,82.5,25.8,2.502,145,120.32,124.46,82.69,1.68
Magur,50.8,6520,34.8,128.35,30.2,7.12,6.29,1.17,0.77,101.4,34.2,4.13,171,60.53,270.85,68.63,1.75
Silver Carp,62.6,8953,48.8,143.02,31.9,6.82,6.38,0.59,0.84,144.8,31.9,11.403,156,75.84,507.17,74.69,1.7
Koi,55.7,7317,36.5,131.36,29.5,6.63,7.33,0.52,0.78,163.1,29.6,6.57,124,58.1,303.34,71.35,1.75
Gulsha,85.5,9983,26.3,116.76,26.0,8.35,6.98,0.22,0.73,113.2,31.2,5.671,119,38.0,293.38,77.34,1.57
Magur,26.8,4037,73.2,150.63,26.9,8.14,5.74,0.59,0.54,153.2,25.7,6.944,102,104.04,286.83,68.29,1.56
Tilapia,31.7,6833,48.4,215.55,27.7,7.52,6.9,0.62,0.13,154.2,32.0,8.069,100,74.88,408.87,79.91,1.48
Common Carp,88.7,1347,39.6,15.19,31.8,7.69,3.89,0.96,0.96,88.0,28.2,1.446,164,62.74,57.76,68.35,1.81
Silver Carp,28.9,6172,27.7,213.56,29.8,8.24,7.36,0.17,0.18,86.5,27.7,4.89,234,51.62,245.47,77.05,1.79
Magur,96.5,2682,63.9,27.79,29.8,7.41,4.48,0.7,0.1,105.3,33.5,4.576,227,134.01,303.44,84.43,1.66
Thai Koi,68.7,9107,44.1,132.56,30.3,8.41,4.57,0.52,0.74,131.0,33.7,6.506,164,77.51,502.78,71.23,1.74
Rohu,72.5,9356,79.0,129.05,25.4,8.38,5.11,0.76,0.33,138.7,29.2,14.265,205,143.43,1071.56,79.85,1.52
Silver Carp,67.7,4000,5.3,59.08,25.4,8.43,4.62,0.31,0.81,88.7,30.0,0.394,189,9.12,28.29,77.56,1.56
Common Carp,35.8,8130,54.0,227.09,30.5,7.34,5.74,0.19,0.4,100.1,26.7,12.512,175,96.98,673.83,85.46,1.52
Magur,7.8,8031,13.9,1029.62,30.4,6.96,5.26,0.95,0.82,115.1,27.7,2.389,182,23.97,132.73,68.94,1.73
Magur,18.0,3517,71.3,195.39,31.8,6.71,4.99,0.42,0.62,129.7,32.0,5.993,162,124.47,311.42,71.14,1.61
Common Carp,34.2,2790,66.4,81.58,26.2,8.3,5.34,0.71,0.76,84.2,28.0,3.038,135,97.63,197.11,72.36,1.85
Magur,15.7,4930,34.0,314.01,30.1,6.97,7.49,0.9,0.5,128.2,30.4,3.47,172,60.55,223.91,75.01,1.78
Catla,30.3,1795,69.9,59.24,29.1,8.35,6.98,0.42,0.09,158.7,30.4,2.673,153,111.69,168.41,84.0,1.67
Catla,55.8,3333,27.6,59.73,30.9,7.64,5.62,0.73,0.92,77.1,30.5,1.913,94,37.74,93.13,74.04,1.89
Rohu,81.6,1734,60.2,21.25,26.6,7.8,6.28,0.18,0.19,111.6,33.2,2.912,126,96.2,154.27,92.48,1.52
Pangasius,7.2,604,77.6,83.89,27.0,7.82,5.79,0.33,0.62,115.2,34.8,1.369,234,182.74,95.13,86.19,1.37
Common Carp,25.0,8024,38.3,320.96,29.9,7.33,5.79,0.66,0.71,136.6,33.3,5.286,151,57.62,317.1,68.58,1.88
Pangasius,98.8,5945,35.2,60.17,30.8,7.64,5.48,0.84,0.84,130.0,29.3,4.688,217,78.91,362.16,77.2,1.46
Pangasius,78.5,5972,70.3,76.08,24.2,6.89,6.14,0.92,0.11,77.3,27.7,10.454,219,171.97,869.8,84.69,1.53
Pabda,27.6,9715,56.8,351.99,28.1,8.41,5.93,1.11,0.61,113.7,26.2,12.802,92,72.37,421.87,60,1.74
Magur,35.8,9599,63.9,268.13,30.7,8.44,3.71,1.16,0.12,78.5,27.4,15.457,174,98.22,565.7,60,1.81
Pabda,57.3,4910,60.5,85.69,24.6,7.15,7.41,0.95,0.9,99.5,33.2,5.347,226,120.99,454.47,76.5,1.87
Catla,54.0,4660,36.4,86.3,29.8,7.42,7.13,0.86,0.98,73.2,28.7,4.41,118,52.14,182.53,75.12,1.85
Common Carp,14.8,4717,31.3,318.72,30.6,8.31,6.31,1.08,0.77,160.4,25.7,2.377,181,50.91,144.09,60,1.74
Magur,93.0,2779,14.5,29.88,28.8,7.89,6.27,0.46,0.68,104.7,31.7,1.197,203,28.41,66.24,83.9,1.44
Catla,41.3,9280,22.3,224.7,31.5,8.42,4.77,1.15,0.99,70.3,28.1,4.139,133,30.13,167.78,60,1.88
Silver Carp,10.0,9155,55.2,915.5,31.0,6.51,6.03,0.61,0.67,88.2,28.5,12.533,182,92.11,527.98,62.61,1.84
Pabda,41.6,1068,64.4,25.67,28.8,6.93,4.34,0.74,0.38,123.2,33.6,1.644,205,120.62,107.83,83.7,1.6
Catla,34.4,3017,51.6,87.7,28.6,8.47,4.32,0.72,0.31,144.5,28.7,4.39,140,82.01,195.89,79.17,1.76
Shing,25.1,1830,51.5,72.91,31.2,7.22,6.96,0.64,0.18,96.3,27.4,1.979,117,79.08,122.35,84.54,1.69
Shing,48.5,3242,50.5,66.85,27.7,8.1,6.15,0.12,0.84,109.1,33.0,4.06,93,76.79,210.68,84.63,1.52
Common Carp,71.8,4319,18.4,60.15,30.9,6.52,6.44,1.14,0.56,157.8,27.0,1.581,167,28.02,76.41,63.15,1.64
Catla,26.2,3785,74.3,144.47,27.7,7.47,6.07,0.17,0.51,139.0,31.1,6.918,177,135.2,433.19,84.65,1.85
Catla,45.2,1976,43.1,43.72,25.3,6.97,5.95,0.2,0.11,101.0,29.3,1.371,240,92.14,165.26,90.77,1.73
Silver Carp,20.3,1809,15.7,89.11,29.2,7.31,5.21,0.63,0.41,125.8,32.6,0.642,102,21.91,32.69,82.47,1.56
Pabda,52.0,5058,29.1,97.27,30.3,6.86,4.6,1.05,0.73,129.8,29.1,3.091,121,44.11,152.29,68.26,1.64
Thai Koi,88.2,1410,79.7,15.99,24.1,8.49,6.16,0.27,0.67,167.2,27.7,3.259,163,151.31,167.2,78.37,1.51
Rohu,24.8,2448,44.5,98.71,31.1,7.14,7.01,0.61,0.61,95.8,28.9,3.072,128,66.3,128.18,78.98,1.89
Pabda,63.7,9290,72.0,145.84,27.9,7.34,3.95,0.31,0.82,151.1,26.4,16.388,145,121.06,866.77,77.07,1.76
Magur,71.2,2815,69.9,39.54,31.1,7.77,4.85,0.19,0.75,91.4,34.2,5.391,188,139.18,326.32,83.29,1.46
Common Carp,42.3,2431,66.8,57.47,31.9,7.73,4.92,0.54,0.58,137.2,34.4,3.54,235,135.52,257.43,78.14,1.78
Pabda,70.7,7730,23.6,109.34,30.7,7.89,3.79,0.09,0.13,103.5,27.0,4.013,216,48.51,313.28,83.55,1.71
Shing,67.3,7194,77.0,106.89,26.5,6.68,5.52,1.17,0.81,83.9,31.4,15.178,229,145.9,640.17,60.99,1.82
Tilapia,91.5,659,9.2,7.2,24.0,8.31,3.73,0.18,0.15,127.7,32.1,0.176,208,21.08,11.58,83.35,1.2
Gulsha,47.2,7740,31.8,163.98,31.3,8.39,4.68,0.37,0.21,170.4,26.4,5.021,189,60.2,372.13,79.86,1.58
Tilapia,56.8,6671,17.7,117.45,28.0,6.83,5.07,0.52,0.37,133.3,28.8,3.483,188,39.54,229.6,87.04,1.47
Rohu,81.3,3062,35.7,37.66,27.3,7.65,7.31,0.51,0.26,104.2,30.5,2.634,239,73.04,193.39,86.47,1.59
Magur,21.7,5060,25.5,233.18,29.9,6.66,4.19,0.81,0.26,103.5,32.1,3.793,104,35.56,131.54,73.11,1.57
Magur,8.7,8704,28.1,1000.46,29.1,8.5,5.43,0.35,0.23,133.4,32.8,4.427,135,43.95,296.8,77.58,1.65
Magur,62.4,453,39.8,7.26,29.4,7.73,5.51,0.31,0.8,175.0,29.7,0.539,156,68.83,25.95,83.24,1.46
Catla,84.1,5511,9.8,65.53,29.8,8.27,4.62,1.14,0.61,167.6,27.9,0.913,104,13.43,46.51,62.85,1.86
Pangasius,11.2,5191,10.7,463.48,31.2,8.49,7.33,0.19,0.6,97.5,31.0,1.311,185,21.78,81.54,72.12,1.66
Rohu,42.9,6146,24.3,143.26,24.4,7.92,4.97,0.46,0.52,129.4,25.2,2.957,124,35.75,189.58,86.29,1.57
Mrigal,76.5,5714,57.4,74.69,31.9,7.74,4.63,0.78,0.38,166.7,26.2,7.478,112,83.07,395.35,83.29,1.58
Gulsha,76.2,5352,35.0,70.24,31.8,8.43,3.51,1.06,0.46,141.0,31.4,5.095,223,63.72,212.47,62.3,1.81
Pangasius,95.7,1268,69.0,13.25,28.8,6.83,6.25,1.02,0.28,172.1,28.9,2.257,127,120.53,117.13,76.64,1.48
Shing,7.4,9770,35.4,1320.27,30.8,6.85,5.15,0.08,0.19,100.3,25.6,7.159,129,57.52,478.83,85.21,1.42
Pangasius,50.5,6903,59.1,136.69,24.6,6.78,4.68,1.13,0.59,147.2,26.6,7.343,221,114.18,505.76,64.17,1.56
Mrigal,14.5,7663,48.0,528.48,29.6,8.08,5.04,1.11,0.31,138.3,33.0,9.048,159,72.48,367.8,66.22,1.95
Gulsha,49.0,7184,43.1,146.61,31.4,7.22,5.18,0.14,0.44,85.8,34.4,8.112,228,92.7,611.58,91.84,1.56
Pangasius,16.6,6466,11.1,389.52,28.3,6.61,7.09,0.26,0.95,136.1,29.9,1.414,226,23.27,112.88,75.03,1.46
Common Carp,29.5,8147,69.8,276.17,28.4,6.58,6.17,0.87,0.27,76.6,27.5,10.748,193,124.37,713.7,70.44,1.82
Gulsha,31.5,8238,33.5,261.52,29.3,6.54,4.98,0.54,0.25,97.1,28.1,7.23,177,56.92,326.09,69.54,1.63
Silver Carp,84.7,5086,10.0,60.05,28.9,8.15,4.08,0.12,0.27,96.7,28.3,1.333,228,20.35,92.01,88.91,1.72
Thai Koi,97.0,6411,79.3,66.09,25.9,7.9,4.74,0.28,0.63,151.0,32.8,10.219,145,143.83,793.36,86.04,1.43
Tilapia,67.2,9723,43.1,144.69,28.8,8.25,6.09,0.16,0.15,102.9,26.4,11.608,128,81.43,702.72,88.76,1.22
Silver Carp,13.1,9876,50.2,753.89,30.0,7.43,4.19,0.87,0.2,77.8,28.3,9.271,221,95.14,699.46,74.44,1.84
Tilapia,86.6,8830,77.3,101.96,30.9,6.76,5.41,0.29,0.34,164.3,28.5,16.108,210,190.08,1478.33,88.08,1.26
Mrigal,39.5,7257,66.6,183.72,30.2,7.84,6.03,0.2,0.68,171.7,25.5,14.403,212,116.24,643.98,76.34,1.74
Tilapia,49.2,9335,46.1,189.74,27.0,8.41,5.78,1.07,0.13,100.3,32.0,7.015,158,79.98,475.69,63.71,1.43
Koi,34.5,7453,50.5,216.03,30.5,7.91,6.68,0.49,0.46,73.3,27.9,6.662,136,84.04,541.6,86.47,1.41
Catla,63.0,7882,47.5,125.11,25.5,8.16,3.97,1.08,0.97,156.2,31.8,6.777,166,74.63,352.96,60,1.83
Mrigal,96.5,3074,72.7,31.85,26.1,6.58,5.65,0.43,0.82,126.4,29.1,4.581,178,119.08,287.64,78.58,1.64
Magur,54.7,721,32.5,13.18,25.3,7.76,5.53,1.14,0.39,140.9,34.2,0.555,184,59.18,31.25,73.23,1.69
Tilapia,37.8,9408,24.0,248.89,30.2,7.12,5.54,1.04,0.07,73.8,33.6,4.764,239,53.26,348.26,69.51,1.58
Catla,78.6,6155,8.3,78.31,24.8,8.48,5.27,0.41,0.13,179.4,28.7,0.863,109,12.25,64.19,85.12,1.72
Magur,78.8,722,58.6,9.16,26.3,7.05,5.08,0.68,0.02,96.2,29.7,1.058,135,100.47,62.09,85.59,1.58
Tilapia,13.8,8753,71.6,634.28,25.6,6.79,4.58,0.73,0.68,86.6,31.2,11.156,149,120.37,690.73,65.56,1.49
Gulsha,34.7,3750,37.6,108.07,28.2,8.12,6.72,0.46,0.27,139.0,27.3,3.652,108,59.53,199.67,89.45,1.47
Gulsha,32.0,7518,52.4,234.94,26.9,7.62,6.81,0.2,0.28,93.2,33.3,9.652,153,88.65,541.2,81.2,1.52
Silver Carp,6.5,3602,23.7,554.15,24.7,7.77,6.02,1.17,0.48,84.7,27.3,1.622,236,42.29,102.98,67.61,1.85
Magur,38.1,541,34.6,14.2,25.9,6.56,7.45,1.07,0.08,155.1,31.1,0.442,163,60.62,22.73,69.31,1.67
Gulsha,73.9,3319,5.5,44.91,25.6,7.7,3.73,0.5,0.52,120.3,32.0,0.383,188,9.48,23.49,74.68,1.72
Mrigal,82.8,4752,61.6,57.39,26.3,8.17,6.04,0.18,0.31,111.5,27.9,7.494,112,96.11,424.43,92.93,1.72
Mrigal,38.7,9567,53.0,247.21,26.8,7.98,5.88,0.88,0.66,129.7,25.2,10.902,147,81.82,556.25,71.06,1.87
Shing,20.2,7025,20.5,347.77,30.9,7.42,6.55,0.44,0.42,171.8,25.9,2.635,130,32.53,194.66,85.18,1.7
Catla,80.2,9458,34.1,117.93,31.4,7.37,6.32,0.86,0.34,107.3,34.3,6.999,137,52.67,404.25,81.15,1.7
Catla,71.7,5066,15.3,70.66,26.0,8.5,5.86,0.23,0.24,78.9,29.1,2.186,172,27.16,115.23,83.75,1.6
Pangasius,88.8,9938,8.3,111.91,25.6,7.59,5.06,0.64,0.08,159.3,31.2,2.351,161,16.22,136.54,84.73,1.4
Pabda,79.6,8371,32.4,105.16,25.2,7.86,7.18,0.86,0.51,168.2,28.6,7.377,128,51.46,321.59,74.65,1.72
Rohu,89.4,348,60.7,3.89,28.2,7.43,7.44,0.41,0.73,86.9,30.2,0.473,91,80.8,23.77,84.54,1.63
Shing,91.2,2013,52.9,22.07,29.2,7.79,6.11,0.97,0.66,107.4,32.2,1.938,187,94.87,145.59,76.23,1.76
Pangasius,37.7,9069,56.2,240.56,30.0,7.99,5.48,0.8,0.22,132.0,27.9,10.041,158,106.35,735.32,76.24,1.71
Rohu,71.9,3144,60.9,43.73,24.7,7.85,6.37,1.14,0.88,144.6,26.0,4.212,170,99.57,209.64,66.97,1.74
Koi,23.3,9795,16.9,420.39,29.6,7.74,5.94,0.61,0.28,109.7,28.9,4.585,116,27.59,204.81,75.78,1.51
Pangasius,22.1,2365,53.0,107.01,24.7,7.07,6.83,1.06,0.98,144.4,28.8,2.143,182,103.1,164.78,67.58,1.5
Magur,43.2,8871,76.4,205.35,30.5,7.27,3.65,0.56,0.71,93.0,31.6,10.369,117,104.4,591.18,63.83,1.64
Thai Koi,79.7,2924,18.4,36.69,28.0,6.68,5.25,0.12,0.56,85.4,28.5,0.845,186,35.48,81.26,78.32,1.4
Mrigal,65.2,8034,49.8,123.22,28.0,7.38,5.34,0.93,0.87,120.9,29.9,8.922,194,88.39,545.29,76.79,1.85
Thai Koi,9.4,1773,63.5,188.62,31.7,7.19,5.7,0.43,0.12,106.3,27.1,2.803,137,106.0,156.18,83.1,1.62
Silver Carp,73.6,2612,12.5,35.49,31.0,8.08,6.25,0.15,0.09,103.9,30.5,0.555,229,26.57,62.61,90.22,1.77
Tilapia,38.6,2045,60.2,52.98,29.5,7.07,7.39,0.36,0.19,179.4,27.9,3.669,168,134.87,261.11,94.67,1.38
Pangasius,71.9,6345,15.1,88.25,25.3,7.93,5.25,1.02,0.33,118.9,30.3,2.328,148,28.6,137.79,75.93,1.47
Tilapia,16.9,4065,36.8,240.53,27.1,8.09,4.17,0.4,0.29,148.4,29.3,4.278,193,83.33,298.47,88.11,1.47
Rohu,6.1,9638,70.6,1580.0,28.1,6.73,6.87,0.23,0.83,97.4,31.0,12.316,226,124.26,892.02,74.48,1.72
Common Carp,91.5,722,62.9,7.89,30.5,6.82,5.34,0.29,0.82,104.8,33.9,1.181,109,90.85,54.96,83.79,1.57
Thai Koi,79.9,3539,35.7,44.29,24.5,6.52,6.92,0.67,0.35,152.6,28.3,2.565,126,56.48,158.65,79.37,1.43
Gulsha,51.7,8936,77.0,172.84,27.6,6.69,4.92,0.44,0.09,132.9,25.5,14.725,178,141.81,973.11,76.79,1.55
Shing,19.3,7809,6.0,404.61,27.2,8.32,4.3,0.28,0.83,85.9,33.8,1.19,189,10.75,58.97,70.21,1.62
Magur,48.3,4399,50.4,91.08,28.6,7.22,7.18,0.75,0.39,88.6,29.4,4.301,178,93.77,337.56,81.83,1.48
Silver Carp,93.0,821,31.1,8.83,30.7,7.66,5.68,0.71,0.24,144.0,34.5,0.434,90,41.27,27.69,81.73,1.64
Common Carp,33.6,6334,26.1,188.51,30.5,8.28,3.62,0.99,0.71,105.8,31.7,2.48,215,41.63,158.22,60,1.69
Koi,83.6,7840,9.3,93.78,29.7,7.06,4.67,0.3,0.26,130.8,27.9,1.327,200,20.98,152.69,92.85,1.35
Tilapia,7.1,2871,29.9,404.37,29.7,7.92,7.08,0.87,0.57,122.7,34.0,1.537,192,62.69,126.22,70.13,1.61
Common Carp,73.3,2889,8.6,39.41,30.7,7.81,3.79,0.25,0.66,144.0,31.9,0.532,208,15.48,34.93,78.09,1.85
Thai Koi,93.6,6234,24.6,66.6,26.2,7.04,3.56,0.49,0.88,124.4,25.9,3.036,153,41.58,200.31,77.28,1.72
Shing,39.4,7677,75.6,194.85,27.7,7.08,6.82,0.26,0.22,84.3,31.6,12.536,112,121.8,801.16,85.68,1.53
Thai Koi,52.4,4555,7.4,86.93,24.3,7.88,4.29,0.52,0.4,140.7,31.2,0.745,100,11.88,44.89,82.93,1.44
Mrigal,46.1,6190,33.0,134.27,26.2,6.76,4.92,0.52,0.64,175.7,31.5,4.719,167,51.37,224.41,70.58,1.8
Gulsha,57.3,8464,66.6,147.71,30.0,8.35,4.29,0.44,0.99,152.7,28.9,10.316,184,120.15,795.74,78.25,1.58
Mrigal,22.0,6461,54.4,293.68,31.6,6.82,5.44,0.8,0.92,70.7,30.4,8.576,237,102.98,460.91,69.27,1.7
Shing,52.0,3196,65.4,61.46,29.4,6.7,6.8,0.39,0.14,80.0,31.7,5.999,114,107.6,297.0,86.36,1.47
Koi,31.5,4116,72.4,130.67,29.8,8.09,4.18,0.53,0.05,139.8,26.3,6.586,228,160.83,552.61,83.48,1.35
Rohu,5.6,3850,60.3,687.5,26.5,7.89,3.65,0.61,0.09,165.5,33.5,5.223,129,89.93,236.65,68.35,1.89
Common Carp,11.8,1055,31.2,89.41,27.7,6.75,6.86,1.17,0.58,113.9,27.5,0.885,204,50.66,34.54,64.62,1.61
Shing,44.0,6911,16.0,157.07,26.1,7.03,3.99,0.52,0.04,123.2,26.2,2.046,149,25.58,120.04,67.9,1.82
Pabda,50.1,1502,14.7,29.98,30.6,8.49,5.09,0.33,0.95,135.8,31.5,0.389,117,22.34,26.88,80.13,1.57
Pabda,88.3,8218,73.0,93.07,31.1,6.97,7.27,0.24,0.46,102.8,31.7,13.318,236,156.43,1145.58,89.11,1.52
Pangasius,91.7,4655,60.3,50.76,30.3,7.28,5.02,0.37,0.36,172.4,25.6,4.828,218,153.85,652.23,91.07,1.48
Pangasius,84.4,6153,5.5,72.9,31.3,8.03,7.49,0.08,0.57,144.4,25.7,0.609,158,10.39,53.52,83.75,1.43
Common Carp,36.9,744,45.1,20.16,28.6,6.97,4.18,0.84,0.99,130.4,29.8,0.574,210,86.66,48.12,74.64,1.79
Koi,14.8,790,45.8,53.38,24.3,8.24,5.01,0.08,0.27,77.9,26.0,0.991,222,99.49,69.42,88.32,1.59
Shing,84.8,2474,33.9,29.17,25.4,7.73,7.39,0.59,0.72,159.0,29.3,2.088,216,68.7,133.01,78.26,1.8
Mrigal,61.0,6381,55.7,104.61,31.8,6.92,4.58,1.0,0.1,89.5,25.0,7.961,123,81.97,442.06,84.52,1.66
Koi,58.5,8030,78.8,137.26,30.1,8.44,3.87,0.11,0.81,92.6,33.1,16.768,181,137.59,815.71,73.83,1.73
Thai Koi,52.3,3369,65.5,64.42,27.7,7.17,5.51,0.78,0.29,161.3,33.7,5.737,92,99.11,281.18,84.21,1.57
Koi,59.7,7641,77.1,127.99,29.4,8.17,6.8,0.28,0.11,86.3,25.8,12.607,187,166.36,1153.59,90.75,1.43
Tilapia,96.8,4162,52.9,43.0,29.8,8.12,5.03,0.73,0.51,110.5,32.7,5.372,191,118.56,384.43,77.91,1.43
Pangasius,22.6,9910,59.6,438.5,30.4,6.85,3.59,0.49,0.1,150.4,32.1,10.986,125,96.86,768.59,80.07,1.6
Koi,58.3,4525,63.1,77.62,26.2,6.52,5.68,0.69,0.35,83.5,25.8,5.368,121,105.62,385.68,80.7,1.64
Catla,35.9,3682,31.2,102.56,30.3,7.3,6.21,1.09,0.53,153.5,27.9,1.781,177,50.88,124.67,66.55,1.9
Gulsha,93.7,8176,74.0,87.26,30.1,7.75,3.5,0.62,0.94,113.2,31.5,10.709,126,110.09,619.52,68.83,1.87
Mrigal,94.5,6681,70.9,70.7,29.0,7.84,3.84,0.97,0.9,159.4,32.2,9.142,229,131.92,604.16,68.55,1.89
Shing,58.6,8940,25.8,152.56,26.4,7.16,5.1,0.11,0.95,137.7,31.9,5.835,96,37.51,257.54,76.79,1.78
Common Carp,65.7,5300,27.7,80.67,25.2,8.06,5.53,1.04,0.64,170.1,28.7,3.567,192,48.99,172.77,66.54,1.75
Catla,31.1,726,20.5,23.34,26.3,7.75,4.3,1.18,0.59,82.6,31.2,0.226,146,30.38,14.78,67.02,1.98
Tilapia,53.7,7058,50.9,131.43,27.6,7.85,4.49,0.18,0.45,166.3,27.9,8.514,196,123.63,813.0,93.17,1.24
Catla,64.5,5031,65.2,78.0,26.9,6.75,4.07,0.3,0.46,107.5,33.8,8.135,162,115.97,496.81,85.15,1.75
Pabda,89.5,9462,43.3,105.72,28.7,6.67,4.99,0.44,0.04,130.6,27.3,9.587,202,86.37,689.53,84.37,1.67
Shing,80.4,4775,75.9,59.39,30.2,8.38,4.24,0.52,0.49,166.6,26.3,9.206,98,108.73,421.33,81.15,1.48
Thai Koi,75.2,8946,11.3,118.96,31.2,6.76,6.66,0.24,0.04,82.5,34.8,3.012,132,18.88,148.61,87.98,1.42
Silver Carp,45.1,2600,68.4,57.65,24.8,8.37,3.63,0.49,0.15,106.8,33.4,4.339,110,102.83,208.41,77.95,1.83
Thai Koi,39.3,1494,13.0,38.02,28.5,7.49,6.39,0.97,0.4,113.6,33.8,0.353,180,26.71,33.53,84.02,1.36
Silver Carp,74.1,9059,42.4,122.25,24.4,7.21,3.87,1.01,0.97,118.9,27.0,8.297,173,67.37,366.16,60,1.78
Common Carp,55.0,302,76.3,5.49,25.7,7.26,6.34,0.78,0.68,84.9,31.4,0.445,234,147.35,34.03,76.47,1.76
Tilapia,55.6,8442,19.9,151.83,31.9,7.74,6.45,0.49,0.04,175.3,27.0,3.226,160,39.59,289.48,86.61,1.31
Silver Carp,73.4,5198,74.3,70.82,29.5,7.22,4.48,0.26,0.95,127.2,30.0,9.424,103,107.53,457.38,81.83,1.82
Gulsha,24.0,4404,44.7,183.5,30.0,7.62,5.16,0.66,0.67,76.3,25.1,5.788,110,64.78,199.59,69.96,1.7
Rohu,21.8,7691,80.0,352.8,25.9,6.63,5.03,0.23,0.76,78.9,33.1,11.567,142,117.5,649.21,71.84,1.88
Rohu,84.9,6646,26.2,78.28,31.2,7.04,7.32,0.94,0.6,117.9,32.3,3.03,187,46.5,242.47,78.45,1.91
Tilapia,75.3,3019,27.8,40.09,30.4,6.63,5.82,0.88,0.94,84.7,30.0,1.939,136,48.57,108.53,74.02,1.42
Common Carp,48.0,1440,55.6,30.0,25.0,7.7,5.05,0.2,0.67,128.0,28.9,1.986,143,95.03,112.98,82.56,1.66
Tilapia,48.1,1003,22.9,20.85,28.5,8.45,5.62,0.95,0.66,169.1,34.6,0.388,129,39.86,29.6,74.04,1.46
Tilapia,39.1,4662,17.0,119.23,29.1,6.66,5.76,1.12,0.11,90.1,27.4,2.053,179,35.11,115.51,70.57,1.45
Magur,82.5,5089,32.6,61.68,27.9,7.66,6.67,1.18,0.97,83.5,26.7,3.036,141,49.34,166.48,66.3,1.58
Thai Koi,63.1,5860,16.6,92.87,30.9,8.12,6.68,0.1,0.96,124.2,32.7,1.897,192,34.38,171.04,84.9,1.64
Common Carp,34.8,2489,14.0,71.52,28.3,7.66,6.0,0.97,0.03,151.3,34.3,0.976,186,25.17,53.11,84.76,1.6
Common Carp,66.3,2782,8.9,41.96,27.9,7.81,5.3,0.14,0.23,174.3,26.6,0.409,95,12.83,32.81,91.96,1.71
Pabda,90.6,5195,5.1,57.34,30.5,7.61,5.52,0.42,0.28,82.3,26.5,0.548,136,8.93,40.82,88.02,1.62
Koi,92.3,7800,54.8,84.51,30.7,7.64,5.32,0.35,0.98,142.1,28.6,11.712,195,113.61,760.65,85.84,1.39
Silver Carp,67.5,3433,7.1,50.86,26.7,6.56,4.84,1.14,0.15,123.3,29.6,0.47,157,11.0,25.45,67.39,1.86
Rohu,27.3,4703,26.8,172.27,30.3,8.42,6.04,0.4,0.07,99.0,26.0,2.949,161,42.29,155.41,78.14,1.68
Koi,76.4,3050,33.7,39.92,29.1,7.75,4.93,0.62,0.69,98.2,25.6,2.015,166,60.56,144.08,78.0,1.63
Tilapia,76.0,5864,29.8,77.16,28.1,7.31,4.21,0.66,0.32,89.3,26.6,4.98,233,75.5,380.61,85.97,1.41
Magur,98.8,6696,26.3,67.77,31.5,7.52,4.41,0.9,0.2,168.4,32.0,2.976,226,53.85,303.72,84.23,1.46
Rohu,94.7,4002,37.1,42.26,27.7,8.21,6.89,0.16,0.69,137.0,33.1,2.45,233,73.43,231.48,78.77,1.72
Thai Koi,47.6,4285,66.3,90.02,26.2,7.12,4.16,0.98,0.49,112.9,26.5,8.068,221,142.47,521.23,85.38,1.6
Common Carp,82.4,1580,7.7,19.17,27.2,6.67,3.63,0.55,0.32,75.4,33.3,0.296,205,14.46,16.74,73.26,1.64
Koi,94.7,5208,51.8,54.99,29.9,7.51,6.68,0.36,0.07,73.0,29.2,4.775,166,103.9,498.4,92.11,1.53
Catla,42.8,1835,40.3,42.87,32.0,7.03,5.62,0.66,0.39,171.2,33.9,1.775,109,60.82,94.0,84.22,1.8
Pangasius,84.7,1605,21.5,18.95,25.9,7.97,3.8,0.28,0.59,150.7,31.6,0.952,180,41.7,51.04,76.26,1.58
Catla,26.7,8863,58.5,331.95,24.8,7.91,5.32,1.11,0.75,75.3,31.1,10.629,183,93.16,495.39,60,1.83
Pangasius,97.2,847,63.3,8.71,31.8,7.01,3.58,0.07,0.52,175.1,29.9,0.922,229,146.07,96.17,77.73,1.51
Koi,97.9,6059,42.6,61.89,26.0,7.52,6.94,0.87,0.11,89.3,31.1,6.375,112,65.0,328.38,83.38,1.4
Magur,44.2,8667,58.9,196.09,24.2,7.26,3.75,1.04,0.92,125.2,32.7,10.771,111,80.15,416.79,60,1.56
Common Carp,28.2,3905,41.6,138.48,28.3,8.32,4.63,1.07,0.81,96.5,28.3,4.419,219,73.91,184.45,63.91,1.7
Thai Koi,86.1,3556,69.6,41.3,24.0,6.56,3.6,0.76,0.44,165.5,26.2,6.088,204,134.09,349.07,73.21,1.54
Pangasius,46.4,9770,31.2,210.56,29.8,8.35,4.55,0.75,0.56,144.3,31.9,5.822,140,51.93,329.97,65.04,1.48
Mrigal,83.2,2667,43.5,32.06,31.8,7.79,5.59,0.41,0.18,122.1,30.9,1.972,153,71.56,172.59,90.43,1.69
Mrigal,58.2,5347,6.5,91.87,24.8,8.2,7.46,0.65,0.61,71.8,34.7,0.959,145,10.62,43.6,76.74,1.83
Shing,5.2,8101,14.4,1557.88,29.6,7.48,7.23,0.63,0.57,153.5,28.2,3.278,105,20.21,115.24,70.38,1.63
Shing,76.8,4488,55.2,58.44,30.1,7.87,6.4,0.13,0.07,177.1,29.7,7.011,110,87.03,361.58,92.57,1.56
Common Carp,64.9,444,73.3,6.84,24.1,7.9,3.89,0.71,0.45,94.3,29.9,0.807,98,105.13,36.28,77.73,1.63
Gulsha,64.5,1096,6.1,16.99,26.5,8.29,6.64,0.96,0.59,151.8,28.3,0.164,119,9.19,7.35,72.98,1.72
Magur,32.2,6912,11.6,214.66,29.6,7.02,4.57,0.18,0.63,87.3,32.4,2.237,127,18.65,99.28,77.01,1.78
Koi,82.9,3013,35.6,36.34,29.2,6.98,7.06,0.5,0.29,146.1,26.8,1.984,202,79.1,220.86,92.67,1.36
Catla,99.0,8562,28.0,86.48,31.8,7.81,6.92,0.17,0.32,128.7,30.9,3.86,229,54.98,414.94,88.15,1.79
Koi,27.3,8905,20.4,326.19,25.4,7.98,7.16,0.72,0.64,117.4,25.5,3.524,237,40.04,253.62,71.14,1.66
Pabda,30.6,9865,39.3,322.39,29.8,7.14,6.81,0.37,0.68,161.7,32.3,9.925,126,60.82,453.4,75.57,1.86
Mrigal,11.5,1551,39.4,134.87,27.3,7.51,6.57,0.14,0.74,98.3,25.2,1.668,138,62.7,81.35,83.65,1.71
Rohu,60.1,9606,8.7,159.83,30.3,8.13,6.26,0.83,0.2,125.8,28.0,2.048,192,14.51,109.41,78.49,1.83
Catla,60.0,7255,68.0,120.92,31.0,6.94,6.39,0.18,0.12,178.0,31.6,14.11,217,132.11,850.31,88.72,1.75
Rohu,37.0,4894,44.5,132.27,27.3,6.94,3.53,0.06,0.11,85.1,26.5,5.466,98,61.88,254.76,84.12,1.78
Pangasius,71.4,6864,46.3,96.13,26.1,8.37,5.71,0.48,0.55,139.3,30.5,9.312,135,83.96,470.3,81.61,1.33
Magur,56.7,4099,66.6,72.29,26.7,7.23,3.63,0.68,0.55,89.3,31.7,6.06,229,125.24,360.19,70.16,1.83
Gulsha,70.3,6361,37.9,90.48,24.3,8.35,3.95,0.18,0.84,137.6,32.8,5.087,165,64.35,288.11,70.38,1.72
Koi,89.8,4800,27.9,53.45,27.2,8.09,5.69,0.95,0.39,87.3,26.9,3.589,172,52.96,210.6,82.85,1.4
Shing,71.8,4638,62.5,64.6,24.8,6.95,4.72,0.42,0.73,139.2,29.1,7.392,123,100.71,390.39,83.58,1.45
Common Carp,45.1,3028,71.0,67.14,28.3,7.32,3.67,0.45,0.16,109.3,29.4,3.633,100,101.17,251.76,82.18,1.62
Pabda,29.1,9367,70.9,321.89,26.2,7.85,4.75,0.3,0.02,171.7,27.0,11.423,192,127.24,976.63,81.94,1.62
Pangasius,89.5,943,77.3,10.54,28.1,7.68,5.31,0.35,0.11,79.9,30.4,1.254,115,139.98,120.7,91.44,1.45
Common Carp,33.0,2175,66.8,65.91,27.7,8.17,3.72,0.23,0.41,122.4,26.1,3.763,163,120.04,214.25,82.06,1.53
Magur,70.6,8890,16.9,125.92,30.7,7.18,5.45,0.78,0.61,79.7,32.1,3.621,179,30.42,210.8,77.95,1.56
Rohu,9.8,1336,22.8,136.33,30.8,7.81,6.98,0.5,0.98,132.9,30.3,0.576,117,32.99,37.58,85.25,1.69
Koi,89.4,9718,71.4,108.7,30.4,7.61,5.13,0.76,0.11,88.6,26.0,14.155,201,149.01,1246.1,86.05,1.51
Tilapia,46.1,9451,65.9,205.01,25.7,6.78,6.93,0.55,0.6,161.9,31.2,17.937,216,139.82,886.58,67.09,1.56
Thai Koi,72.0,575,15.5,7.99,27.4,7.45,7.44,0.84,0.29,174.1,27.3,0.226,178,28.94,14.07,84.56,1.49
Gulsha,17.9,790,75.7,44.13,29.0,7.94,4.83,0.8,0.42,154.7,27.7,1.633,211,142.31,93.36,83.04,1.74
Thai Koi,98.0,9121,12.0,93.07,26.3,8.13,4.24,0.89,0.82,104.9,33.1,2.386,240,26.03,179.49,75.59,1.63
Tilapia,29.0,9347,15.5,322.31,28.4,6.62,5.9,0.93,1.0,159.7,26.5,4.245,126,24.84,153.66,66.18,1.62
Thai Koi,54.2,7476,48.5,137.93,25.8,7.52,4.57,0.09,0.56,156.8,26.1,6.055,156,88.84,555.56,83.65,1.64
Koi,68.0,3281,23.4,48.25,25.7,7.28,6.9,0.56,0.17,100.4,34.9,1.72,147,41.48,117.13,86.06,1.46
Pabda,88.0,9470,46.8,107.61,30.1,6.63,3.94,0.17,0.77,149.9,34.2,13.074,154,77.53,524.35,71.42,1.77
Shing,87.8,8038,45.1,91.55,27.9,6.56,7.08,0.11,0.22,174.0,27.2,8.265,182,84.11,591.95,87.56,1.57
Pangasius,52.5,7758,29.3,147.77,27.4,6.66,6.76,1.0,0.07,165.4,28.3,5.455,129,48.92,304.36,80.2,1.47
Common Carp,83.5,6216,11.1,74.44,28.6,7.36,3.65,1.08,0.91,113.7,27.7,1.849,139,15.66,59.38,61.01,1.83
Gulsha,90.8,684,53.9,7.53,24.8,7.05,5.08,0.75,0.49,148.1,29.5,0.682,163,95.35,52.8,80.95,1.71
Koi,64.0,2668,30.9,41.69,26.9,8.11,4.04,0.31,0.87,75.8,31.8,2.176,135,52.43,120.84,86.38,1.56
Gulsha,15.8,8147,62.7,515.63,27.7,7.19,5.61,0.96,0.06,142.9,31.6,9.603,221,118.6,735.89,76.16,1.66
Mrigal,96.6,7324,16.5,75.82,30.4,7.03,6.08,0.78,0.89,151.9,26.6,2.719,201,30.67,170.67,75.97,1.91
Thai Koi,19.8,6658,73.5,336.26,26.5,7.61,5.16,0.32,0.36,116.5,26.8,10.717,144,127.83,724.34,85.11,1.45
Silver Carp,66.2,9505,54.3,143.58,24.5,8.4,4.28,0.78,0.15,160.1,34.4,12.077,164,92.5,701.38,79.77,1.6
Gulsha,35.0,9464,59.1,270.4,25.8,7.08,7.28,0.31,0.03,113.4,25.3,14.766,194,112.51,874.85,82.16,1.74
Common Carp,7.4,3844,71.7,519.46,25.9,7.99,4.54,0.57,0.28,126.5,26.7,4.658,180,131.19,378.84,75.12,1.88
Catla,72.8,6459,61.0,88.72,29.8,6.77,6.51,1.19,0.28,131.1,32.4,11.426,107,86.89,392.7,69.97,1.94
Rohu,32.3,9395,59.8,290.87,26.3,8.16,3.87,0.33,0.45,101.3,31.5,11.517,223,106.25,755.36,75.67,1.7
Catla,9.9,4705,26.8,475.25,27.2,8.2,5.81,0.3,0.67,105.7,30.1,3.644,172,46.02,159.42,73.63,1.88
Shing,42.8,8628,47.5,201.59,24.4,6.54,5.53,0.26,0.65,82.1,31.5,9.467,184,89.06,561.17,73.03,1.76
Common Carp,92.8,6553,17.7,70.61,26.3,8.09,6.38,0.41,0.98,93.8,30.7,2.552,167,30.3,163.03,82.12,1.54
Magur,92.0,9079,18.1,98.68,28.0,8.2,5.24,0.7,0.76,144.0,34.2,2.662,146,30.18,212.71,77.62,1.68
Silver Carp,91.6,7377,58.8,80.53,31.2,7.45,5.17,1.0,0.26,169.3,25.9,10.367,99,79.43,481.06,82.1,1.64
Gulsha,88.2,8346,51.7,94.63,28.7,6.57,6.68,1.0,0.33,112.7,29.7,7.033,234,109.23,711.7,78.07,1.69
Catla,61.2,1612,30.6,26.34,31.3,7.64,7.03,1.03,0.49,172.2,34.0,1.001,124,42.66,50.54,73.49,1.92
Magur,79.0,9370,28.0,118.61,24.8,7.51,4.51,0.35,0.15,95.0,31.1,4.093,205,60.33,524.78,92.83,1.53
Silver Carp,31.4,6324,73.9,201.4,28.2,7.57,4.19,0.15,0.86,158.7,28.0,7.851,152,113.16,548.83,76.69,1.93
Pabda,74.3,2572,20.6,34.62,27.7,7.45,7.27,0.93,0.76,109.9,25.3,1.086,234,42.56,81.56,74.51,1.7
Koi,39.6,6212,27.7,156.87,28.3,7.93,3.86,0.11,0.16,90.8,28.5,3.321,145,49.23,238.04,77.84,1.61
Gulsha,39.6,1108,67.7,27.98,31.4,8.0,5.49,0.77,0.28,96.3,26.5,1.283,157,116.24,106.4,82.61,1.71
Shing,90.9,2664,27.0,29.31,31.7,8.37,6.46,0.93,0.3,73.8,30.3,1.367,166,47.88,103.17,80.88,1.62
Pabda,18.8,4779,68.4,254.2,29.4,7.62,3.72,0.33,0.11,178.0,29.0,4.903,101,95.17,348.82,76.69,1.83
Catla,7.0,7384,55.1,1054.86,28.8,8.03,3.87,0.3,0.46,100.9,34.6,10.578,219,104.91,578.04,74.62,1.88
Koi,11.4,5225,19.6,458.33,25.9,7.79,4.16,0.53,0.31,134.3,27.2,1.854,134,33.67,134.13,76.24,1.61
Magur,96.8,4428,5.1,45.74,27.2,7.54,3.82,0.75,0.26,111.2,29.1,0.596,182,9.25,30.69,74.95,1.82
Tilapia,72.7,6464,76.5,88.91,24.7,7.49,5.9,0.06,0.85,125.8,29.2,9.742,228,185.03,1029.3,86.06,1.35
Common Carp,65.3,9522,9.6,145.82,26.4,6.89,4.64,0.07,0.53,120.8,32.7,1.38,133,16.11,129.16,84.21,1.54
Catla,18.4,1417,62.9,77.01,24.7,7.09,5.9,1.04,0.49,94.8,32.0,1.693,164,103.19,105.39,72.07,1.87
Common Carp,53.5,1513,5.6,28.28,28.2,6.51,5.23,0.49,0.6,141.4,31.0,0.156,122,8.65,10.31,78.79,1.57
Silver Carp,84.0,7032,72.3,83.71,24.1,7.2,6.18,0.47,0.55,164.9,25.2,9.66,158,116.13,677.24,82.93,1.79
Mrigal,81.8,3467,63.2,42.38,29.5,7.08,6.46,0.57,0.89,108.7,29.6,5.127,171,107.53,278.83,74.79,1.93
Rohu,20.8,5612,54.2,269.81,26.3,7.59,4.35,0.96,0.05,161.9,33.5,6.388,220,104.91,455.18,77.31,1.82
Thai Koi,62.9,1546,69.1,24.58,29.6,7.39,6.66,0.51,0.8,113.3,33.7,2.575,90,102.16,121.71,77.06,1.73
Thai Koi,38.9,4887,56.2,125.63,25.2,8.39,5.12,0.38,0.64,162.0,30.1,4.23,234,117.16,453.3,79.17,1.37
Catla,33.5,7743,36.7,231.13,30.9,7.11,4.38,0.81,0.85,154.2,32.2,5.769,149,56.25,303.18,69.61,1.71
Tilapia,36.0,3991,69.4,110.86,30.6,6.53,6.17,0.59,0.95,129.8,34.3,5.706,171,142.46,429.61,75.56,1.46
Common Carp,50.5,1197,61.9,23.7,27.6,6.75,7.05,0.61,0.73,178.9,29.1,1.541,233,118.04,103.13,72.99,1.79
Mrigal,12.7,8921,47.6,702.44,25.3,6.92,5.06,0.97,0.26,119.1,25.4,8.748,163,78.4,548.34,78.4,1.66
Common Carp,38.5,3545,29.8,92.08,26.6,6.99,5.74,0.8,0.63,132.5,28.5,2.652,154,49.81,133.85,75.8,1.87
Tilapia,89.2,3228,64.4,36.19,29.3,7.68,5.57,0.05,0.52,99.7,28.4,5.675,197,151.34,420.82,86.14,1.26
Rohu,23.4,6416,57.9,274.19,26.3,6.78,6.55,0.09,0.59,82.9,33.5,10.587,208,98.87,470.17,74.12,1.9
Tilapia,62.5,1322,16.0,21.15,24.0,6.51,5.75,0.33,0.51,101.8,29.0,0.588,156,30.69,33.04,81.44,1.26
Magur,7.5,9082,71.6,1210.93,25.7,6.87,3.94,0.97,0.35,94.4,30.5,9.819,234,141.42,892.36,69.48,1.71
Thai Koi,52.8,7668,64.5,145.23,27.7,8.1,6.05,0.24,0.84,101.3,26.7,9.1,116,103.08,665.79,84.23,1.52
Silver Carp,45.7,5838,46.7,127.75,29.6,8.18,4.42,0.84,0.58,104.3,28.5,6.434,102,67.97,297.83,75.06,1.83
Mrigal,27.2,8892,22.1,326.91,30.6,7.82,6.86,0.48,0.77,117.9,27.3,4.284,118,32.17,214.79,75.08,1.7
Common Carp,7.9,2489,38.8,315.06,25.0,7.58,5.16,0.85,0.71,111.2,25.2,2.038,93,51.78,89.81,69.69,1.66
Koi,17.1,2492,17.3,145.73,27.4,7.86,3.95,0.29,0.24,149.3,34.6,0.948,102,25.57,54.26,85.17,1.42
Tilapia,50.9,9870,44.0,193.91,26.6,6.51,4.64,0.9,0.16,135.3,28.6,11.769,104,67.45,504.88,75.84,1.54
Catla,12.9,9541,40.3,739.61,31.2,8.22,4.42,0.12,0.15,137.1,28.2,6.19,203,76.28,567.86,78.03,1.73
Rohu,79.8,4238,78.9,53.11,25.5,7.17,6.34,0.16,0.14,76.4,30.8,9.396,175,140.9,555.89,93.09,1.71
Magur,25.1,9270,52.5,369.32,30.1,8.15,5.79,0.47,0.17,72.3,30.0,12.07,166,99.0,760.24,82.84,1.68
Silver Carp,5.3,4570,71.8,862.26,26.4,8.39,5.39,0.93,0.7,163.3,32.7,9.713,93,93.81,267.82,62.47,1.85
Pangasius,79.7,1625,47.5,20.39,29.1,6.83,5.74,0.78,0.33,168.9,27.7,1.853,119,81.02,114.59,87.04,1.31
Thai Koi,32.1,639,47.5,19.91,24.1,8.13,3.81,0.15,0.64,126.4,31.9,0.716,139,78.49,39.05,77.85,1.77
Pangasius,26.3,1456,32.2,55.36,27.4,7.19,5.88,0.61,0.82,149.0,34.7,1.397,117,52.87,58.97,76.6,1.68
Koi,36.9,6611,33.0,179.16,26.2,7.63,7.4,1.15,0.74,86.2,28.8,3.971,218,60.45,245.43,61.41,1.52
Shing,51.5,4908,71.1,95.3,31.3,7.29,7.38,0.92,0.52,111.4,33.3,7.642,95,98.98,368.82,75.92,1.76
Tilapia,63.1,9548,68.2,151.32,30.1,7.71,3.56,0.37,0.61,159.5,25.2,13.675,106,106.26,707.97,69.78,1.42
Common Carp,89.1,7929,8.8,88.99,27.2,7.45,4.6,0.17,0.22,126.7,25.3,1.821,238,19.45,137.73,89.33,1.59
Magur,13.7,5787,35.9,422.41,24.1,8.42,7.0,0.51,0.74,92.1,31.6,4.945,228,67.65,247.69,63.27,1.74
Thai Koi,66.9,4980,76.6,74.44,32.0,8.07,4.86,1.02,0.77,90.0,33.2,6.599,143,118.06,404.21,68.75,1.74
Mrigal,41.2,3344,12.3,81.17,25.3,7.96,4.93,0.28,0.72,96.7,27.2,0.642,166,20.14,55.8,82.87,1.62
Koi,11.4,3227,28.6,283.07,27.5,8.16,5.16,0.67,0.17,74.9,28.7,1.772,172,51.44,126.45,76.18,1.67
Koi,52.2,2563,55.8,49.1,26.2,8.45,4.28,0.78,0.14,152.5,26.1,2.488,175,109.99,227.95,80.86,1.41
Tilapia,73.9,4887,37.5,66.13,31.4,7.98,5.52,1.0,0.76,159.1,32.8,3.519,136,69.27,261.81,77.34,1.57
Koi,75.3,1266,10.8,16.81,24.1,6.88,4.56,0.54,0.2,107.6,26.5,0.403,158,20.3,21.24,82.66,1.55
Pabda,45.5,7094,24.0,155.91,29.2,7.07,6.03,1.14,0.63,132.0,33.5,3.269,141,34.08,147.29,60.93,1.78
Catla,82.0,2359,11.8,28.77,25.4,6.77,7.25,0.85,0.05,119.2,33.5,0.448,148,18.82,34.21,77.06,1.67
Pabda,39.2,5786,28.8,147.6,29.4,7.58,4.65,0.76,0.17,172.7,31.0,4.366,90,42.56,204.76,83.16,1.62
Magur,58.6,1240,38.3,21.16,24.6,6.9,5.36,0.92,0.26,144.3,26.1,1.183,226,84.85,88.19,83.81,1.48
Silver Carp,94.7,1497,76.5,15.81,29.8,7.23,7.06,0.73,0.16,153.2,26.3,3.241,163,127.79,157.84,82.51,1.79
Thai Koi,79.6,9410,58.2,118.22,29.5,7.06,6.79,1.18,0.62,165.8,31.6,9.967,234,119.91,754.88,66.9,1.7
Catla,68.0,6690,74.3,98.38,24.5,6.66,5.62,1.05,0.5,156.4,25.4,11.83,154,119.61,551.1,68.87,1.77
Tilapia,97.9,3663,43.3,37.42,30.5,7.4,4.79,0.63,0.35,166.3,30.9,3.743,146,83.15,259.06,85.06,1.33
Mrigal,62.2,5842,69.6,93.92,27.0,7.9,5.27,0.84,0.37,173.8,33.7,9.027,120,99.79,488.86,83.86,1.53
Rohu,58.4,8646,70.5,148.05,27.1,6.6,6.92,0.26,0.39,130.8,31.4,11.52,96,95.97,714.84,86.15,1.74
Gulsha,69.0,8800,19.2,127.54,27.0,7.86,6.17,0.21,0.28,177.7,34.2,3.514,220,42.09,329.35,88.91,1.46
Catla,84.9,8552,29.4,100.73,31.2,6.92,5.73,0.71,0.77,152.8,27.6,7.317,173,51.09,333.27,76.28,1.78
Shing,61.7,2667,24.2,43.23,26.3,7.09,6.72,0.05,0.27,157.0,27.9,1.33,96,35.39,87.61,92.83,1.46
Rohu,33.3,8897,66.8,267.18,27.3,7.54,6.52,0.51,0.8,126.7,34.1,11.411,95,86.33,537.41,69.97,1.65
Silver Carp,13.7,2489,54.6,181.68,25.3,6.82,7.26,0.37,0.58,109.0,26.0,3.017,100,76.98,141.06,73.62,1.86
Gulsha,61.7,5683,20.0,92.11,31.6,6.65,6.56,0.15,0.64,150.5,28.7,2.569,147,33.77,150.53,78.43,1.55
Pangasius,87.4,2355,74.5,26.95,24.5,7.48,6.56,0.73,0.28,147.2,26.3,4.386,227,183.93,369.91,85.4,1.58
Common Carp,16.0,9184,53.7,574.0,30.9,7.18,7.36,0.65,0.69,89.9,27.8,12.773,132,81.04,523.29,70.31,1.72
Silver Carp,58.5,4238,41.0,72.44,24.3,7.32,4.69,0.25,0.29,124.2,29.6,4.883,212,82.78,315.17,89.84,1.71
Koi,14.7,9386,27.9,638.5,28.1,7.4,6.35,0.42,0.75,173.3,30.0,7.751,231,58.59,427.66,77.77,1.7
Mrigal,9.0,1644,19.9,182.67,24.2,7.97,5.32,0.97,0.56,96.4,25.3,0.674,180,32.73,36.95,68.67,1.73
Tilapia,34.9,3967,37.6,113.67,29.4,8.07,7.4,0.67,0.24,165.4,28.2,3.729,212,87.49,298.43,85.99,1.5
Pangasius,89.3,5776,72.9,64.68,24.3,8.01,5.83,0.99,0.75,111.3,29.6,11.622,210,151.33,694.04,79.4,1.48
Thai Koi,62.2,9284,24.8,149.26,26.3,7.08,5.4,1.02,0.98,160.8,28.9,6.792,224,49.61,322.12,69.94,1.72
Common Carp,61.5,3813,57.2,62.0,24.1,7.13,6.33,0.61,0.17,75.8,25.5,5.627,188,104.96,336.5,84.08,1.6
Mrigal,89.4,1512,59.3,16.91,26.5,7.56,4.24,0.62,0.37,115.3,34.7,2.376,120,92.52,119.09,85.13,1.76
Thai Koi,24.1,4242,32.2,176.02,30.6,7.4,4.16,1.09,0.19,146.7,27.5,2.445,134,49.4,144.7,69.05,1.57
Common Carp,72.5,5698,71.7,78.59,28.6,8.32,6.2,0.75,0.43,117.3,34.9,11.235,142,111.23,498.3,78.62,1.68
Pangasius,59.1,336,74.5,5.69,29.2,6.66,6.62,0.35,0.49,118.8,32.1,0.443,183,165.51,48.99,88.09,1.58
Gulsha,66.2,6775,47.9,102.34,32.0,6.84,5.63,0.25,0.84,163.1,34.8,8.47,152,78.05,443.42,83.85,1.72
Mrigal,69.8,3423,60.1,49.04,27.3,7.81,7.43,0.85,0.97,70.5,29.3,3.641,162,93.68,249.67,77.86,1.69
Thai Koi,14.0,2794,13.4,199.57,24.2,7.54,5.34,0.33,0.3,139.6,28.9,1.041,229,28.55,68.35,85.67,1.53
Silver Carp,67.5,5406,70.3,80.09,29.1,8.27,7.39,0.29,0.3,162.2,29.9,8.057,164,121.71,552.34,83.95,1.78
Gulsha,33.4,9680,52.0,289.82,29.7,7.08,4.45,0.4,0.3,148.3,33.9,13.087,103,74.34,593.88,82.53,1.65
Thai Koi,47.0,7532,78.0,160.26,24.8,7.39,4.99,0.27,0.89,122.9,33.1,15.334,214,159.47,912.62,75.98,1.56
Shing,32.8,6546,8.5,199.57,29.6,7.29,5.95,1.1,0.64,146.6,34.5,1.018,173,14.05,55.17,60,1.59
Gulsha,80.6,2959,62.2,36.71,31.6,6.67,5.58,0.71,0.1,133.1,33.1,4.785,232,123.47,286.22,78.34,1.5
Koi,97.7,9125,51.1,93.4,26.9,6.57,4.2,0.83,0.51,161.5,33.2,12.31,192,92.85,618.64,73.02,1.71
Gulsha,55.1,3237,75.4,58.75,30.2,7.82,7.45,0.5,0.39,100.5,33.1,7.176,134,132.21,389.93,91.11,1.53
Mrigal,70.4,3310,52.5,47.02,24.6,7.13,6.81,0.52,0.34,102.3,25.1,4.084,164,92.45,261.66,85.51,1.74
Rohu,10.0,5198,38.9,519.8,27.1,7.27,7.01,0.68,0.16,102.4,30.3,4.61,158,65.25,268.19,79.07,1.84
Koi,46.2,5745,59.8,124.35,26.9,8.37,4.33,1.04,0.76,166.2,31.8,6.115,150,91.11,341.64,65.27,1.51
Pangasius,5.1,3662,72.7,718.04,30.5,7.85,6.98,0.78,0.69,101.2,27.3,4.819,106,110.29,286.64,70.97,1.56
Silver Carp,71.2,7899,57.9,110.94,26.4,7.42,3.81,0.57,0.08,140.1,31.8,7.089,208,99.16,588.69,75.16,1.73
Shing,79.7,3994,64.8,50.11,28.9,7.64,3.96,0.11,0.76,113.3,28.8,6.729,113,95.57,298.06,78.09,1.65
Catla,92.5,7193,57.8,77.76,30.0,7.55,6.08,1.13,0.15,170.0,25.4,10.144,236,107.87,572.99,73.85,1.84
Rohu,75.9,2967,72.1,39.09,28.7,8.41,3.72,1.11,0.15,129.8,32.2,3.722,123,104.35,195.74,63.22,1.81
Mrigal,71.6,2603,70.1,36.35,26.3,7.5,7.22,0.47,0.9,79.5,32.2,4.288,117,104.47,232.6,85.53,1.7
Rohu,39.5,9694,30.4,245.42,29.7,6.64,5.81,0.22,0.95,81.5,29.0,7.25,191,50.6,351.61,71.68,1.68
Pangasius,94.9,7599,32.4,80.07,27.3,6.8,3.86,0.7,0.31,162.1,29.8,6.032,175,67.36,394.14,77.0,1.48
Rohu,64.0,1952,29.1,30.5,24.3,8.02,3.71,0.59,0.96,76.6,30.7,1.505,191,48.46,66.03,69.8,1.8
Mrigal,38.0,9711,7.8,255.55,28.8,8.0,3.91,1.11,0.67,145.0,26.3,1.235,172,11.83,68.95,60,1.78
Tilapia,24.3,7387,77.6,303.99,31.8,6.66,6.96,0.1,0.81,173.1,26.4,9.573,169,152.8,843.15,74.7,1.38
Pabda,51.4,1832,33.4,35.64,28.5,6.75,6.43,0.75,0.69,111.1,32.7,1.089,228,65.19,83.99,70.32,1.64
Rohu,54.1,9167,32.6,169.45,28.4,7.19,6.85,0.12,0.26,138.5,25.8,8.637,172,54.22,418.79,84.26,1.78
Pangasius,75.4,8020,74.0,106.37,29.8,8.14,4.11,0.09,0.37,115.2,28.5,16.558,197,165.54,1242.78,93.61,1.3
Gulsha,77.9,4825,71.2,61.94,28.4,8.05,4.14,0.14,0.68,152.0,32.3,8.623,91,99.79,389.39,80.87,1.46
Gulsha,99.6,4068,47.8,40.84,27.1,8.04,4.62,0.82,0.98,165.8,31.3,3.753,170,79.72,247.27,76.25,1.77
Rohu,28.4,4833,51.3,170.18,26.6,6.51,3.95,1.0,0.65,140.4,34.7,6.496,174,75.15,217.91,60,1.9
Pabda,69.6,9574,25.0,137.56,31.1,7.29,7.39,0.07,0.64,112.2,29.4,5.29,213,47.42,373.34,82.24,1.65
Common Carp,47.1,2875,72.2,61.04,27.4,6.71,6.5,0.53,0.07,130.4,30.1,4.463,178,123.24,286.56,80.88,1.47
Rohu,39.7,8806,41.5,221.81,28.2,7.15,3.57,0.11,0.08,100.3,26.6,9.721,124,60.76,414.45,77.46,1.67
Magur,67.1,814,13.2,12.13,27.0,6.52,5.16,0.16,0.16,102.2,27.6,0.171,127,22.09,15.86,88.22,1.58
Koi,58.6,6468,43.3,110.38,31.0,7.68,5.91,0.46,0.34,107.4,29.5,4.985,180,90.54,529.75,90.46,1.48
Tilapia,87.1,3599,27.1,41.32,26.5,6.55,3.76,0.83,0.27,128.2,31.8,2.731,195,55.99,146.0,72.45,1.56
Shing,27.8,7267,20.5,261.4,27.5,7.21,4.97,0.46,0.57,70.3,27.3,3.873,133,32.31,183.14,77.99,1.68
Shing,94.4,370,79.5,3.92,30.2,7.62,5.76,0.77,0.74,93.2,34.6,0.479,139,127.57,35.83,75.9,1.73
Rohu,36.6,4166,46.6,113.83,25.5,8.25,4.27,0.62,0.62,173.9,30.5,3.32,118,69.7,205.36,70.72,1.89
Magur,34.0,2349,10.7,69.09,29.0,7.08,3.69,0.12,0.23,153.7,34.8,0.666,131,17.77,35.59,85.25,1.41
Silver Carp,77.3,5517,46.7,71.37,29.8,6.62,6.51,0.62,0.23,93.0,25.7,6.029,134,72.15,304.53,76.5,1.83
Shing,59.2,2004,79.3,33.85,26.9,7.67,6.46,1.15,0.21,101.7,27.0,3.067,174,136.79,201.95,73.67,1.7
Thai Koi,60.7,3327,33.0,54.81,28.8,7.03,6.86,0.93,0.51,106.3,28.9,2.24,153,56.76,145.04,76.81,1.76
Tilapia,53.4,5222,70.6,97.79,26.0,8.46,5.61,0.12,0.85,72.1,32.3,10.765,134,123.87,523.76,80.97,1.3
Thai Koi,67.9,6148,37.2,90.54,24.8,8.0,4.61,0.56,0.37,143.4,30.4,3.499,97,55.6,294.16,86.05,1.58
Rohu,20.5,1539,11.8,75.07,31.9,7.21,5.69,0.45,0.68,123.6,28.0,0.503,154,20.2,26.27,84.5,1.75
Gulsha,7.7,2398,26.4,311.43,25.1,7.1,6.15,0.83,0.52,73.4,32.6,1.431,192,46.12,74.43,67.3,1.81
Thai Koi,25.3,2573,79.2,101.7,30.1,6.94,4.6,0.96,0.15,95.0,33.7,4.381,95,125.08,269.6,83.77,1.42
Pabda,93.5,4445,22.0,47.54,27.2,7.55,4.74,0.97,0.49,112.6,34.2,2.415,100,33.5,126.19,84.74,1.69
Thai Koi,65.2,3096,71.7,47.48,26.3,7.59,6.41,1.15,0.98,107.9,25.8,6.637,162,116.97,239.33,66.09,1.52
Pabda,9.7,7717,60.5,795.57,28.5,6.55,3.53,0.42,0.1,125.0,29.5,10.692,178,103.14,577.37,72.54,1.82
Mrigal,93.5,8129,72.2,86.94,25.3,7.22,7.35,0.95,0.03,137.1,30.4,12.208,231,147.37,980.31,81.83,1.78
Magur,28.3,4924,9.9,173.99,30.3,7.29,4.86,0.26,0.86,149.4,25.9,1.219,208,20.02,73.84,74.9,1.69
Thai Koi,50.4,6505,69.9,129.07,28.0,7.1,5.09,0.93,0.95,93.0,29.4,10.14,162,128.77,650.11,77.61,1.61
Thai Koi,53.3,5434,29.3,101.95,26.4,8.13,4.53,1.18,0.18,147.5,30.9,3.582,182,56.45,232.34,75.74,1.71
Magur,88.8,5073,30.6,57.13,24.8,6.89,6.09,1.03,0.45,83.2,28.8,2.422,190,59.25,222.65,74.08,1.62
Magur,22.0,7424,67.6,337.45,24.3,7.87,4.25,0.27,0.56,151.0,29.1,9.636,159,112.19,625.03,75.04,1.67
Catla,44.7,8770,38.7,196.2,25.2,7.65,5.11,0.33,0.85,153.4,25.2,5.702,194,66.12,439.53,75.8,1.83
Tilapia,91.0,653,66.4,7.18,29.2,8.37,5.73,0.4,0.7,91.4,32.4,1.149,181,137.51,72.44,80.67,1.39
Mrigal,21.5,9971,60.3,463.77,30.8,7.56,4.74,0.37,0.5,120.4,31.4,16.715,198,107.21,905.79,84.73,1.65
Koi,33.5,5394,25.1,161.01,29.0,7.64,6.12,0.47,0.99,110.7,32.1,3.967,193,46.59,189.81,75.53,1.76
Magur,9.8,2795,38.5,285.2,27.1,7.42,4.69,0.49,0.64,106.2,28.9,2.464,225,76.51,159.75,74.7,1.59
Magur,56.9,1311,56.4,23.04,29.6,7.81,4.29,1.16,0.92,90.3,30.3,1.989,220,105.18,93.6,67.88,1.63
Thai Koi,98.9,6630,78.8,67.04,31.2,8.12,6.25,0.15,0.94,174.0,27.6,9.926,106,124.62,693.18,83.9,1.56
Magur,90.1,1506,75.2,16.71,31.6,8.14,5.12,0.62,0.4,120.4,33.9,2.65,202,152.71,196.24,85.33,1.45
Shing,37.8,1571,30.5,41.56,30.8,6.51,6.1,0.54,0.2,105.3,33.6,0.858,236,64.29,81.61,80.8,1.49
Tilapia,48.9,8991,28.8,183.87,30.3,7.06,3.66,0.29,0.9,130.0,26.9,7.069,166,55.08,351.77,71.03,1.61
Common Carp,5.5,7656,64.2,1392.0,27.6,6.57,5.65,0.99,0.68,104.7,31.9,14.696,222,110.89,564.07,66.44,1.77
Mrigal,28.7,4312,33.0,150.24,31.0,7.39,5.49,0.61,0.29,121.9,31.2,4.07,207,56.33,187.63,77.24,1.94
Silver Carp,18.8,6555,54.6,348.67,31.6,7.82,6.17,0.54,0.66,130.7,33.1,9.449,130,78.29,341.39,66.52,2.0
Catla,33.3,8646,46.1,259.64,24.1,7.68,4.24,0.32,0.41,160.6,34.2,7.772,187,79.98,586.31,84.79,1.61
Tilapia,51.8,7836,11.6,151.27,24.1,6.76,4.78,0.42,0.19,165.5,25.2,2.591,219,28.4,183.46,82.44,1.23
Koi,46.3,9710,68.7,209.72,31.8,6.92,5.73,0.38,1.0,110.6,30.4,18.345,131,114.26,860.98,77.6,1.8
Pabda,19.0,6236,53.6,328.21,28.1,7.08,4.29,1.17,0.9,145.1,34.5,7.788,139,76.31,288.9,60.71,1.64
Common Carp,51.9,3276,78.6,63.12,30.7,7.58,6.18,0.98,0.48,85.9,25.3,5.588,119,124.91,341.11,83.36,1.65
Mrigal,67.6,2706,36.0,40.03,29.0,7.67,5.07,0.5,0.48,70.3,30.7,2.455,157,63.51,155.44,90.44,1.55
Pabda,97.8,1583,73.0,16.19,30.5,6.88,3.93,0.2,0.52,172.4,31.6,3.039,165,124.82,151.62,76.73,1.82
Shing,43.1,4954,56.4,114.94,28.7,6.59,4.36,0.41,0.39,105.9,32.2,5.365,96,86.28,365.43,85.49,1.51
Shing,37.3,4668,45.8,125.15,29.7,8.02,3.59,0.73,0.88,80.8,30.5,4.746,147,71.9,230.64,68.72,1.81
Mrigal,59.1,737,66.7,12.47,25.9,6.89,5.2,0.92,0.35,143.6,28.4,1.386,149,106.65,64.36,81.88,1.74
Mrigal,54.2,2432,32.1,44.87,26.5,6.82,6.82,0.99,0.93,72.1,28.6,1.757,174,56.23,101.84,74.47,1.65
Pangasius,34.1,6622,55.2,194.19,31.0,8.21,6.96,0.95,0.21,138.2,31.2,7.932,147,102.34,509.37,75.16,1.66
Common Carp,60.5,6835,57.6,112.98,29.1,7.83,3.8,0.43,0.34,164.1,30.2,11.102,179,105.66,590.88,81.82,1.53
Tilapia,14.6,5769,73.7,395.14,26.4,8.15,6.84,0.55,0.18,179.5,29.6,7.483,209,158.24,704.02,77.12,1.65
Rohu,9.2,986,79.3,107.17,31.8,7.92,5.45,0.39,0.06,152.5,26.3,2.268,217,158.01,143.99,92.42,1.75
Shing,34.0,1164,46.8,34.24,30.8,7.12,3.57,0.61,0.47,83.7,26.4,1.58,126,74.96,66.38,76.08,1.71
Magur,27.0,9870,46.8,365.56,30.3,7.63,7.3,0.23,0.54,169.5,32.1,8.361,108,69.17,517.42,75.79,1.82
Shing,46.1,569,34.2,12.34,31.4,6.98,7.45,0.47,0.8,145.4,28.5,0.529,95,52.46,24.89,83.4,1.47
Mrigal,35.5,2742,68.0,77.24,31.5,7.49,6.61,0.89,0.85,153.7,26.6,4.121,134,102.67,216.37,76.86,1.72
Catla,95.4,4440,45.8,46.54,26.0,7.66,7.4,0.32,0.95,165.7,26.9,3.416,142,76.81,288.73,84.66,1.56
Gulsha,51.2,1043,30.4,20.37,29.2,6.61,6.74,0.56,0.61,128.2,26.1,0.929,219,55.22,41.59,72.2,1.66
Catla,66.3,6051,9.5,91.27,28.6,7.68,4.27,1.15,0.66,133.9,30.8,1.661,135,14.5,56.86,64.8,1.87
Common Carp,11.6,8292,51.7,714.83,31.5,7.53,6.49,0.46,0.73,129.9,25.7,6.559,158,84.72,523.28,74.49,1.7
Common Carp,63.6,7701,37.4,121.08,28.8,7.53,4.02,0.67,0.31,129.5,25.8,7.344,174,68.08,446.35,85.14,1.65
Tilapia,98.9,666,59.9,6.73,31.8,8.15,3.54,0.93,0.19,106.1,25.2,1.189,124,105.55,54.95,78.17,1.51
Mrigal,74.5,8189,19.7,109.92,26.7,7.45,3.8,0.59,0.69,88.1,30.1,2.597,168,30.35,173.58,69.83,1.79
Rohu,46.3,2219,52.3,47.93,24.1,6.61,4.3,0.13,0.19,135.3,32.5,3.075,190,94.52,185.93,88.65,1.57
Pabda,77.3,6795,25.4,87.9,27.6,8.03,5.47,0.37,0.83,118.3,33.4,3.262,188,46.7,259.78,81.86,1.48
Koi,25.7,556,18.1,21.63,25.4,6.55,6.0,0.51,0.41,133.3,30.8,0.277,186,36.21,16.12,80.07,1.42
Rohu,69.0,8491,49.6,123.06,30.7,7.87,4.99,1.07,0.33,99.2,31.3,10.992,156,80.8,504.71,73.56,1.77
Shing,19.8,2871,27.0,145.0,30.3,7.89,4.34,0.52,0.47,151.9,25.1,1.535,115,41.67,99.14,82.88,1.66
Pabda,58.4,1460,63.1,25.0,29.7,7.73,6.86,0.82,0.34,106.6,33.9,1.548,107,96.32,118.33,84.14,1.71
Silver Carp,44.2,6196,75.5,140.18,30.2,6.76,5.31,0.9,0.39,140.7,31.0,13.473,230,140.26,677.32,77.94,1.83
Mrigal,89.4,2503,34.8,28.0,26.2,7.74,3.57,0.97,0.53,77.6,26.8,2.369,205,61.86,107.05,69.14,1.86
Silver Carp,68.5,2212,22.1,32.29,30.0,8.44,4.69,0.28,0.97,85.1,32.7,1.09,189,40.5,69.5,77.58,1.82
Pangasius,19.4,3073,14.0,158.4,30.7,7.13,4.49,1.14,0.98,72.7,32.2,0.645,199,25.47,49.4,63.12,1.59
Tilapia,40.7,9916,34.1,243.64,24.1,7.0,4.81,0.24,0.51,77.7,30.1,5.376,101,54.81,425.29,78.25,1.42
Koi,9.9,2690,25.3,271.72,27.1,6.87,5.22,0.31,0.6,124.7,26.0,1.103,238,53.82,110.29,76.18,1.8
Gulsha,32.7,5323,79.3,162.78,29.5,7.1,6.58,0.37,0.3,137.0,30.0,7.134,152,132.73,572.19,80.99,1.67
Koi,57.0,5859,50.7,102.79,27.0,7.04,7.37,0.18,0.22,98.6,28.3,7.694,206,116.42,616.58,90.39,1.36
Thai Koi,59.6,7080,57.3,118.79,32.0,6.59,6.93,0.76,0.5,122.3,28.5,9.899,121,89.34,516.6,81.67,1.62
Shing,15.3,304,37.0,19.87,25.2,8.14,7.24,0.23,0.95,98.2,30.6,0.318,100,53.66,13.87,85.04,1.69
Koi,74.1,1074,29.2,14.49,29.8,7.54,5.44,0.42,0.66,89.6,32.1,0.768,204,58.78,54.33,86.05,1.53
Thai Koi,51.6,5740,18.5,111.24,32.0,7.61,6.5,0.47,0.71,98.1,26.6,2.007,92,26.56,129.83,85.17,1.43
Thai Koi,18.1,6065,45.9,335.08,31.8,7.84,3.67,0.06,0.86,99.7,27.2,4.565,214,86.5,371.25,70.77,1.63
Rohu,13.1,7027,16.3,536.41,24.3,7.05,3.66,0.89,0.53,73.9,34.1,2.405,131,22.84,103.52,64.5,1.7
Koi,46.2,858,70.3,18.57,26.6,7.85,3.5,1.07,0.78,153.7,30.9,1.731,146,107.07,56.75,61.78,1.64
Mrigal,52.7,2861,79.7,54.29,29.0,6.79,3.84,0.21,0.99,95.6,25.7,5.655,151,120.81,242.57,70.18,1.69
Thai Koi,20.3,1336,60.2,65.81,30.1,7.8,7.23,0.12,0.09,86.3,29.4,1.295,118,103.26,129.66,93.98,1.45
Pabda,80.7,2798,14.9,34.67,28.6,6.58,5.33,0.55,0.11,174.4,31.7,0.98,232,30.81,68.12,79.03,1.61
Silver Carp,11.3,8780,63.7,776.99,30.3,7.44,4.39,0.92,0.54,119.2,34.3,12.808,221,118.04,692.91,66.86,1.89
Mrigal,87.1,8727,29.7,100.2,28.6,7.99,6.49,0.66,0.41,109.3,25.9,4.069,219,59.41,429.51,82.84,1.58
Shing,27.5,1505,22.2,54.73,24.9,8.45,4.08,0.42,0.43,138.3,33.3,0.652,129,35.98,47.26,87.28,1.7
Rohu,74.1,8841,12.3,119.31,29.9,7.03,5.82,0.16,0.07,155.6,33.1,3.197,125,19.64,161.25,92.88,1.73
Pabda,30.6,1121,60.8,36.63,24.0,7.66,6.76,0.62,0.05,114.6,27.5,1.643,146,99.5,92.55,82.98,1.49
Rohu,29.1,9958,20.9,342.2,25.9,8.39,6.42,1.17,0.76,112.1,34.5,4.391,185,31.2,186.43,60,1.91
Rohu,36.7,744,20.8,20.27,30.5,6.8,5.58,1.0,0.36,164.0,31.7,0.234,240,42.94,27.3,85.47,1.54
Shing,90.9,556,14.8,6.12,28.7,7.15,5.76,0.31,0.9,102.7,30.8,0.245,224,30.6,14.3,84.05,1.64
Gulsha,38.3,2742,33.7,71.59,26.4,7.1,4.7,0.26,0.46,135.9,34.5,1.608,154,62.39,156.47,91.46,1.47
Thai Koi,43.9,3510,57.1,79.95,24.0,7.07,4.73,0.48,0.89,122.6,27.3,5.191,100,90.64,264.73,83.21,1.6
Thai Koi,84.4,4138,6.7,49.03,29.4,8.08,4.01,0.8,0.2,172.9,31.0,0.676,102,9.85,34.65,85.03,1.37
Catla,62.3,3062,68.9,49.15,28.5,8.24,4.7,0.99,0.33,89.3,26.8,5.886,188,126.22,309.49,80.08,1.55
Pangasius,62.7,7574,39.2,120.8,28.4,7.83,6.35,0.57,0.98,148.9,25.5,5.344,195,83.56,496.08,78.38,1.55
Common Carp,73.6,1860,69.1,25.27,28.4,8.03,5.18,0.89,0.33,80.3,34.8,3.676,109,107.07,169.41,85.07,1.62
Catla,71.1,1162,28.6,16.34,25.2,7.74,3.84,0.45,0.29,82.8,26.6,0.771,120,42.38,40.27,81.76,1.7
Rohu,76.7,7936,57.3,103.47,27.3,7.73,7.36,0.4,0.2,95.4,27.9,8.094,214,118.61,877.09,93.18,1.51
Thai Koi,28.7,3480,62.0,121.25,31.0,7.83,6.76,0.38,0.12,102.4,33.3,3.258,103,99.35,312.14,90.28,1.44
Silver Carp,42.0,1414,10.9,33.67,29.5,6.8,4.03,0.39,0.4,161.9,32.8,0.388,215,20.93,26.26,88.75,1.65
Silver Carp,22.8,7330,64.7,321.49,24.9,8.31,4.04,0.12,0.21,114.0,26.3,10.007,149,107.89,614.05,77.65,1.58
Gulsha,23.6,1830,33.3,77.54,25.7,6.79,3.68,1.09,0.24,163.7,33.9,1.792,168,54.6,64.0,64.05,1.62
Rohu,28.9,5131,48.8,177.54,28.0,7.3,5.04,0.18,0.1,97.0,32.8,7.011,218,95.25,404.96,82.86,1.51
Koi,78.6,3094,16.4,39.36,24.3,8.1,3.94,0.56,0.94,116.8,26.4,1.106,167,29.46,62.4,68.47,1.79
Shing,43.7,8342,55.1,190.89,28.7,7.12,4.89,0.65,0.95,164.5,27.6,8.228,174,91.35,529.18,69.44,1.72
Silver Carp,98.4,5389,23.4,54.77,26.0,6.65,3.91,0.81,0.83,117.3,33.8,2.018,183,36.96,128.73,64.63,1.77
Pangasius,89.5,3417,78.1,38.18,27.7,7.55,4.56,0.97,0.39,81.3,32.2,5.738,181,172.71,497.03,84.22,1.36
Shing,37.0,5777,79.6,156.14,26.9,7.94,4.5,0.07,0.07,162.2,28.7,11.036,93,118.59,574.78,83.9,1.49
Gulsha,85.9,7741,52.0,90.12,28.5,7.91,6.85,1.14,0.39,87.7,27.5,8.091,127,80.1,445.41,71.83,1.75
Tilapia,24.8,2373,56.1,95.69,29.7,6.82,6.81,0.79,0.61,92.4,32.1,3.661,166,111.18,211.5,80.17,1.64
Pangasius,7.7,4611,35.9,598.83,27.7,8.37,5.42,0.22,0.1,71.5,27.2,3.84,203,79.65,299.04,81.42,1.38
Koi,54.2,2824,62.1,52.1,25.2,7.15,5.74,1.18,0.66,131.1,31.9,2.859,237,124.0,236.65,67.58,1.56
Thai Koi,92.2,8936,47.8,96.92,24.1,6.61,3.67,1.12,0.93,172.8,32.5,6.877,213,83.61,448.28,60,1.6
Mrigal,88.2,9626,36.9,109.14,27.4,8.48,4.19,0.2,0.28,77.9,33.8,10.265,125,56.76,470.23,86.07,1.54
Mrigal,29.6,8835,74.6,298.48,26.6,6.64,3.94,0.19,0.06,156.8,27.7,11.139,124,109.61,706.92,73.0,1.7
Pangasius,22.5,4737,58.8,210.53,25.1,6.69,4.58,0.49,0.86,139.6,30.4,4.206,184,116.71,405.57,73.36,1.58
Rohu,58.6,4462,45.1,76.14,29.2,6.62,5.52,0.96,0.68,159.1,28.6,5.091,175,76.4,242.15,71.03,1.71
Pabda,16.0,9509,32.1,594.31,25.1,6.69,7.3,0.37,0.11,173.6,30.3,4.884,196,61.67,470.42,80.22,1.62
Pangasius,15.1,5565,39.6,368.54,24.1,7.96,3.98,0.77,0.96,158.2,30.0,5.333,213,77.22,279.01,64.93,1.62
Mrigal,58.7,1453,71.9,24.75,28.0,6.83,6.29,0.12,0.88,109.6,28.4,1.954,178,123.6,152.02,84.65,1.68
Catla,93.3,7695,46.7,82.48,24.3,7.49,6.63,1.18,0.43,112.0,33.4,8.193,222,87.46,498.58,74.08,1.92
Magur,49.7,6152,75.1,123.78,25.3,7.95,5.23,0.79,0.43,88.8,29.4,10.719,186,138.63,707.88,83.0,1.48
Koi,83.9,5347,41.8,63.73,30.6,8.27,7.43,0.39,0.57,125.3,32.7,3.822,104,65.2,280.9,80.57,1.52
Shing,52.2,7236,56.9,138.62,29.3,8.14,6.83,0.26,0.17,143.7,30.0,7.205,157,103.5,671.78,89.7,1.5
Common Carp,95.9,4684,29.3,48.84,25.9,7.53,7.11,0.89,0.65,93.2,29.4,3.129,230,60.43,214.49,75.78,1.77
Rohu,54.6,9818,70.9,179.82,32.0,8.42,4.69,0.86,0.86,148.1,25.6,11.973,176,107.16,669.86,63.67,1.87
Thai Koi,22.5,8552,11.4,380.09,30.1,7.0,6.05,0.94,0.72,98.9,27.4,1.696,227,23.19,141.6,71.39,1.51
Common Carp,88.7,4288,31.5,48.34,28.3,7.87,7.2,0.55,0.08,150.5,25.8,3.471,122,49.13,174.53,82.85,1.68
Koi,32.9,2820,67.7,85.71,24.7,6.96,4.94,0.18,0.2,150.1,25.8,3.36,194,147.63,375.9,90.29,1.55
Pabda,71.9,6245,40.3,86.86,30.1,7.77,6.43,0.67,0.68,150.7,26.8,6.141,240,80.28,376.29,75.06,1.6
Silver Carp,43.6,7790,20.6,178.67,30.1,6.76,3.91,0.4,0.4,158.6,31.6,4.108,193,35.8,203.75,73.06,1.93
Catla,56.7,4910,22.1,86.6,30.3,6.92,5.19,1.09,0.68,122.5,25.4,2.865,124,30.67,103.18,68.51,1.82
Shing,97.2,9886,14.3,101.71,24.2,7.85,4.97,0.14,0.04,166.1,28.2,2.898,111,23.95,217.44,91.83,1.41
Mrigal,75.3,7105,21.7,94.36,29.6,8.02,4.86,0.2,0.42,154.6,30.2,4.147,131,36.22,231.39,89.91,1.62
Pabda,94.5,1818,27.6,19.24,25.3,8.49,6.63,1.03,0.05,172.6,31.3,1.134,116,38.21,47.33,68.13,1.85
Gulsha,48.3,5843,17.6,120.97,31.0,6.66,3.57,0.29,0.97,116.4,27.8,1.851,107,24.94,101.13,69.4,1.76
Silver Carp,63.0,472,79.7,7.49,29.3,7.39,7.18,0.97,0.81,110.1,26.2,0.598,200,144.03,52.71,77.54,1.8
Common Carp,43.6,8261,36.3,189.47,28.9,6.73,3.75,0.92,0.63,115.6,25.0,5.728,209,62.06,307.63,60,1.82
Rohu,48.4,9607,70.6,198.49,30.9,6.91,3.77,0.54,0.13,99.9,26.7,12.005,114,102.38,668.16,67.93,1.69
Silver Carp,69.0,4714,19.2,68.32,26.1,8.42,3.96,0.3,0.34,93.8,28.0,2.408,184,32.26,119.38,78.51,1.56
Pangasius,60.7,7368,65.2,121.38,30.0,7.24,6.13,0.69,0.6,178.0,25.6,9.512,106,108.37,623.13,78.04,1.65
Tilapia,75.4,1523,40.7,20.2,25.9,7.44,5.99,0.92,0.51,127.4,30.6,1.562,149,78.93,94.26,78.41,1.54
Pabda,94.4,8354,73.4,88.5,29.6,6.75,3.57,0.44,0.32,110.1,27.8,17.047,175,133.8,885.83,79.25,1.64
Catla,65.6,9236,64.7,140.79,31.7,7.13,7.49,0.93,0.96,125.8,30.5,15.298,212,118.1,826.23,75.75,1.92
Tilapia,57.2,3458,40.4,60.45,27.9,8.23,6.2,1.09,0.46,96.1,25.1,2.431,186,83.58,204.49,70.75,1.53
Pabda,97.0,637,5.1,6.57,27.2,7.05,7.34,0.5,0.26,130.1,34.3,0.073,188,9.86,5.78,91.97,1.55
Pangasius,75.6,6918,59.8,91.51,27.8,8.15,3.97,0.91,0.53,179.0,34.5,6.536,124,95.62,474.81,71.78,1.64
Common Carp,10.4,6855,59.7,659.13,26.0,8.13,4.48,0.47,0.29,80.1,26.5,8.594,228,127.7,737.66,84.27,1.5
Mrigal,93.3,5231,72.3,56.07,31.9,6.79,6.13,0.9,0.07,161.0,33.1,6.467,178,128.69,543.44,80.73,1.67
Tilapia,84.1,9741,36.0,115.83,29.2,8.4,4.02,1.08,0.96,71.9,30.1,7.89,187,70.9,461.14,66.77,1.55
Common Carp,98.3,5555,7.2,56.51,30.6,8.07,4.79,1.17,0.43,173.5,26.5,0.624,110,10.74,45.4,76.1,1.89
Silver Carp,81.6,6870,60.3,84.19,24.8,8.42,6.88,1.19,0.23,150.4,30.5,11.061,234,112.96,528.32,68.08,1.78
Tilapia,42.8,3360,19.9,78.5,27.9,7.65,5.12,0.62,0.07,172.2,35.0,1.244,213,49.23,140.39,84.87,1.32
Thai Koi,62.0,4011,28.0,64.69,26.2,7.17,5.27,0.63,0.13,107.7,30.3,2.898,122,44.8,154.33,85.88,1.62
Thai Koi,41.3,5339,18.3,129.27,28.1,8.47,7.39,0.58,0.18,123.7,28.2,2.306,214,38.37,165.4,80.75,1.45
Common Carp,31.4,5793,24.0,184.49,27.5,7.12,6.76,0.66,0.22,139.2,31.9,2.461,180,40.92,182.04,76.79,1.75
Silver Carp,73.1,4278,51.5,58.52,26.8,7.71,3.86,0.67,0.19,130.2,34.7,5.53,151,84.86,275.29,75.83,1.94
Common Carp,13.9,7261,76.8,522.37,29.0,8.26,4.32,0.66,0.7,80.8,27.3,13.328,121,108.58,511.99,64.94,1.84
Pabda,96.2,3077,5.5,31.99,28.9,8.38,4.73,0.34,0.52,130.4,31.2,0.481,110,8.48,20.13,77.14,1.67
Shing,80.0,6776,69.5,84.7,25.0,8.33,5.7,1.12,0.62,161.6,26.7,10.784,155,107.9,459.94,62.91,1.7
Gulsha,9.1,838,65.1,92.09,30.0,7.93,5.83,0.11,0.51,91.1,29.5,1.604,208,133.37,93.48,83.64,1.66
Magur,32.5,7675,51.1,236.15,26.8,6.59,3.63,0.65,0.84,123.4,31.6,11.727,135,71.73,330.32,60,1.6
Gulsha,15.4,3538,50.6,229.74,27.4,7.33,6.57,0.49,0.25,77.1,30.0,3.008,178,89.82,262.4,82.57,1.51
Rohu,47.9,2316,53.1,48.35,25.9,6.73,5.37,1.17,0.79,167.8,30.5,2.755,130,78.45,112.12,61.71,1.67
Silver Carp,7.7,3050,52.6,396.1,26.9,6.76,7.09,0.38,0.07,150.6,26.2,3.914,153,84.78,198.89,76.92,1.74
Pangasius,26.1,5550,57.8,212.64,26.0,7.55,6.42,0.75,0.5,138.9,31.1,7.314,156,106.99,470.36,79.21,1.57
Catla,88.8,4416,12.3,49.73,26.7,6.66,4.35,0.91,0.67,105.7,27.1,1.162,151,19.23,59.64,70.21,1.73
Catla,95.6,7841,18.6,82.02,25.1,7.82,7.11,0.35,0.41,110.2,29.9,3.836,160,32.27,230.55,91.11,1.62
Pabda,75.6,8540,6.2,112.96,29.1,7.45,3.92,0.99,0.21,74.7,34.8,1.424,184,10.94,68.84,73.71,1.81
Silver Carp,68.9,8697,17.5,126.23,29.2,6.73,4.61,1.09,0.09,75.1,34.6,4.094,101,24.73,152.52,70.9,1.96
Koi,56.4,1305,55.5,23.14,27.1,7.69,4.59,0.32,0.47,82.9,33.8,2.093,152,101.46,123.33,93.14,1.53
Mrigal,60.7,8826,65.7,145.4,30.2,7.33,5.84,0.73,0.66,151.6,30.1,13.163,121,99.97,668.43,75.76,1.71
Mrigal,44.4,3784,61.1,85.23,25.5,8.41,5.75,0.66,0.2,139.6,30.5,3.584,107,90.13,264.84,77.65,1.6
Pangasius,84.8,7242,59.5,85.4,25.4,8.24,3.6,0.62,0.12,171.3,31.4,9.307,233,138.08,729.48,72.95,1.74
Mrigal,18.3,8776,59.7,479.56,26.6,6.95,4.35,0.1,0.32,173.9,34.4,10.636,194,112.44,829.61,84.07,1.63
Silver Carp,92.0,3506,15.0,38.11,30.7,7.85,5.72,0.05,0.51,168.4,27.9,1.499,123,22.69,67.33,84.64,1.74
Pangasius,8.5,5356,11.5,630.12,25.1,6.73,4.73,0.84,0.44,118.7,27.9,1.096,173,21.08,80.9,71.66,1.67
Shing,74.4,5661,58.4,76.09,27.7,7.41,7.47,1.07,0.72,137.0,33.1,5.62,217,114.55,439.72,67.81,1.63
Pangasius,28.5,6270,16.7,220.0,27.1,7.92,7.2,0.53,0.5,158.4,34.5,2.974,148,30.79,153.03,79.28,1.46
Gulsha,20.8,7619,56.8,366.3,25.5,7.75,7.02,0.47,0.09,92.7,25.9,6.535,93,80.45,517.15,84.37,1.67
Shing,91.1,737,17.6,8.09,28.0,7.36,6.13,1.15,0.94,91.6,28.4,0.353,152,27.33,13.8,68.51,1.63
Koi,66.4,7246,48.6,109.13,25.6,7.48,5.67,0.22,0.33,92.8,26.4,6.902,149,88.12,599.1,93.83,1.58
Gulsha,96.1,7972,29.5,82.96,28.6,8.04,4.28,0.88,0.89,76.9,31.1,6.232,211,58.37,351.6,75.56,1.74
Magur,66.7,2589,48.8,38.82,31.3,7.62,4.78,1.1,0.57,118.0,29.1,3.639,112,70.99,120.22,65.41,1.6
Shing,17.0,1672,7.9,98.35,29.5,8.01,4.32,0.83,0.74,137.9,25.9,0.207,216,14.96,18.74,74.93,1.62
Rohu,62.4,7032,55.4,112.69,26.4,8.08,6.29,0.97,0.58,119.2,27.6,9.895,104,78.98,418.09,75.28,1.77
Thai Koi,74.3,7441,50.8,100.15,24.3,8.26,6.78,0.83,0.36,121.0,31.1,7.295,128,84.39,505.1,80.44,1.39
Mrigal,51.8,1525,42.1,29.44,27.4,7.13,5.35,0.41,0.43,129.8,30.6,1.329,115,62.75,86.23,90.11,1.5
Koi,78.0,7014,27.8,89.92,24.2,8.16,4.3,0.54,0.18,80.7,27.2,3.88,191,55.9,329.36,84.0,1.46
Koi,24.9,1728,43.6,69.4,25.7,8.04,6.44,1.06,0.93,114.1,32.4,2.2,159,73.38,87.65,69.13,1.77
Silver Carp,41.0,2320,26.6,56.59,27.7,7.13,5.68,0.69,0.84,115.4,27.1,1.024,93,34.68,60.0,74.58,1.97
Shing,19.6,4334,46.2,221.12,31.5,8.19,3.79,0.73,0.1,130.1,33.0,5.867,147,77.72,226.31,67.19,1.72
Thai Koi,11.7,3291,57.4,281.28,28.1,7.0,4.3,0.5,0.26,154.8,25.7,4.685,163,109.98,306.49,84.68,1.45
Magur,58.4,6579,70.4,112.65,30.5,7.87,4.15,0.83,0.94,160.2,25.1,10.004,157,117.19,579.4,75.15,1.7
Silver Carp,59.4,1126,62.7,18.96,29.7,8.11,5.25,0.17,0.65,110.3,28.3,1.454,91,84.59,78.07,81.96,1.69
Magur,70.5,4567,28.2,64.78,26.0,7.84,4.53,0.14,0.62,121.0,31.7,2.061,219,59.21,230.64,85.29,1.53
Silver Carp,56.5,7821,6.6,138.42,26.0,6.57,4.52,0.6,0.08,142.4,32.7,0.908,111,9.62,59.49,79.1,1.62
Koi,56.4,2556,52.4,45.32,28.2,8.44,6.27,1.08,0.19,84.1,29.9,2.839,141,89.27,159.92,70.09,1.6
Mrigal,36.0,8163,40.9,226.75,28.3,7.91,7.2,0.67,0.96,127.7,29.8,6.41,187,70.31,388.39,67.67,1.77
Mrigal,66.6,9094,48.6,136.55,30.9,8.31,6.14,0.37,0.28,112.2,30.9,13.215,214,94.45,738.84,86.02,1.76
Catla,36.9,3915,31.3,106.1,29.4,7.11,6.88,0.62,0.84,130.1,30.2,3.137,170,51.89,157.17,77.37,1.89
Gulsha,24.5,9343,16.2,381.35,26.6,8.01,6.99,0.35,0.8,153.2,29.9,4.041,167,26.18,180.5,73.78,1.61
Tilapia,69.7,9364,68.2,134.35,28.4,7.95,6.42,1.04,0.81,172.1,34.9,12.07,202,135.36,865.81,68.31,1.45
Koi,18.9,8492,42.5,449.31,30.5,6.53,4.28,0.88,0.75,90.6,28.3,8.12,103,60.39,327.53,63.87,1.76
Catla,34.3,4806,18.0,140.12,27.6,6.66,6.23,0.07,0.19,179.5,29.3,2.336,227,34.61,142.57,85.71,1.56
Tilapia,89.2,6347,67.4,71.15,25.8,8.31,4.04,0.57,0.82,85.2,28.3,10.951,214,154.48,745.27,76.01,1.53
Pabda,8.3,5611,15.0,676.02,24.2,7.53,4.73,0.82,0.58,150.4,27.5,1.372,162,23.07,90.41,69.84,1.62
Catla,80.7,5550,77.3,68.77,29.1,7.61,6.86,0.6,0.48,160.5,29.9,10.168,236,147.75,664.69,81.06,1.81
Mrigal,36.4,4730,34.9,129.95,25.0,7.09,4.8,1.03,0.9,176.8,28.2,2.625,110,47.35,151.27,67.55,1.7
Thai Koi,31.5,4000,23.3,126.98,27.8,7.62,5.56,1.07,0.2,88.8,25.1,2.405,103,34.88,107.78,77.24,1.66
Pangasius,89.3,4944,25.9,55.36,31.0,8.28,6.97,0.77,0.04,88.7,30.0,2.625,130,47.52,191.56,81.54,1.41
Magur,33.7,1847,59.7,54.81,30.6,8.42,3.74,0.56,0.1,100.1,26.1,2.018,170,103.85,135.75,70.77,1.79
Gulsha,67.8,2560,13.9,37.76,29.2,7.53,4.25,0.21,0.24,139.5,31.8,0.975,122,22.8,53.57,91.76,1.45
Shing,93.5,4861,17.9,51.99,24.8,8.45,5.1,0.88,0.37,75.8,29.3,2.48,228,37.13,141.53,78.41,1.58
Magur,89.0,4760,8.7,53.48,30.0,7.82,5.13,0.81,0.4,121.4,29.2,1.155,146,15.04,60.97,85.14,1.59
Magur,97.4,4167,41.5,42.78,25.8,7.8,7.43,0.81,0.55,129.6,25.1,4.98,181,78.02,253.21,77.88,1.59
Catla,72.7,2116,62.2,29.11,31.3,8.35,6.19,0.72,0.32,102.6,34.8,3.159,145,93.26,151.19,76.62,1.55
Pangasius,47.1,2475,64.9,52.55,27.0,6.6,7.28,1.06,0.02,92.4,27.5,2.602,237,142.85,253.29,71.64,1.7
Pangasius,25.2,6706,13.7,266.11,30.5,8.41,6.93,0.61,0.68,98.5,32.9,2.159,125,21.87,97.45,66.44,1.46
Magur,33.6,7791,11.6,231.88,30.6,7.18,5.59,0.06,0.47,164.7,29.6,2.612,209,24.08,158.93,84.7,1.48
Magur,84.2,8750,70.9,103.92,25.8,7.08,6.28,0.42,0.81,170.1,29.9,10.919,114,107.29,770.16,82.04,1.45
Thai Koi,90.5,9057,66.7,100.08,29.5,8.37,6.82,0.83,0.2,146.3,31.2,17.942,156,114.73,814.53,78.39,1.58
Thai Koi,22.0,3504,28.1,159.27,30.1,8.22,6.9,1.06,0.99,153.7,26.8,2.156,117,40.99,86.18,60,1.6
Koi,65.1,2752,45.9,42.27,26.9,7.33,7.46,1.12,0.55,113.4,25.5,2.248,109,65.94,120.5,66.4,1.78
Koi,73.0,9197,19.8,125.99,31.0,6.9,4.4,0.92,0.71,122.9,34.3,4.243,235,41.41,288.09,75.65,1.53
Mrigal,51.9,5211,56.5,100.4,27.6,7.9,6.64,0.6,0.39,168.2,29.1,7.478,193,106.07,452.68,81.9,1.52
Gulsha,11.3,4452,64.0,393.98,28.3,7.42,5.73,0.4,0.2,82.0,27.0,7.209,122,101.72,370.65,81.85,1.52
Silver Carp,7.5,6019,20.9,802.53,28.2,6.55,3.99,0.15,0.09,122.2,31.6,2.994,149,32.24,136.92,70.56,1.95
Pabda,11.7,1301,11.1,111.2,25.2,6.85,5.35,0.4,0.96,152.4,34.5,0.419,124,16.87,18.21,82.95,1.72
Magur,30.7,5563,23.1,181.21,29.9,7.94,5.54,0.31,0.67,145.0,25.5,2.917,98,33.0,137.02,74.64,1.83
Shing,76.2,1774,29.8,23.28,25.2,8.07,4.92,0.07,0.42,72.4,31.0,1.226,218,63.17,99.98,89.22,1.47
Pangasius,28.0,9398,40.1,335.64,29.7,7.17,3.87,0.21,0.72,163.8,32.0,6.294,180,72.91,478.44,69.82,1.51
Catla,34.6,1623,30.7,46.91,26.8,8.25,7.07,0.23,0.95,107.8,32.6,0.972,91,43.93,55.81,78.28,1.66
Thai Koi,91.1,9626,75.4,105.66,30.2,7.77,7.37,0.62,0.03,176.8,28.5,12.774,176,147.94,1231.94,86.51,1.49
Magur,40.1,5248,46.2,130.87,24.9,8.44,3.52,0.25,0.6,162.7,26.9,4.413,113,68.95,264.81,73.18,1.84
Rohu,22.5,2273,28.3,101.02,29.8,8.18,6.01,1.11,0.82,166.4,29.8,1.254,159,41.6,65.36,69.12,1.89
Pabda,36.4,806,17.2,22.14,29.3,7.9,6.8,0.36,0.14,146.7,25.6,0.236,214,34.36,24.57,88.74,1.69
Rohu,19.5,3349,11.6,171.74,29.8,7.38,6.76,0.53,0.82,143.2,30.7,0.726,207,19.94,47.49,71.1,1.8
Tilapia,70.8,2916,47.9,41.19,24.1,7.73,7.3,0.1,0.16,129.5,31.0,2.486,134,92.99,249.52,92.02,1.37
Tilapia,65.9,7164,51.1,108.71,26.4,8.3,6.01,0.26,0.62,135.2,31.1,7.871,220,115.32,678.21,82.09,1.45
Silver Carp,38.7,9908,5.4,256.02,29.4,6.52,4.02,0.78,0.94,152.5,34.8,1.215,101,7.45,48.33,65.44,1.84
Gulsha,66.9,6622,28.8,98.98,30.6,7.15,5.25,0.4,0.25,120.4,33.7,3.204,136,50.66,295.81,88.18,1.63
Rohu,7.0,1909,46.2,272.71,27.4,6.85,4.82,0.88,0.66,168.9,33.0,2.17,232,84.71,114.19,70.62,1.87
Shing,40.6,554,78.9,13.65,24.9,7.47,5.51,0.61,0.03,130.5,34.4,0.712,221,161.81,75.91,84.68,1.5
Mrigal,15.5,3815,58.3,246.13,27.6,6.97,4.25,1.01,0.24,109.2,33.0,4.448,97,78.56,205.52,68.57,1.81
Common Carp,43.6,3556,7.2,81.56,29.7,8.14,6.43,0.43,0.51,159.2,31.3,0.599,122,11.26,33.64,83.99,1.58
Tilapia,92.5,3838,8.3,41.49,26.9,7.48,4.24,0.58,0.17,106.5,32.8,0.621,152,16.17,52.48,84.54,1.49
Pabda,48.1,9800,62.2,203.74,25.7,7.06,3.75,0.14,0.09,166.4,32.1,16.946,131,97.58,710.23,74.27,1.77
Common Carp,34.3,3950,35.7,115.16,24.4,6.71,3.58,0.23,0.15,160.5,32.6,3.61,133,58.38,185.04,80.24,1.67
Pangasius,59.1,7621,60.1,128.95,25.2,7.33,6.62,0.13,0.49,115.1,27.6,13.512,90,98.85,708.53,94.05,1.32
Thai Koi,72.7,1526,33.2,20.99,25.0,6.93,4.37,0.2,0.1,78.0,34.5,0.892,118,54.82,76.45,91.39,1.45
Magur,66.1,6184,59.3,93.56,27.6,6.83,5.47,1.13,0.46,79.1,32.7,7.591,212,119.17,554.77,75.28,1.72
Mrigal,55.3,8373,47.2,151.41,26.4,8.38,7.15,0.75,0.84,97.2,25.1,10.354,148,71.54,395.11,65.96,1.83
Tilapia,86.7,1605,48.9,18.51,24.1,7.57,4.28,0.88,0.32,148.6,34.7,1.421,209,111.11,156.97,88.02,1.22
Thai Koi,60.3,8542,17.2,141.66,29.8,6.59,4.71,0.76,0.25,122.7,27.3,2.88,171,33.22,231.15,81.46,1.44
Rohu,37.8,5127,44.5,135.63,24.7,7.15,4.84,0.91,0.08,109.5,34.3,4.038,208,86.12,373.36,84.56,1.66
Silver Carp,79.4,8927,7.1,112.43,26.6,8.48,7.23,1.01,0.65,162.2,28.5,1.046,221,11.52,62.23,60.51,1.74
Silver Carp,84.0,3458,77.9,41.17,30.2,6.84,7.09,0.23,0.4,70.5,34.8,7.92,112,114.12,347.89,88.16,1.81
Pabda,44.2,5362,51.6,121.31,31.3,8.14,3.9,0.77,0.49,155.5,25.6,6.751,190,96.86,397.83,76.6,1.7
Gulsha,30.4,4909,75.4,161.48,28.6,7.3,3.55,0.93,0.98,146.7,33.8,5.996,184,121.71,359.69,60.2,1.82
Catla,5.3,6916,51.8,1304.91,27.4,7.69,5.36,0.91,0.45,178.1,32.4,9.171,191,91.6,471.39,74.41,1.71
Pabda,13.7,2694,62.3,196.64,28.9,8.18,6.93,0.36,0.67,139.7,34.9,3.961,101,85.8,175.18,75.79,1.69
Silver Carp,35.0,8644,69.4,246.97,26.5,8.25,3.98,1.17,0.14,113.3,30.8,14.217,201,106.12,550.4,60,1.86
Mrigal,96.7,2415,54.9,24.97,27.9,8.47,6.71,0.55,0.36,79.8,30.7,3.368,220,98.84,189.37,79.34,1.65
Rohu,58.3,6418,31.5,110.09,29.9,6.82,4.28,0.44,0.96,78.2,34.3,4.994,234,61.96,340.01,85.51,1.72
Pangasius,44.4,4330,55.1,97.52,30.6,8.44,4.35,0.5,0.68,134.9,27.7,6.585,225,128.78,460.33,82.55,1.53
Catla,56.6,4250,53.5,75.09,24.7,7.58,5.32,1.13,0.03,168.2,34.8,5.98,170,91.54,293.22,75.37,1.95
Mrigal,86.5,3071,8.0,35.5,28.5,7.34,3.58,0.09,0.06,167.9,34.4,0.582,222,16.11,40.52,81.92,1.59
Catla,84.2,5884,75.0,69.88,28.1,8.41,6.27,0.89,0.05,118.6,29.3,8.252,224,145.11,661.14,77.43,1.71
Catla,51.5,6911,14.5,134.19,25.8,6.99,7.39,0.32,0.73,171.0,27.7,2.856,213,27.03,151.71,81.22,1.69
Common Carp,57.3,9370,63.9,163.53,30.6,6.73,3.85,0.8,0.59,76.6,26.9,17.902,168,97.13,546.06,60,1.63
Rohu,47.9,983,63.1,20.52,25.2,8.01,4.43,0.23,0.52,98.9,32.5,1.166,143,104.79,85.57,83.07,1.65
Rohu,22.4,6848,48.8,305.71,26.4,7.79,6.06,0.41,0.76,98.1,26.2,9.624,190,87.54,467.76,78.03,1.93
Thai Koi,62.4,3725,68.2,59.7,27.6,8.32,6.55,0.94,0.63,113.3,32.3,5.31,94,98.13,262.79,71.89,1.59
Mrigal,53.5,7930,18.0,148.22,31.8,6.53,4.06,0.8,0.49,140.4,26.7,2.469,144,27.0,165.36,77.22,1.55
Common Carp,73.9,2889,46.9,39.09,26.8,6.66,4.74,1.08,0.28,109.8,34.3,2.263,115,67.46,135.82,69.69,1.84
Pangasius,97.9,6532,65.9,66.72,29.2,6.72,4.25,0.57,0.92,117.7,26.4,6.629,203,137.17,649.17,72.45,1.55
Rohu,64.0,9656,68.0,150.88,25.8,8.49,6.58,0.6,0.52,175.4,25.7,13.066,232,123.04,799.08,67.26,1.84
Rohu,54.7,1932,22.5,35.32,25.6,6.51,4.86,0.8,0.09,97.0,31.9,1.278,202,41.23,65.07,81.68,1.57
Thai Koi,11.3,8258,56.5,730.8,24.1,7.69,6.23,0.78,0.83,82.4,34.3,7.139,138,87.52,513.19,71.01,1.71
Rohu,62.1,2241,10.0,36.09,31.4,6.73,3.91,0.78,0.51,94.1,33.4,0.336,120,14.24,20.69,64.83,1.67
Silver Carp,22.0,702,18.8,31.91,31.5,6.78,5.47,0.71,0.61,145.6,25.7,0.381,219,33.24,16.26,69.7,1.88
Pabda,24.0,4397,67.7,183.21,28.1,7.41,4.72,0.38,0.37,128.1,26.5,7.769,151,112.2,410.86,83.28,1.66
Mrigal,96.9,678,73.6,7.0,27.4,7.34,7.3,0.76,0.68,129.9,25.1,1.322,235,135.98,69.11,74.96,1.79
Shing,24.0,6163,12.5,256.79,31.2,8.49,6.06,0.71,0.44,158.1,28.3,2.041,199,23.95,107.65,72.92,1.82
Pabda,58.2,8940,55.6,153.61,31.9,6.7,3.54,1.13,0.39,177.6,25.2,12.079,166,81.99,439.8,60,1.86
Silver Carp,84.0,7036,31.5,83.76,24.5,6.66,5.59,0.09,0.99,159.8,30.8,5.474,221,60.33,330.01,77.75,1.77
Shing,71.7,7423,64.8,103.53,25.0,7.52,6.17,0.41,0.71,98.9,29.6,7.937,215,136.91,850.85,83.72,1.52
Pabda,82.5,5647,37.4,68.45,26.0,7.84,5.47,0.33,0.04,171.0,27.8,4.773,175,66.69,338.1,89.78,1.49
Magur,77.1,8574,11.1,111.21,31.6,8.33,7.13,0.86,0.32,141.0,33.7,2.493,165,19.67,134.12,79.52,1.4
Catla,6.8,5841,71.2,858.97,24.4,6.91,4.97,1.2,0.56,91.1,28.0,6.862,119,96.93,343.88,60.74,1.71
Thai Koi,14.6,8813,40.5,603.63,28.1,7.0,5.33,0.43,0.07,135.7,28.2,6.639,168,80.1,596.19,84.46,1.62
Catla,11.2,8029,45.7,716.88,24.1,6.59,5.95,0.53,0.32,138.1,32.4,6.458,175,76.08,424.46,69.49,1.87
Rohu,7.0,6119,54.3,874.14,24.2,7.76,3.81,0.21,0.81,85.8,29.2,5.549,233,94.14,393.5,68.31,1.88
Silver Carp,38.5,6705,57.1,174.16,31.0,7.04,3.96,0.71,0.73,131.0,34.3,6.738,155,85.95,353.98,61.42,1.9
Common Carp,68.6,9682,55.6,141.14,31.9,8.1,4.22,0.5,0.74,99.7,28.4,12.112,90,77.44,623.13,83.11,1.55
Magur,86.5,4586,23.1,53.02,30.3,6.98,6.0,0.32,0.85,177.8,33.4,2.055,155,39.92,156.49,85.48,1.68
Magur,95.6,8175,61.9,85.51,29.4,8.09,6.22,1.11,0.97,146.0,27.9,13.713,208,109.19,593.98,66.54,1.61
Magur,97.3,728,13.2,7.48,30.8,8.16,4.73,0.31,0.71,116.7,29.7,0.176,166,24.02,14.35,82.03,1.59
Rohu,38.4,3972,15.2,103.44,28.8,8.39,5.16,1.04,0.74,160.4,29.2,1.401,202,23.89,61.51,64.83,1.79
Shing,54.7,3680,37.4,67.28,25.0,7.76,4.86,1.18,0.86,97.9,25.5,3.358,146,56.74,142.63,68.31,1.76
Koi,93.1,4412,59.7,47.39,26.5,8.24,4.48,0.76,0.66,169.2,27.3,7.638,163,104.75,338.63,73.27,1.53
Silver Carp,75.2,3542,12.3,47.1,27.0,7.56,6.69,0.05,0.71,78.3,28.5,1.216,129,19.54,56.61,81.79,1.6
Catla,55.1,9704,22.9,176.12,27.0,7.99,6.86,0.92,0.12,74.7,25.0,6.356,105,30.65,223.13,75.03,1.91
Silver Carp,58.0,3071,45.6,52.95,29.3,6.78,5.04,0.32,0.27,108.1,32.6,2.647,168,76.75,197.88,83.96,1.68
Catla,60.5,2398,12.3,39.64,31.0,8.24,3.68,0.64,0.54,157.3,32.2,0.758,239,21.84,34.48,65.82,1.98
Silver Carp,68.9,9590,31.6,139.19,27.3,7.06,3.85,0.22,0.79,108.1,26.3,7.334,135,46.58,339.92,76.09,1.81
Thai Koi,39.7,5517,48.4,138.97,30.1,7.62,6.53,1.19,0.65,162.6,28.0,4.032,204,95.12,363.08,69.19,1.64
Rohu,43.0,9906,16.1,230.37,24.2,7.58,7.33,0.87,0.84,171.4,25.5,2.982,98,22.31,152.99,69.23,1.92
Common Carp,47.4,1454,45.5,30.68,24.8,7.43,7.37,1.05,0.96,150.9,34.6,1.462,97,59.23,57.49,66.75,1.72
Common Carp,57.3,7733,49.4,134.96,24.9,6.56,6.07,0.27,0.53,79.1,26.2,8.633,140,77.66,479.33,79.82,1.61
Silver Carp,42.3,363,54.4,8.58,25.9,8.06,7.1,0.74,0.32,71.8,29.1,0.533,147,88.3,25.98,81.06,1.8
Magur,86.4,2041,65.4,23.62,24.1,7.14,3.95,0.54,0.65,109.5,34.7,2.563,163,114.53,162.02,69.31,1.65
Gulsha,39.2,7975,50.7,203.44,26.7,7.64,3.82,0.57,0.43,170.2,28.1,10.108,122,70.87,397.87,70.4,1.87
Thai Koi,83.1,8330,30.6,100.24,29.5,8.44,5.86,1.04,0.86,93.3,27.8,5.965,221,59.61,308.47,62.12,1.64
Shing,5.4,1549,12.0,286.85,26.7,6.9,6.83,0.81,0.43,168.7,26.9,0.513,189,22.5,25.98,74.56,1.73
Common Carp,90.7,5550,50.7,61.19,31.0,6.58,6.15,0.74,0.49,99.7,25.6,5.628,125,75.06,334.72,80.35,1.56
Thai Koi,94.5,1172,33.1,12.4,25.6,6.55,6.95,0.69,0.37,96.8,30.8,0.888,101,47.81,45.61,81.4,1.39
Thai Koi,45.6,8214,75.4,180.13,28.6,7.53,6.58,0.94,0.53,119.5,31.0,11.148,105,110.72,637.62,70.11,1.62
Tilapia,55.0,9946,69.6,180.84,32.0,6.79,5.63,0.36,0.27,136.5,35.0,15.091,110,116.9,943.38,81.14,1.42
Magur,34.5,317,62.8,9.19,25.5,6.96,6.17,0.55,0.58,146.6,34.7,0.376,127,103.45,25.72,78.43,1.79
Pabda,9.5,8492,72.8,893.89,28.4,7.24,4.17,0.95,0.66,125.2,31.3,13.23,130,113.88,675.37,69.84,1.69
Tilapia,62.6,1464,73.6,23.39,24.2,6.55,6.08,0.94,0.82,96.8,26.6,1.627,126,126.5,140.01,75.6,1.48
Mrigal,33.8,1049,71.1,31.04,25.0,7.0,6.75,1.18,0.38,76.6,32.3,1.372,168,121.1,95.32,75.04,1.74
Common Carp,47.8,8968,47.8,187.62,24.9,7.23,6.09,1.05,0.83,156.5,28.0,9.559,181,75.13,404.26,60,1.65
Shing,54.6,7623,33.8,139.62,29.4,7.97,6.52,0.85,0.92,98.1,33.5,6.106,178,60.38,352.94,76.68,1.7
Shing,22.5,467,55.8,20.76,28.2,7.34,4.74,0.57,0.63,155.9,31.7,0.664,220,113.33,41.51,78.43,1.73
Pabda,40.1,7326,38.6,182.69,28.0,6.83,6.47,0.13,0.56,151.6,33.5,6.9,205,73.13,409.25,76.39,1.71
Thai Koi,58.4,661,48.5,11.32,27.5,7.13,6.63,0.27,0.89,159.8,29.0,0.606,177,93.72,53.06,85.66,1.65
Pangasius,84.7,2486,28.3,29.35,25.3,6.8,6.98,0.49,0.46,120.5,26.6,1.492,99,46.6,108.69,93.82,1.32
Magur,74.2,2273,31.3,30.63,26.5,8.01,4.56,0.61,0.21,155.3,31.3,1.231,203,60.0,113.6,83.29,1.6
Tilapia,32.5,8649,22.9,266.12,30.8,7.29,3.64,0.15,0.28,151.9,33.9,4.437,207,53.3,365.67,79.32,1.59
Magur,92.2,4518,16.0,49.0,29.3,8.0,5.53,0.52,0.75,139.6,28.8,1.504,156,27.55,94.29,75.76,1.83
Common Carp,79.0,4080,42.1,51.65,27.2,6.69,5.0,0.37,0.79,95.1,26.9,3.006,216,85.17,276.32,79.52,1.52
Shing,52.1,9658,79.3,185.37,26.2,7.43,5.48,1.17,0.35,125.0,34.5,15.547,91,104.0,684.15,68.11,1.65
Common Carp,80.0,5672,54.2,70.9,25.5,7.81,3.89,0.18,0.89,72.0,32.9,7.378,100,79.66,347.45,76.9,1.84
Silver Carp,22.8,620,42.0,27.19,27.0,6.69,4.59,0.6,0.82,123.8,27.0,0.398,162,65.1,28.2,69.86,1.99
Pangasius,6.0,6383,24.5,1063.83,25.1,6.57,3.53,0.9,0.11,108.5,31.0,3.44,91,36.56,157.5,67.49,1.73
Catla,6.9,307,16.3,44.49,28.0,7.62,6.56,0.31,0.09,94.2,28.0,0.127,231,34.67,9.62,90.38,1.81
Gulsha,99.9,5794,77.7,58.0,29.1,8.48,4.04,0.19,0.92,155.7,28.4,7.698,125,122.59,553.38,77.91,1.51
Gulsha,88.8,2067,52.1,23.28,31.0,7.02,6.11,1.0,0.76,123.2,26.2,2.498,172,88.21,139.65,76.59,1.66
Rohu,13.3,1165,28.3,87.59,26.5,6.6,5.61,0.54,0.93,171.1,28.2,0.501,234,52.91,45.8,74.31,1.81
Thai Koi,52.8,9177,56.8,173.81,25.8,8.45,4.8,0.61,0.79,111.7,33.4,9.904,112,80.65,495.53,66.95,1.75
Shing,66.9,4872,60.2,72.83,31.2,8.21,6.0,1.07,0.28,92.6,33.5,5.397,141,92.45,321.82,71.45,1.72
Pabda,66.2,659,77.4,9.95,25.6,7.14,3.61,0.2,0.99,179.1,30.4,1.331,190,139.58,70.68,76.84,1.87
Thai Koi,71.4,8216,67.8,115.07,24.6,8.05,6.43,0.45,0.05,84.2,30.5,14.65,134,118.86,912.13,93.4,1.64
Gulsha,51.9,1363,36.6,26.26,24.4,7.32,5.36,0.41,0.14,124.6,30.2,0.773,183,72.4,87.35,88.51,1.67
Mrigal,82.4,3546,54.6,43.03,24.5,7.77,6.08,1.18,0.44,121.5,28.2,3.64,98,75.01,203.02,76.33,1.86
Gulsha,21.7,8556,73.5,394.29,26.4,6.95,5.0,0.46,0.55,166.1,27.5,9.622,187,137.0,886.99,75.67,1.69
Magur,5.9,8353,61.7,1415.76,27.2,8.42,7.44,0.91,0.28,143.5,28.2,12.421,216,120.15,703.16,70.06,1.76
Gulsha,58.9,8554,15.8,145.23,24.5,7.57,7.06,0.43,0.06,110.1,31.7,3.298,199,30.8,240.62,91.34,1.65
Gulsha,31.1,927,29.5,29.81,28.9,8.49,5.38,1.11,0.68,148.1,27.0,0.492,201,49.46,27.78,60.6,1.64
Thai Koi,96.3,1494,26.8,15.51,25.0,7.69,4.58,0.99,0.91,175.3,31.6,1.053,201,53.25,60.47,76.01,1.61
Magur,26.1,5828,73.1,223.3,25.2,7.96,3.77,0.58,0.68,145.0,34.0,10.352,103,101.34,354.36,60.0,1.77
Gulsha,24.3,2996,49.7,123.29,27.4,7.66,4.47,0.18,0.6,136.2,30.4,3.216,191,96.07,238.93,83.01,1.47
Koi,67.3,5250,31.5,78.01,26.6,7.86,3.51,0.69,0.9,147.2,30.0,3.291,165,54.05,193.84,68.31,1.77
Rohu,32.5,956,24.2,29.42,31.4,6.89,4.4,0.51,0.51,81.6,29.4,0.379,222,46.63,34.73,77.89,1.93
Pabda,71.9,8858,51.8,123.2,26.9,7.65,6.12,0.71,0.47,103.0,28.3,10.37,208,106.02,780.26,83.08,1.58
Shing,92.9,5094,56.2,54.83,30.9,8.28,5.57,0.21,0.04,159.9,34.5,8.359,119,88.8,397.8,87.94,1.49
Catla,72.5,4398,55.7,60.66,24.3,7.26,3.59,0.73,0.58,156.8,30.5,3.797,178,93.48,278.43,67.72,1.81
Rohu,91.6,6763,75.2,73.83,30.5,7.99,5.49,0.17,0.79,71.9,28.5,13.732,92,104.89,587.1,82.76,1.65
Mrigal,16.9,1619,33.0,95.8,26.4,8.34,4.9,0.11,0.13,142.3,28.1,1.282,98,48.68,67.82,86.05,1.68
Catla,93.8,8033,30.3,85.64,24.5,8.23,3.82,0.91,0.26,98.9,35.0,3.724,177,48.43,270.83,69.62,1.87
Gulsha,91.9,3560,51.6,38.74,24.8,8.23,4.84,0.14,0.77,179.6,33.4,4.997,163,86.6,240.04,77.86,1.56
Pabda,53.6,3930,19.7,73.32,26.9,7.29,3.82,0.35,0.28,133.0,26.2,2.268,150,32.19,102.5,81.01,1.49
Pangasius,84.4,3937,13.3,46.65,24.8,7.48,3.65,0.31,0.03,100.1,25.3,1.33,170,27.22,92.3,86.12,1.46
Pangasius,68.7,6440,68.5,93.74,24.8,7.38,4.55,1.03,0.96,78.3,34.9,12.572,175,123.55,554.51,69.69,1.68
Mrigal,31.6,4724,27.8,149.49,25.5,7.34,5.92,0.9,0.9,127.1,29.5,2.167,139,43.1,156.1,76.66,1.66
Catla,9.3,6607,70.6,710.43,30.9,6.54,5.93,0.49,0.6,104.9,33.9,9.982,115,100.7,478.56,71.93,1.91
Magur,55.0,5241,28.8,95.29,28.4,6.75,5.82,0.21,0.88,125.1,33.7,3.124,240,60.82,247.1,77.52,1.66
Catla,28.0,7079,58.6,252.82,28.7,7.67,6.78,0.97,0.08,85.5,27.3,8.006,187,98.87,533.98,76.29,1.89
Gulsha,91.7,3358,29.7,36.62,31.4,7.21,6.84,0.42,0.6,70.6,27.6,2.284,212,57.02,155.23,81.07,1.49
Gulsha,38.6,7208,16.4,186.74,29.8,7.79,7.07,0.94,0.77,140.6,30.3,3.026,149,26.66,128.14,66.68,1.75
Gulsha,77.3,9017,77.9,116.65,30.0,8.34,6.36,0.98,0.91,120.5,25.8,10.747,125,114.85,730.52,70.54,1.6
Catla,61.3,1950,38.1,31.81,27.8,7.21,6.13,0.16,0.07,74.3,30.8,1.857,99,56.66,97.54,88.28,1.82
Catla,7.0,875,72.5,125.0,31.4,7.68,6.89,0.15,0.55,95.9,29.2,1.878,153,114.62,81.15,80.91,1.61
Koi,93.4,5575,56.9,59.69,27.1,8.21,5.77,0.94,0.66,164.5,33.3,6.44,131,95.36,386.06,72.62,1.53
Common Carp,39.4,2259,22.3,57.34,30.2,6.71,6.81,0.65,0.58,158.3,26.7,0.877,95,30.61,51.0,73.76,1.64
Thai Koi,25.7,5890,26.9,229.18,26.7,7.07,5.56,0.68,0.54,160.8,34.5,4.119,187,46.89,188.71,68.33,1.7
Pangasius,60.9,1438,45.5,23.61,29.7,8.12,6.96,0.06,0.8,152.5,31.5,1.093,217,108.5,135.56,86.89,1.49
Magur,25.7,7954,33.1,309.49,31.1,7.82,4.21,0.28,0.37,102.9,27.1,5.266,93,48.63,316.24,81.75,1.46
Rohu,47.0,6469,19.1,137.64,28.2,6.61,5.6,0.98,0.96,83.2,30.4,2.261,161,30.45,142.46,72.33,1.78
Common Carp,31.9,541,51.5,16.96,31.4,6.63,3.85,0.65,0.26,146.5,31.7,0.78,187,92.94,35.29,70.18,1.89
Tilapia,94.1,453,79.3,4.81,28.3,8.45,4.7,0.83,0.93,165.9,34.7,0.693,100,127.14,43.61,75.72,1.52
Tilapia,62.7,6155,25.8,98.17,29.7,7.37,3.7,0.11,0.75,147.8,25.2,2.588,240,64.4,308.53,77.84,1.44
Silver Carp,95.3,1590,40.9,16.68,27.6,7.74,5.27,0.76,0.35,74.7,26.9,1.496,130,65.66,85.93,82.31,1.72
Silver Carp,88.8,3614,71.1,40.7,28.1,7.3,7.42,1.09,0.34,79.9,34.0,6.372,152,116.3,311.4,74.09,1.71
Mrigal,98.0,898,32.5,9.16,26.8,6.68,3.61,0.45,0.2,131.6,34.4,0.584,172,52.71,37.95,80.17,1.68
Shing,74.4,4816,11.7,64.73,26.1,7.16,7.29,0.66,0.49,98.2,33.5,1.009,109,17.59,71.3,84.19,1.57
Common Carp,68.9,7595,20.1,110.23,27.4,8.17,4.44,1.03,0.54,155.4,31.5,3.908,237,39.42,205.79,68.73,1.82
Thai Koi,14.2,4533,30.7,319.23,26.9,7.89,7.48,1.07,0.78,128.7,25.1,3.521,238,61.6,174.51,62.5,1.57
Mrigal,85.9,4163,9.9,48.46,29.0,7.94,5.95,0.52,0.32,152.0,26.6,0.672,169,17.09,58.68,82.47,1.78
Pangasius,46.5,4477,15.2,96.28,24.3,7.65,6.16,0.26,0.76,142.2,27.1,1.735,234,36.24,139.28,85.85,1.6
Common Carp,38.9,6942,35.0,178.46,29.2,6.79,6.61,0.11,0.52,120.3,26.6,6.755,225,65.31,333.61,73.58,1.62
Shing,48.1,9379,5.7,194.99,26.5,7.84,4.15,0.94,0.64,87.7,30.7,1.117,205,10.16,64.09,67.23,1.76
Thai Koi,70.4,5008,46.7,71.14,27.9,8.3,7.47,0.63,0.69,71.6,28.6,3.648,212,92.23,327.76,70.96,1.62
Koi,5.9,6753,48.3,1144.58,27.1,7.36,6.05,0.93,0.25,115.3,29.5,5.382,114,76.86,401.27,77.31,1.56
Thai Koi,16.8,2588,63.8,154.05,30.0,6.51,7.41,0.5,0.84,109.2,25.9,2.477,134,105.78,195.38,71.37,1.61
Tilapia,57.8,7044,43.7,121.87,25.3,6.87,7.49,0.52,0.48,97.5,29.4,8.958,201,100.54,626.46,88.46,1.36
Gulsha,66.0,9172,20.2,138.97,30.0,7.92,5.82,0.85,0.63,88.6,34.7,4.02,179,35.03,246.9,76.84,1.62
Silver Carp,92.7,5046,33.3,54.43,31.8,6.64,6.08,1.1,0.57,74.5,29.8,4.94,160,50.65,159.59,62.44,1.73
Rohu,67.4,1321,63.0,19.6,31.4,7.5,6.25,0.24,0.46,155.0,26.7,1.273,136,98.59,117.69,90.37,1.52
Mrigal,92.8,5538,40.1,59.68,25.4,7.37,5.2,0.46,0.93,145.9,29.6,5.552,113,60.33,279.22,83.57,1.62
Common Carp,31.0,8225,11.6,265.32,24.2,8.23,6.37,0.34,0.4,90.3,29.9,1.612,117,18.27,116.17,77.29,1.57
Thai Koi,80.3,1573,66.3,19.59,30.7,8.2,6.82,0.1,0.72,151.8,31.5,1.95,182,137.09,181.44,84.14,1.42
Shing,9.3,5176,19.0,556.56,25.4,6.73,4.58,0.32,0.36,111.5,27.0,1.633,212,39.77,163.43,79.4,1.62
Thai Koi,67.9,3753,34.8,55.27,28.5,7.95,7.19,1.01,0.67,151.5,25.7,3.827,162,61.38,153.66,66.7,1.74
Pabda,17.3,9373,11.9,541.79,30.7,7.23,7.21,0.28,0.24,163.9,28.2,1.718,173,21.46,167.72,83.4,1.51
Gulsha,11.3,7363,35.1,651.59,28.2,8.05,6.08,0.4,0.98,122.4,27.8,5.091,185,63.62,348.94,74.49,1.82
Magur,61.0,320,19.5,5.25,25.2,6.72,4.76,0.62,0.76,100.2,29.6,0.187,182,35.73,8.39,73.38,1.69
Magur,10.7,6435,28.2,601.4,26.7,7.32,4.88,0.52,0.32,177.5,26.7,4.646,190,53.26,266.48,77.75,1.79
Shing,64.0,3050,76.6,47.66,25.3,7.38,3.73,0.51,0.18,162.4,31.2,4.603,201,143.28,339.12,77.6,1.65
Pangasius,19.9,7466,15.5,375.18,24.3,6.94,3.5,1.02,0.73,148.9,30.8,2.187,203,27.86,124.81,60,1.73
Pangasius,65.3,7581,31.9,116.09,25.8,7.62,3.75,1.18,0.87,102.5,27.6,6.82,173,58.88,275.14,61.64,1.67
Tilapia,77.0,3547,32.0,46.06,29.9,7.98,7.45,0.46,0.82,107.2,34.2,1.975,107,53.99,165.91,86.64,1.24
Silver Carp,7.4,4422,27.3,597.57,30.1,6.53,5.37,0.61,0.37,99.5,31.7,2.487,197,49.11,158.41,72.94,1.89
Gulsha,86.1,4096,29.7,47.57,25.2,6.75,4.3,0.84,0.34,101.0,27.7,2.202,164,52.31,170.78,79.7,1.56
Common Carp,38.1,7394,70.9,194.07,29.4,6.72,3.61,0.49,0.62,168.5,28.4,9.122,234,133.04,639.02,64.96,1.67
Mrigal,90.2,7364,47.5,81.64,30.1,6.93,6.99,0.24,0.71,156.8,25.8,7.8,144,73.59,443.64,81.86,1.72
Mrigal,23.5,4597,36.2,195.62,31.1,6.89,5.19,1.13,0.36,94.5,31.0,3.744,161,58.21,180.61,67.5,1.91
Gulsha,97.0,712,48.6,7.34,27.3,7.01,7.21,0.46,0.93,70.1,32.4,0.976,176,83.64,48.62,81.65,1.65
Gulsha,23.5,7344,47.6,312.51,30.7,7.8,6.03,0.47,0.71,144.3,29.6,7.411,144,78.45,429.46,74.54,1.77
Catla,80.0,2882,47.9,36.02,29.3,6.96,4.31,0.06,0.22,148.6,27.1,3.217,146,78.03,201.3,89.51,1.76
Pangasius,75.1,5255,31.6,69.97,25.3,7.71,5.32,0.31,0.99,126.6,27.5,3.786,112,51.71,236.43,87.01,1.46
Pabda,47.9,7151,65.8,149.29,26.2,7.95,5.48,1.1,0.24,78.3,33.8,12.234,186,120.85,646.08,74.76,1.83
Common Carp,49.1,5789,5.6,117.9,29.6,7.59,4.71,0.13,0.21,78.1,31.5,0.635,101,8.74,46.38,91.66,1.62
Catla,62.8,5679,9.3,90.43,31.6,6.61,3.76,0.06,0.24,169.4,26.0,1.199,189,17.04,75.35,77.85,1.59
Silver Carp,17.2,6911,61.8,401.8,27.7,6.7,4.92,0.67,0.03,166.0,31.3,12.642,127,92.83,460.4,71.76,1.75
Magur,49.2,8020,15.1,163.01,24.1,7.67,3.62,0.48,0.46,131.5,34.6,2.616,106,21.38,133.82,78.06,1.59
Pabda,76.1,3460,46.8,45.47,25.6,7.11,3.77,0.65,0.75,171.5,26.2,2.85,149,71.61,167.67,67.67,1.77
Common Carp,93.1,1677,63.6,18.01,27.8,8.07,5.53,0.27,0.68,155.5,27.0,2.08,136,98.84,138.52,83.57,1.58
Common Carp,62.4,9078,72.8,145.48,30.7,7.41,7.02,0.32,0.39,153.2,27.8,15.861,145,123.95,1015.38,90.24,1.66
Silver Carp,51.9,7793,45.2,150.15,28.0,6.8,5.81,0.15,0.61,117.7,26.1,6.199,100,63.42,377.07,76.3,1.97
Pabda,64.5,5189,60.2,80.45,31.9,8.07,5.15,0.86,0.51,155.8,25.1,5.904,117,93.73,376.12,77.33,1.89
Pabda,55.3,1030,29.4,18.63,28.7,8.32,5.93,0.13,0.09,172.7,29.4,0.727,193,56.35,49.83,85.85,1.65
Rohu,54.8,6675,21.9,121.81,25.0,6.75,6.37,0.52,0.31,124.8,29.1,3.406,94,29.45,155.47,79.1,1.55
Tilapia,14.1,4060,19.1,287.94,30.5,7.87,5.31,0.36,0.76,122.6,28.4,2.311,101,29.23,91.87,77.41,1.41
Mrigal,10.5,9470,64.6,901.9,29.8,7.4,4.27,0.94,0.91,118.2,34.3,13.703,223,110.3,728.7,69.76,1.84
Koi,48.3,2404,61.7,49.77,27.9,8.49,7.04,0.85,0.39,94.9,25.8,3.13,141,100.66,197.37,81.56,1.58
Catla,29.4,3184,75.1,108.3,24.8,6.83,6.3,0.14,0.87,121.4,31.8,5.308,153,126.64,333.1,82.61,1.84
Tilapia,78.1,3336,19.0,42.71,28.8,8.37,4.58,0.4,0.09,178.9,30.6,1.401,212,47.35,139.65,88.41,1.38
Common Carp,58.8,4692,27.6,79.8,28.1,8.32,4.58,0.47,0.31,85.0,33.0,2.603,170,47.54,196.9,88.27,1.49
Gulsha,96.4,7498,66.7,77.78,24.7,8.38,6.53,0.28,0.81,172.6,33.1,7.802,164,119.2,708.83,79.31,1.67
Shing,38.3,8715,56.7,227.55,31.9,7.01,7.39,0.88,0.73,170.7,26.0,11.513,151,92.59,549.59,68.11,1.56
Silver Carp,15.0,3380,67.5,225.33,30.8,7.28,4.41,0.57,0.39,73.9,29.7,4.13,160,109.41,279.68,75.63,1.92
Gulsha,75.2,7256,48.8,96.49,29.7,7.67,4.21,0.69,0.41,136.4,31.0,7.082,106,75.57,448.27,81.75,1.55
Tilapia,32.1,769,76.1,23.96,29.0,7.21,6.46,0.53,0.68,89.7,31.8,1.685,222,171.15,106.51,80.93,1.43
Koi,29.9,8510,65.4,284.62,24.4,7.34,4.76,1.02,0.53,102.8,27.3,16.585,140,102.06,544.39,62.68,1.5
Magur,83.4,307,5.6,3.68,26.3,7.12,5.48,0.45,0.81,87.9,32.7,0.027,230,12.4,3.25,85.48,1.43
Magur,7.6,674,26.9,88.68,28.3,6.63,7.42,0.73,0.64,101.4,31.4,0.372,210,53.58,25.76,71.35,1.85
Rohu,82.0,4020,34.8,49.02,28.3,7.65,4.89,0.63,0.77,103.2,34.1,2.812,163,55.34,172.82,77.69,1.78
Pangasius,83.8,1054,57.2,12.58,30.4,6.84,4.38,0.1,0.06,174.5,28.8,1.803,180,121.44,118.06,92.24,1.49
Magur,39.5,1049,22.0,26.56,27.5,8.02,6.07,0.21,0.07,78.9,33.1,0.598,207,48.67,47.22,92.48,1.59
Tilapia,52.4,8860,54.1,169.08,31.6,7.29,3.65,0.69,0.55,115.2,27.4,11.743,237,120.26,700.15,65.71,1.62
Rohu,78.7,3159,54.0,40.14,25.3,6.9,5.42,1.07,0.9,87.8,29.2,3.207,141,83.74,178.29,67.4,1.76
Gulsha,87.7,3624,43.5,41.32,24.9,6.57,7.43,0.31,0.88,172.8,32.5,3.736,228,87.77,245.52,77.19,1.54
Silver Carp,89.2,7508,62.7,84.17,25.3,8.17,4.76,0.08,0.28,114.0,25.3,7.485,239,128.36,854.64,88.68,1.68
Shing,36.1,4195,72.0,116.2,27.0,7.11,6.25,1.11,0.04,172.2,26.3,4.591,130,113.91,358.74,75.07,1.56
Gulsha,66.3,9204,79.9,138.82,26.6,7.97,4.0,0.16,0.61,75.0,33.6,13.017,147,138.08,1030.69,81.1,1.66
Rohu,5.3,7117,78.1,1342.83,29.6,8.13,6.83,0.88,0.54,74.5,28.9,13.674,139,110.23,534.74,68.16,1.87
Pabda,56.6,9458,62.5,167.1,24.6,8.34,3.83,0.6,0.2,158.0,27.1,14.069,116,84.8,498.44,62.15,1.81
Shing,30.2,1242,14.8,41.13,28.3,7.85,4.62,0.72,0.72,106.7,33.9,0.404,180,26.14,24.23,74.64,1.76
Koi,22.5,2761,42.2,122.71,26.2,8.25,6.02,1.07,0.06,164.5,25.2,3.274,170,72.79,142.68,71.0,1.78
Gulsha,76.2,5690,45.8,74.67,27.5,8.24,5.15,0.54,0.54,96.7,32.4,5.394,193,83.06,342.63,72.5,1.71
Thai Koi,24.2,5563,58.2,229.88,29.7,6.75,5.89,0.17,0.83,103.6,31.1,8.936,134,98.19,389.73,71.35,1.69
Magur,52.0,713,45.9,13.71,26.2,8.17,4.61,0.05,0.84,150.0,33.0,0.53,234,98.73,60.09,85.37,1.48
Common Carp,94.4,4718,46.7,49.98,30.6,7.27,4.58,0.19,0.6,172.7,27.8,5.046,99,66.4,266.52,85.07,1.61
Silver Carp,27.8,3497,8.1,125.79,25.0,8.11,5.88,0.1,0.8,174.4,29.2,0.462,118,12.62,35.65,80.81,1.73
Pabda,32.4,4460,40.2,137.65,29.3,7.75,4.81,0.37,0.26,157.4,27.6,3.675,178,76.81,310.25,90.56,1.69
